CustomerID,PurchaseDate,TransactionAmount,ProductInformation,OrderID,Location
2527,2022-06-01,608.23,Product D,891731,London
6850,2022-06-01,1444.71,Product A,896544,New York
7170,2022-06-01,365.51,Product B,894708,New York
7821,2022-06-01,800.34,Product C,893526,Paris
3521,2022-06-01,556.61,Product A,895554,New York
2041,2022-06-01,1551.31,Product C,894053,Tokyo
5033,2022-06-01,461.63,Product D,894732,Tokyo
3662,2022-06-01,1050.47,Product B,893361,Tokyo
5059,2022-06-01,1414.86,Product A,892130,Paris
2527,2022-06-01,1173.13,Product C,891730,New York
5670,2022-06-01,799.29,Product B,890086,London
6077,2022-06-01,640.83,Product B,890707,Paris
3926,2022-06-01,542.97,Product B,897265,New York
9148,2022-06-01,271.33,Product B,890091,Paris
1643,2022-06-01,688.06,Product B,894478,Tokyo
4559,2022-06-01,703.72,Product D,890716,London
9175,2022-06-01,335.13,Product A,895941,New York
8715,2022-06-01,404.02,Product A,894077,New York
6210,2022-06-01,1105.72,Product C,896611,New York
6071,2022-06-01,715.92,Product A,895724,Paris
2658,2022-06-01,1252.81,Product C,895899,London
7209,2022-06-01,304.12,Product D,892783,Tokyo
3262,2022-06-01,196.33,Product D,894275,London
6517,2022-06-01,788.15,Product C,897332,New York
4814,2022-06-01,585.82,Product D,890662,Tokyo
4765,2022-06-01,764.36,Product A,893213,Tokyo
1749,2022-06-01,319.08,Product A,892383,New York
5059,2022-06-02,1371.92,Product B,892141,Paris
3871,2022-06-02,1007.97,Product B,895034,Paris
7022,2022-06-02,1202.24,Product A,897369,Tokyo
8490,2022-06-02,609.5,Product C,890854,Paris
7431,2022-06-02,246.0,Product A,894711,New York
3203,2022-06-02,1030.83,Product D,897426,New York
2228,2022-06-02,448.83,Product D,890158,Tokyo
5622,2022-06-02,190.79,Product B,892101,New York
8982,2022-06-02,1125.06,Product D,895222,Paris
3363,2022-06-02,373.03,Product C,891437,New York
1990,2022-06-02,1355.76,Product A,897695,Paris
5477,2022-06-02,406.41,Product C,895533,Paris
8178,2022-06-02,328.56,Product D,891323,New York
5334,2022-06-02,1399.36,Product B,896451,New York
2153,2022-06-02,529.01,Product B,896846,Paris
4675,2022-06-02,623.52,Product B,895914,Tokyo
5819,2022-06-02,1398.49,Product D,893652,New York
9751,2022-06-02,488.35,Product A,895756,Paris
5469,2022-06-02,1789.08,Product B,893606,Paris
6885,2022-06-02,260.88,Product B,896114,Paris
2489,2022-06-02,345.39,Product C,896123,Tokyo
6776,2022-06-02,342.09,Product D,894893,Tokyo
1828,2022-06-02,412.3,Product A,895160,London
9761,2022-06-03,1542.31,Product D,894959,London
8195,2022-06-03,755.11,Product A,890860,London
5254,2022-06-03,456.8,Product A,891378,London
2124,2022-06-03,1195.24,Product D,896354,Tokyo
1753,2022-06-03,1359.79,Product D,890532,Tokyo
3832,2022-06-03,293.88,Product D,894081,Paris
8640,2022-06-03,340.9,Product B,895654,Paris
6277,2022-06-03,1730.9,Product B,894782,New York
9510,2022-06-03,1700.72,Product C,895481,Paris
8369,2022-06-03,368.21,Product B,896933,Tokyo
5067,2022-06-03,734.73,Product A,892359,Tokyo
8612,2022-06-03,677.94,Product B,895606,Paris
4792,2022-06-03,929.15,Product A,892301,Paris
4755,2022-06-03,351.39,Product C,891417,Tokyo
5762,2022-06-03,739.97,Product B,895278,Tokyo
9288,2022-06-03,302.18,Product C,892004,New York
1514,2022-06-03,584.71,Product A,897147,Paris
8579,2022-06-03,1802.58,Product B,891740,London
9673,2022-06-03,695.56,Product B,895806,Paris
3521,2022-06-03,409.97,Product D,895545,New York
4257,2022-06-03,127.88,Product B,895672,London
5011,2022-06-04,322.53,Product C,893966,Tokyo
5582,2022-06-04,710.59,Product A,896658,Paris
7708,2022-06-04,645.91,Product D,896726,Tokyo
2419,2022-06-04,195.24,Product C,892051,Tokyo
4974,2022-06-04,166.15,Product A,893769,London
3578,2022-06-04,661.01,Product A,893027,New York
1464,2022-06-04,846.06,Product A,890661,New York
7807,2022-06-04,1147.32,Product B,896776,New York
2556,2022-06-04,149.33,Product D,896968,Paris
5334,2022-06-04,748.34,Product A,896445,Paris
7135,2022-06-04,155.37,Product C,897439,Tokyo
6210,2022-06-04,947.46,Product A,896599,Paris
9482,2022-06-04,542.86,Product A,890037,New York
9821,2022-06-04,558.01,Product A,891348,Paris
6478,2022-06-04,238.87,Product D,892787,Paris
5938,2022-06-04,540.31,Product C,897648,New York
3695,2022-06-04,834.13,Product D,891930,Paris
2824,2022-06-04,391.65,Product C,890111,Paris
5221,2022-06-05,786.28,Product C,897325,New York
4275,2022-06-05,1094.25,Product C,892177,Tokyo
6210,2022-06-05,1420.29,Product C,896607,New York
4510,2022-06-05,508.79,Product B,894379,New York
2747,2022-06-05,860.23,Product C,891825,New York
4675,2022-06-05,886.73,Product D,895924,Paris
7955,2022-06-05,449.64,Product C,890616,Tokyo
2502,2022-06-05,778.56,Product C,897582,London
9907,2022-06-05,231.43,Product D,896471,Tokyo
2747,2022-06-05,707.28,Product C,891834,New York
8803,2022-06-05,486.78,Product C,892469,Paris
1711,2022-06-05,369.31,Product A,895744,London
8579,2022-06-05,1060.43,Product A,891747,London
6431,2022-06-05,257.51,Product A,895542,New York
6439,2022-06-05,489.6,Product A,894448,New York
5512,2022-06-05,675.0,Product B,893324,Paris
2869,2022-06-05,368.66,Product A,896743,New York
9835,2022-06-05,114.15,Product D,891018,London
8149,2022-06-06,265.71,Product D,894847,London
4232,2022-06-06,1059.02,Product B,893682,Tokyo
6939,2022-06-06,411.21,Product B,894509,Tokyo
4559,2022-06-06,420.55,Product B,890721,London
7708,2022-06-06,1385.39,Product B,896736,Tokyo
1659,2022-06-06,268.78,Product B,896167,London
3509,2022-06-06,915.95,Product A,893913,Paris
5747,2022-06-06,485.21,Product B,896489,Tokyo
9210,2022-06-06,498.03,Product B,894152,London
4614,2022-06-06,960.37,Product A,891995,Tokyo
2296,2022-06-06,903.7,Product A,891267,Tokyo
4617,2022-06-06,1182.24,Product C,894923,Tokyo
8542,2022-06-06,1049.08,Product C,892901,Paris
9740,2022-06-07,1293.5,Product A,890642,London
7862,2022-06-07,1151.77,Product B,896890,Tokyo
9426,2022-06-07,1727.75,Product B,896634,London
9761,2022-06-07,1446.94,Product D,894949,Paris
9008,2022-06-07,920.65,Product B,890682,Paris
2975,2022-06-07,578.17,Product A,897118,Tokyo
4863,2022-06-07,444.8,Product B,894518,New York
8657,2022-06-07,999.13,Product B,896565,Tokyo
2526,2022-06-07,808.68,Product C,893989,Paris
4022,2022-06-07,538.38,Product A,891305,Paris
8324,2022-06-07,1013.95,Product A,892584,New York
8598,2022-06-07,691.93,Product C,897064,New York
2344,2022-06-07,774.73,Product D,892159,Paris
2655,2022-06-07,531.44,Product B,892684,New York
8195,2022-06-07,880.91,Product B,890880,London
9747,2022-06-07,1378.73,Product D,892336,Paris
3287,2022-06-07,767.47,Product A,891777,Paris
8622,2022-06-07,281.57,Product D,897392,Tokyo
8982,2022-06-08,1240.24,Product B,895245,New York
3131,2022-06-08,1707.81,Product A,891232,New York
2293,2022-06-08,224.99,Product C,894911,New York
8324,2022-06-08,1659.34,Product B,892563,New York
8135,2022-06-08,1704.85,Product B,891377,London
8622,2022-06-08,388.44,Product B,897386,London
2791,2022-06-08,723.43,Product C,895418,Tokyo
7461,2022-06-08,400.34,Product B,890491,London
5067,2022-06-08,749.38,Product B,892357,London
5349,2022-06-08,634.32,Product B,890243,London
9761,2022-06-08,1411.67,Product B,894965,Paris
3148,2022-06-08,169.26,Product B,894661,London
8609,2022-06-08,913.93,Product D,891566,New York
5819,2022-06-08,1113.69,Product D,893658,New York
6706,2022-06-08,160.78,Product A,894065,New York
2041,2022-06-08,931.24,Product B,894035,Tokyo
7484,2022-06-08,668.74,Product A,890986,London
4371,2022-06-08,772.34,Product C,892189,New York
8269,2022-06-08,1291.66,Product A,891133,Paris
9950,2022-06-08,474.68,Product A,892873,New York
2041,2022-06-09,809.66,Product D,894036,London
2444,2022-06-09,297.81,Product D,890507,London
2658,2022-06-09,1217.0,Product A,895889,London
2425,2022-06-09,654.23,Product B,893112,New York
7418,2022-06-09,985.34,Product B,892320,Tokyo
4863,2022-06-09,926.8,Product C,894521,Tokyo
3280,2022-06-09,516.16,Product A,895055,Tokyo
7429,2022-06-09,131.47,Product D,890497,Tokyo
9680,2022-06-09,549.0,Product A,891879,New York
3417,2022-06-09,431.21,Product C,895187,Tokyo
6644,2022-06-09,1081.09,Product C,895517,Paris
6730,2022-06-09,651.16,Product A,892821,Paris
8529,2022-06-09,142.33,Product B,890141,Paris
3747,2022-06-09,563.59,Product C,895734,London
9689,2022-06-09,1148.09,Product A,896048,Paris
1200,2022-06-09,725.92,Product C,893756,Tokyo
5349,2022-06-09,529.01,Product A,890244,New York
9821,2022-06-09,978.41,Product A,891347,London
6898,2022-06-09,876.86,Product B,893713,Tokyo
8273,2022-06-09,1145.39,Product B,896233,Paris
8324,2022-06-09,1937.81,Product D,892570,Paris
8269,2022-06-10,1231.67,Product D,891141,New York
6939,2022-06-10,607.22,Product B,894512,New York
1372,2022-06-10,624.86,Product D,892455,Paris
7275,2022-06-10,1230.33,Product D,895152,Paris
5051,2022-06-10,826.62,Product D,891460,London
8657,2022-06-10,774.37,Product C,896576,Paris
5087,2022-06-10,1121.96,Product A,890281,Tokyo
9369,2022-06-10,323.41,Product A,890930,Paris
2404,2022-06-10,1652.25,Product B,896317,London
9128,2022-06-10,712.64,Product A,890120,London
8342,2022-06-10,762.72,Product A,896425,London
2527,2022-06-10,765.12,Product A,891725,New York
6818,2022-06-10,249.2,Product C,896771,Paris
8126,2022-06-10,302.92,Product D,894307,London
7797,2022-06-10,679.52,Product D,890417,London
7862,2022-06-10,856.72,Product A,896877,Tokyo
4770,2022-06-10,333.87,Product C,894833,Tokyo
6688,2022-06-10,627.16,Product D,894368,New York
2848,2022-06-10,1126.07,Product B,890331,Tokyo
8780,2022-06-10,268.35,Product D,896750,Paris
8848,2022-06-10,242.7,Product B,891522,Paris
9797,2022-06-10,279.04,Product C,896255,Tokyo
3972,2022-06-10,214.93,Product C,897110,Tokyo
4559,2022-06-11,442.71,Product A,890727,London
6614,2022-06-11,687.87,Product A,893504,London
5059,2022-06-11,1340.6,Product A,892128,New York
2294,2022-06-11,295.24,Product D,892943,Paris
2336,2022-06-11,356.73,Product B,892118,New York
2824,2022-06-11,371.75,Product D,890110,Paris
9689,2022-06-11,1188.9,Product B,896035,Paris
4291,2022-06-11,448.98,Product A,891535,London
5920,2022-06-11,1804.78,Product B,891632,Tokyo
9210,2022-06-11,455.6,Product D,894149,London
9444,2022-06-11,332.5,Product D,893304,Paris
6876,2022-06-11,1142.18,Product A,896685,London
2522,2022-06-11,164.13,Product C,893035,London
9751,2022-06-11,801.82,Product A,895757,Paris
7224,2022-06-11,540.3,Product C,890758,Paris
3384,2022-06-11,799.1,Product B,895871,London
9747,2022-06-11,903.08,Product C,892337,New York
8273,2022-06-11,1489.02,Product D,896242,Paris
7557,2022-06-11,1362.99,Product C,893804,New York
6614,2022-06-11,911.6,Product D,893507,Tokyo
7342,2022-06-11,293.9,Product C,896763,New York
5923,2022-06-12,379.39,Product B,895947,Paris
2035,2022-06-12,1233.78,Product C,895017,Paris
2940,2022-06-12,1290.0,Product B,894596,New York
1920,2022-06-12,399.88,Product B,891713,Paris
8640,2022-06-12,210.86,Product B,895653,Tokyo
3131,2022-06-12,1327.18,Product C,891228,New York
9689,2022-06-12,1315.59,Product C,896036,London
5813,2022-06-12,111.27,Product B,890810,New York
5564,2022-06-12,288.73,Product C,897095,Tokyo
3555,2022-06-12,592.43,Product A,896187,London
8609,2022-06-12,1041.22,Product B,891562,London
7018,2022-06-12,451.11,Product B,897516,New York
2342,2022-06-12,500.37,Product B,894063,Paris
6399,2022-06-12,885.27,Product D,893701,New York
7445,2022-06-12,556.65,Product B,896069,Paris
6829,2022-06-12,1454.22,Product D,894501,New York
8770,2022-06-12,1501.67,Product A,890567,London
4232,2022-06-12,1272.35,Product C,893677,Tokyo
6077,2022-06-12,531.81,Product B,890709,Paris
5347,2022-06-12,369.16,Product D,890472,Paris
7049,2022-06-12,387.84,Product C,894718,London
4675,2022-06-12,810.93,Product A,895922,Tokyo
1120,2022-06-12,1315.81,Product A,894238,Tokyo
8598,2022-06-12,956.03,Product B,897051,New York
7296,2022-06-12,373.74,Product C,897482,London
5735,2022-06-12,191.02,Product B,895676,Paris
7883,2022-06-12,1635.97,Product D,893188,New York
6544,2022-06-13,211.07,Product B,897505,New York
3662,2022-06-13,759.94,Product C,893349,Tokyo
5470,2022-06-13,452.25,Product B,891421,Paris
9409,2022-06-13,162.98,Product D,890079,Tokyo
2557,2022-06-13,206.3,Product B,892560,New York
6876,2022-06-13,1349.31,Product B,896669,London
8199,2022-06-13,999.81,Product D,894321,Paris
2417,2022-06-13,982.2,Product B,892252,Paris
2438,2022-06-13,472.12,Product D,895789,Tokyo
7529,2022-06-13,320.86,Product D,894264,London
5903,2022-06-13,788.63,Product A,892503,Paris
1920,2022-06-13,590.54,Product C,891714,Paris
8770,2022-06-13,1157.6,Product C,890562,Tokyo
2229,2022-06-13,510.16,Product C,895261,Paris
8244,2022-06-13,134.83,Product C,895506,London
5694,2022-06-13,814.57,Product D,893786,Paris
9393,2022-06-13,200.45,Product C,892483,Tokyo
9084,2022-06-13,114.97,Product B,891819,Tokyo
2669,2022-06-13,805.69,Product A,895562,New York
7291,2022-06-13,457.45,Product D,892802,Paris
1990,2022-06-14,1763.43,Product B,897694,Paris
8429,2022-06-14,1193.47,Product A,891036,London
8532,2022-06-14,302.69,Product C,897457,Tokyo
5382,2022-06-14,116.37,Product B,894854,Paris
3871,2022-06-14,1572.45,Product B,895032,Tokyo
9426,2022-06-14,1830.76,Product D,896627,London
1193,2022-06-14,989.65,Product C,895407,Paris
1653,2022-06-14,263.36,Product B,895384,London
5060,2022-06-14,288.53,Product D,895338,New York
5920,2022-06-14,1075.41,Product B,891627,Tokyo
1753,2022-06-14,674.38,Product A,890535,Tokyo
9674,2022-06-14,939.54,Product D,892837,Tokyo
6323,2022-06-14,376.78,Product C,897099,Tokyo
9508,2022-06-14,612.56,Product C,893929,Paris
7753,2022-06-14,1675.78,Product B,892021,New York
4257,2022-06-14,232.95,Product A,895673,Tokyo
1305,2022-06-14,487.73,Product A,897069,Tokyo
9465,2022-06-14,1263.78,Product C,891948,Paris
1990,2022-06-14,1530.55,Product D,897692,Tokyo
2344,2022-06-14,849.28,Product D,892155,New York
4617,2022-06-14,835.38,Product B,894919,London
4729,2022-06-15,434.46,Product D,897463,London
5334,2022-06-15,1210.06,Product C,896447,Paris
2753,2022-06-15,377.58,Product B,896089,Paris
5543,2022-06-15,518.48,Product D,896401,Tokyo
8982,2022-06-15,1285.3,Product D,895228,New York
1653,2022-06-15,276.82,Product D,895386,Tokyo
1230,2022-06-15,1021.46,Product B,897404,New York
4401,2022-06-15,457.2,Product C,890386,Paris
7670,2022-06-15,1202.57,Product C,894204,Tokyo
6420,2022-06-15,1032.67,Product C,892857,New York
8135,2022-06-15,1422.68,Product A,891362,London
6986,2022-06-15,378.88,Product C,894356,Paris
9328,2022-06-15,667.97,Product C,893262,Paris
7418,2022-06-15,734.91,Product D,892321,Tokyo
5087,2022-06-15,862.89,Product C,890264,Tokyo
2669,2022-06-15,429.86,Product A,895561,London
2404,2022-06-15,1949.98,Product C,896322,London
2691,2022-06-15,613.69,Product B,895637,Tokyo
5923,2022-06-15,403.68,Product B,895948,Tokyo
7939,2022-06-16,586.55,Product D,892963,Tokyo
3267,2022-06-16,698.93,Product B,897201,Paris
3213,2022-06-16,316.17,Product D,897552,Paris
8879,2022-06-16,1060.66,Product C,894536,New York
9535,2022-06-16,282.26,Product C,893603,Paris
7242,2022-06-16,137.74,Product C,896746,Tokyo
5350,2022-06-16,258.96,Product A,895089,Tokyo
3399,2022-06-16,1232.86,Product B,892268,London
9740,2022-06-16,962.66,Product D,890645,New York
7018,2022-06-16,515.15,Product A,897511,Paris
3417,2022-06-16,586.13,Product C,895185,London
3399,2022-06-16,989.28,Product C,892281,Paris
8657,2022-06-16,829.59,Product C,896574,Paris
4150,2022-06-16,549.74,Product C,891794,New York
4913,2022-06-16,404.32,Product D,897071,Tokyo
7334,2022-06-16,481.42,Product B,892721,Tokyo
5819,2022-06-16,1103.04,Product B,893654,Tokyo
5819,2022-06-16,1181.73,Product B,893648,New York
3709,2022-06-16,1249.69,Product D,890527,New York
6420,2022-06-16,840.24,Product C,892855,Paris
6267,2022-06-16,605.18,Product D,894871,New York
3871,2022-06-16,862.24,Product B,895028,Tokyo
7286,2022-06-17,233.0,Product A,893554,New York
7862,2022-06-17,853.81,Product B,896893,Tokyo
6236,2022-06-17,1678.1,Product B,895443,Tokyo
7824,2022-06-17,494.24,Product B,894741,Paris
7708,2022-06-17,1184.71,Product B,896719,Tokyo
6939,2022-06-17,349.1,Product B,894510,New York
8796,2022-06-17,656.51,Product B,894666,Tokyo
1166,2022-06-17,206.78,Product B,894329,Tokyo
7116,2022-06-17,339.38,Product A,895508,New York
1372,2022-06-17,500.41,Product C,892458,Tokyo
4630,2022-06-17,313.34,Product D,892745,Paris
5543,2022-06-17,502.43,Product C,896407,Tokyo
2582,2022-06-17,793.44,Product A,896101,Paris
6598,2022-06-17,1598.8,Product B,897575,Tokyo
6327,2022-06-17,340.78,Product A,897222,Paris
6267,2022-06-17,412.93,Product A,894869,Paris
1136,2022-06-17,601.08,Product C,890592,Paris
4923,2022-06-17,342.15,Product D,890474,New York
5861,2022-06-17,1108.85,Product A,891496,Paris
2843,2022-06-17,1019.45,Product C,893402,London
9266,2022-06-17,1572.45,Product D,895095,Paris
5033,2022-06-18,657.5,Product A,894733,Paris
6236,2022-06-18,773.69,Product B,895432,Tokyo
2617,2022-06-18,978.12,Product B,890217,New York
8429,2022-06-18,1109.21,Product C,891040,Tokyo
9622,2022-06-18,528.92,Product C,897229,Paris
2041,2022-06-18,750.53,Product A,894045,London
8094,2022-06-18,1547.33,Product D,892620,Paris
2075,2022-06-18,1372.24,Product A,892413,London
8982,2022-06-18,1027.37,Product C,895244,Paris
2655,2022-06-18,589.87,Product D,892681,Paris
4614,2022-06-18,959.05,Product D,891991,London
6447,2022-06-18,192.91,Product B,890983,London
3267,2022-06-18,621.56,Product D,897189,London
1182,2022-06-18,656.05,Product D,894626,Tokyo
6432,2022-06-18,533.41,Product A,896417,Tokyo
6236,2022-06-19,822.17,Product A,895438,London
7025,2022-06-19,237.28,Product D,896181,Tokyo
2557,2022-06-19,335.87,Product A,892558,Paris
4164,2022-06-19,683.52,Product C,891333,New York
5521,2022-06-19,151.85,Product A,893397,London
6549,2022-06-19,394.33,Product A,896641,London
5114,2022-06-19,335.39,Product D,897432,New York
6570,2022-06-19,603.17,Product A,897611,Paris
5438,2022-06-19,1433.9,Product B,892430,London
8199,2022-06-19,863.28,Product D,894311,New York
9864,2022-06-19,212.78,Product C,890194,New York
5494,2022-06-19,505.1,Product B,890199,Tokyo
4762,2022-06-20,737.13,Product A,891867,Tokyo
1166,2022-06-20,358.12,Product D,894331,Tokyo
1507,2022-06-20,138.33,Product A,893592,Tokyo
3406,2022-06-20,860.47,Product A,890441,London
2296,2022-06-20,1449.61,Product C,891275,Tokyo
2843,2022-06-20,974.43,Product C,893411,London
6293,2022-06-20,575.65,Product D,891113,Tokyo
2075,2022-06-20,1404.61,Product A,892406,London
4683,2022-06-20,365.65,Product C,894374,New York
1711,2022-06-20,707.3,Product A,895742,London
9004,2022-06-20,1263.69,Product B,894563,London
8105,2022-06-20,143.1,Product B,897307,Tokyo
7224,2022-06-20,569.07,Product C,890756,Tokyo
4858,2022-06-20,348.85,Product C,893727,New York
9475,2022-06-20,171.76,Product C,896223,Paris
7653,2022-06-20,119.97,Product B,894532,New York
3937,2022-06-20,484.9,Product C,890801,New York
9538,2022-06-20,933.54,Product D,895358,Tokyo
5803,2022-06-20,411.95,Product A,896774,Tokyo
4532,2022-06-20,571.71,Product D,893867,New York
6293,2022-06-20,470.52,Product B,891108,Tokyo
9689,2022-06-20,1498.33,Product C,896043,Paris
5040,2022-06-20,485.47,Product A,895846,Paris
6986,2022-06-20,422.65,Product A,894353,New York
8244,2022-06-20,152.23,Product D,895507,Paris
8381,2022-06-20,596.78,Product B,897471,Tokyo
2617,2022-06-20,775.66,Product D,890230,New York
3578,2022-06-20,522.1,Product A,893026,Paris
2975,2022-06-20,955.61,Product C,897139,Paris
3525,2022-06-21,124.03,Product C,894899,Tokyo
1225,2022-06-21,291.65,Product D,892692,Paris
7693,2022-06-21,289.1,Product B,893662,Paris
7557,2022-06-21,982.22,Product C,893818,New York
5919,2022-06-21,267.52,Product D,890301,Paris
8195,2022-06-21,695.04,Product C,890885,New York
2970,2022-06-21,607.61,Product D,897724,New York
5687,2022-06-21,831.87,Product C,897169,Paris
6499,2022-06-21,583.29,Product B,895116,London
5622,2022-06-21,291.35,Product C,892105,London
6172,2022-06-21,343.37,Product C,893386,Tokyo
9418,2022-06-21,888.18,Product C,890895,Paris
6828,2022-06-21,952.28,Product A,893291,Paris
4944,2022-06-21,526.53,Product D,891589,Tokyo
9105,2022-06-21,684.55,Product C,892082,London
4371,2022-06-21,963.43,Product C,892195,London
4751,2022-06-21,579.93,Product A,893163,Paris
9673,2022-06-21,381.83,Product C,895805,London
9564,2022-06-21,744.46,Product B,890821,Tokyo
8273,2022-06-21,1427.8,Product D,896234,Paris
6939,2022-06-21,437.97,Product C,894511,Tokyo
8269,2022-06-21,1178.38,Product C,891145,Paris
2975,2022-06-21,1077.18,Product C,897128,Tokyo
8542,2022-06-21,855.98,Product C,892905,Paris
3634,2022-06-21,956.7,Product C,892774,Tokyo
7708,2022-06-21,1299.65,Product B,896722,Tokyo
4743,2022-06-21,817.4,Product D,893466,New York
5511,2022-06-21,631.5,Product A,893600,Tokyo
7606,2022-06-21,898.74,Product D,893063,Paris
2843,2022-06-22,1047.06,Product B,893409,London
6439,2022-06-22,677.35,Product A,894438,New York
5762,2022-06-22,1225.54,Product D,895281,Tokyo
9105,2022-06-22,1219.05,Product B,892090,London
6439,2022-06-22,516.92,Product C,894434,New York
4751,2022-06-22,483.52,Product B,893159,Paris
6432,2022-06-22,316.01,Product B,896415,London
1108,2022-06-22,1433.98,Product C,894115,New York
3724,2022-06-22,91.44,Product B,893449,New York
2153,2022-06-22,534.23,Product B,896848,Paris
4052,2022-06-22,349.11,Product C,897536,New York
3662,2022-06-22,479.08,Product A,893358,Tokyo
8803,2022-06-22,521.58,Product B,892477,New York
5308,2022-06-22,377.37,Product A,895693,New York
2041,2022-06-22,1267.52,Product A,894055,London
5520,2022-06-22,1087.62,Product B,896280,London
1972,2022-06-22,530.0,Product D,894674,Paris
3879,2022-06-22,269.11,Product D,895173,London
8273,2022-06-22,963.04,Product A,896240,Paris
2101,2022-06-22,230.7,Product A,891789,London
8414,2022-06-22,449.04,Product D,890915,Tokyo
8449,2022-06-23,111.31,Product D,890740,Tokyo
5471,2022-06-23,518.4,Product B,893550,Paris
3435,2022-06-23,358.98,Product B,893000,Tokyo
2624,2022-06-23,267.62,Product C,896533,London
5438,2022-06-23,1224.02,Product B,892442,London
5938,2022-06-23,659.99,Product B,897641,New York
9538,2022-06-23,743.3,Product B,895352,London
1029,2022-06-23,605.71,Product B,897625,New York
2404,2022-06-23,1122.3,Product B,896335,Tokyo
9584,2022-06-23,429.03,Product B,890316,New York
4792,2022-06-23,474.92,Product C,892302,Tokyo
6295,2022-06-23,1013.49,Product D,897246,Paris
1372,2022-06-23,377.55,Product D,892456,Tokyo
3248,2022-06-23,246.52,Product C,895581,London
6598,2022-06-23,1071.0,Product C,897574,Tokyo
4532,2022-06-23,779.4,Product A,893866,New York
8094,2022-06-23,1933.3,Product C,892621,Paris
2655,2022-06-23,560.82,Product D,892678,Paris
5281,2022-06-23,841.36,Product B,896962,Tokyo
1990,2022-06-23,1151.09,Product C,897685,Paris
4982,2022-06-23,955.72,Product C,897709,Paris
3945,2022-06-23,687.91,Product B,896372,Paris
8685,2022-06-24,580.11,Product C,893633,New York
8362,2022-06-24,999.74,Product D,892289,London
2728,2022-06-24,303.2,Product D,896293,London
6096,2022-06-24,508.85,Product C,890838,Tokyo
4624,2022-06-24,895.66,Product A,897346,Paris
8715,2022-06-24,295.74,Product B,894075,New York
3709,2022-06-24,1511.55,Product C,890519,Tokyo
7429,2022-06-24,170.72,Product B,890496,London
1514,2022-06-24,1131.52,Product D,897158,Paris
6085,2022-06-24,579.09,Product D,891614,Paris
4275,2022-06-24,504.62,Product A,892176,Tokyo
5114,2022-06-24,389.93,Product B,897433,Paris
5087,2022-06-24,900.08,Product A,890275,Paris
5664,2022-06-24,515.11,Product B,895214,Paris
9740,2022-06-24,1083.99,Product D,890651,London
3103,2022-06-24,158.21,Product B,890828,London
6420,2022-06-24,868.47,Product B,892859,New York
4110,2022-06-24,176.7,Product D,896170,Tokyo
7770,2022-06-24,265.37,Product C,890407,Paris
5469,2022-06-24,1391.27,Product A,893620,New York
3150,2022-06-24,1319.38,Product C,894300,London
8790,2022-06-24,637.94,Product A,892098,London
4727,2022-06-24,416.27,Product B,895938,Paris
7557,2022-06-25,1427.22,Product B,893828,Paris
9899,2022-06-25,223.63,Product A,893197,Tokyo
4387,2022-06-25,1485.04,Product D,895130,New York
5011,2022-06-25,421.07,Product D,893968,Paris
4232,2022-06-25,1920.8,Product A,893676,New York
2847,2022-06-25,336.54,Product D,891761,Paris
5903,2022-06-25,719.67,Product D,892513,Tokyo
1108,2022-06-25,876.18,Product D,894134,London
9571,2022-06-25,538.08,Product C,891409,Tokyo
6399,2022-06-25,634.56,Product D,893688,New York
2975,2022-06-25,1118.67,Product D,897135,Tokyo
9576,2022-06-25,595.05,Product A,892992,Paris
9680,2022-06-25,713.34,Product B,891877,Paris
6071,2022-06-25,737.93,Product C,895726,Paris
7807,2022-06-25,1145.22,Product B,896783,Paris
5819,2022-06-25,1067.51,Product A,893634,Tokyo
4559,2022-06-25,470.56,Product D,890723,London
6050,2022-06-26,456.88,Product D,893090,Tokyo
3406,2022-06-26,1609.08,Product B,890431,Paris
8859,2022-06-26,110.15,Product B,894398,Paris
4387,2022-06-26,1100.59,Product B,895131,New York
4232,2022-06-26,1641.32,Product B,893669,New York
8504,2022-06-26,834.53,Product B,895203,London
2617,2022-06-26,1130.57,Product B,890239,New York
4562,2022-06-26,816.24,Product D,895824,Tokyo
5011,2022-06-26,347.35,Product B,893957,Tokyo
3248,2022-06-26,426.0,Product C,895576,London
9674,2022-06-26,1267.25,Product D,892839,Tokyo
7883,2022-06-26,1809.71,Product C,893179,New York
5350,2022-06-26,437.05,Product C,895086,Paris
7865,2022-06-26,758.3,Product D,894409,Paris
5334,2022-06-26,1367.75,Product C,896441,New York
1711,2022-06-26,715.36,Product C,895740,Paris
6850,2022-06-26,1488.46,Product D,896548,New York
3131,2022-06-26,879.82,Product D,891236,New York
7224,2022-06-26,742.88,Product C,890757,Paris
9128,2022-06-26,480.23,Product C,890117,Paris
7797,2022-06-27,760.81,Product B,890414,Tokyo
3954,2022-06-27,271.79,Product B,896400,London
1212,2022-06-27,546.06,Product A,895992,New York
3747,2022-06-27,453.68,Product D,895727,Tokyo
4161,2022-06-27,498.31,Product D,890150,London
3945,2022-06-27,868.38,Product D,896382,Paris
5499,2022-06-27,778.18,Product A,893728,Paris
5438,2022-06-27,1307.98,Product D,892434,Tokyo
2072,2022-06-27,159.97,Product B,891576,Paris
7445,2022-06-27,520.53,Product B,896067,Tokyo
9538,2022-06-27,981.6,Product A,895354,London
1193,2022-06-27,880.79,Product D,895401,Paris
2658,2022-06-27,799.09,Product B,895902,Paris
9105,2022-06-27,1302.73,Product C,892066,Paris
4817,2022-06-27,533.54,Product B,891903,New York
9004,2022-06-27,1360.36,Product A,894578,London
1509,2022-06-27,213.2,Product B,897600,London
3406,2022-06-27,963.52,Product C,890432,London
4646,2022-06-27,268.47,Product D,896075,London
4614,2022-06-27,957.45,Product C,891989,London
5762,2022-06-27,940.91,Product D,895272,London
1265,2022-06-27,384.06,Product D,892046,London
5477,2022-06-27,530.78,Product D,895529,New York
4483,2022-06-28,589.99,Product D,895191,New York
4637,2022-06-28,98.33,Product B,894185,Tokyo
2551,2022-06-28,453.32,Product B,893792,London
3709,2022-06-28,765.35,Product B,890525,Tokyo
2531,2022-06-28,702.49,Product D,893345,New York
8381,2022-06-28,973.33,Product A,897475,Paris
5843,2022-06-28,951.8,Product C,892033,New York
4052,2022-06-28,596.46,Product A,897529,Tokyo
9788,2022-06-28,260.67,Product C,892643,London
7824,2022-06-28,509.13,Product B,894743,Paris
8490,2022-06-28,874.9,Product D,890851,Paris
2344,2022-06-28,852.38,Product A,892156,New York
1046,2022-06-28,189.78,Product A,892211,Paris
6638,2022-06-28,949.26,Product C,890177,New York
7883,2022-06-28,1258.95,Product B,893181,Tokyo
4944,2022-06-28,414.91,Product A,891586,Paris
5861,2022-06-28,1006.68,Product D,891490,New York
9289,2022-06-28,620.62,Product B,893173,Tokyo
8269,2022-06-28,1173.25,Product B,891132,Paris
8225,2022-06-28,291.82,Product C,892665,London
3877,2022-06-28,391.35,Product C,891395,London
9426,2022-06-28,1263.16,Product C,896616,Paris
6876,2022-06-28,745.03,Product A,896670,Tokyo
1879,2022-06-28,160.74,Product B,890793,London
7054,2022-06-28,172.01,Product D,892215,Tokyo
8269,2022-06-28,1435.43,Product A,891139,New York
3871,2022-06-28,1305.09,Product A,895036,Paris
4608,2022-06-29,773.2,Product A,890015,Paris
5059,2022-06-29,1101.07,Product C,892127,Paris
6293,2022-06-29,649.93,Product C,891114,New York
6885,2022-06-29,194.7,Product B,896118,New York
3709,2022-06-29,1252.06,Product B,890515,Tokyo
4475,2022-06-29,305.67,Product C,892808,Tokyo
6299,2022-06-29,78.03,Product D,893664,London
9796,2022-06-29,425.69,Product C,891390,New York
8595,2022-06-29,385.12,Product D,896898,Paris
6517,2022-06-29,675.59,Product B,897334,Tokyo
8796,2022-06-29,822.37,Product B,894665,New York
8043,2022-06-29,494.42,Product C,896509,London
4614,2022-06-29,933.93,Product D,891988,Tokyo
8342,2022-06-29,1149.18,Product C,896432,Tokyo
8879,2022-06-29,1142.02,Product A,894553,London
5438,2022-06-29,893.0,Product B,892432,London
6050,2022-06-29,452.88,Product B,893087,New York
7824,2022-06-29,618.39,Product D,894742,Paris
9266,2022-06-29,1487.06,Product B,895098,Paris
4700,2022-06-29,194.39,Product A,892377,Tokyo
4729,2022-06-29,609.3,Product C,897464,New York
4762,2022-06-30,1083.93,Product A,891843,Tokyo
3150,2022-06-30,1337.77,Product C,894288,London
5438,2022-06-30,1008.45,Product B,892441,London
7862,2022-06-30,1062.23,Product B,896883,Tokyo
7461,2022-06-30,546.26,Product D,890484,London
3280,2022-06-30,722.33,Product B,895056,Tokyo
5469,2022-06-30,905.62,Product A,893608,New York
4232,2022-06-30,1623.95,Product D,893672,Tokyo
2336,2022-06-30,462.99,Product A,892109,New York
5033,2022-06-30,667.59,Product C,894729,Tokyo
8803,2022-06-30,532.05,Product A,892471,Paris
6277,2022-06-30,1047.73,Product A,894784,Tokyo
5011,2022-06-30,643.65,Product D,893958,Paris
8483,2022-06-30,1077.77,Product A,890054,New York
1721,2022-06-30,549.83,Product C,897021,London
5114,2022-06-30,280.03,Product D,897435,Paris
4868,2022-07-01,944.0,Product A,896994,London
2582,2022-07-01,788.1,Product A,896094,Paris
8796,2022-07-01,412.97,Product B,894670,New York
7457,2022-07-01,311.86,Product D,894888,Paris
9443,2022-07-01,612.58,Product C,894655,Tokyo
3223,2022-07-01,473.52,Product B,897297,New York
1514,2022-07-01,1093.46,Product D,897142,Tokyo
1514,2022-07-01,1161.74,Product C,897165,Tokyo
4532,2022-07-01,522.42,Product C,893859,Paris
7785,2022-07-01,769.12,Product C,892152,Paris
1920,2022-07-01,500.59,Product C,891718,London
2582,2022-07-01,853.36,Product C,896103,London
8324,2022-07-01,1686.86,Product C,892577,Paris
8711,2022-07-01,155.45,Product C,891680,Tokyo
3879,2022-07-01,523.56,Product B,895168,London
1500,2022-07-01,469.76,Product D,891895,London
1136,2022-07-01,661.37,Product C,890596,Paris
8126,2022-07-01,370.39,Product A,894306,London
3695,2022-07-01,720.27,Product B,891936,Tokyo
1715,2022-07-02,1146.97,Product C,892547,Tokyo
7170,2022-07-02,172.95,Product D,894709,London
1744,2022-07-02,379.83,Product A,891670,London
9669,2022-07-02,1008.88,Product B,891968,New York
8001,2022-07-02,815.7,Product C,896837,New York
2296,2022-07-02,1516.86,Product B,891284,Tokyo
3173,2022-07-02,436.76,Product A,895688,Paris
4770,2022-07-02,582.71,Product D,894837,New York
2041,2022-07-02,1660.36,Product B,894041,London
2195,2022-07-02,442.66,Product B,895596,London
4868,2022-07-02,1913.0,Product B,897014,London
6267,2022-07-02,430.37,Product A,894874,New York
6876,2022-07-02,997.56,Product C,896680,Tokyo
6614,2022-07-02,1295.75,Product A,893493,Tokyo
9482,2022-07-02,762.14,Product C,890044,New York
5762,2022-07-02,764.51,Product C,895284,Tokyo
3024,2022-07-02,508.9,Product B,894466,Paris
2617,2022-07-02,844.65,Product B,890237,New York
1439,2022-07-02,390.33,Product D,896942,New York
6420,2022-07-02,906.68,Product B,892851,Paris
9950,2022-07-03,814.36,Product D,892881,New York
7809,2022-07-03,1635.79,Product D,895669,Paris
9821,2022-07-03,522.79,Product B,891343,Paris
3140,2022-07-03,663.83,Product D,893947,London
3793,2022-07-03,529.4,Product D,892713,London
6517,2022-07-03,745.74,Product A,897333,New York
6986,2022-07-03,381.83,Product B,894355,Paris
5298,2022-07-03,454.35,Product C,895378,New York
4196,2022-07-03,940.68,Product B,896714,London
2767,2022-07-03,309.35,Product C,890108,Paris
8429,2022-07-03,1323.62,Product D,891035,London
6253,2022-07-03,297.73,Product B,891838,Paris
2075,2022-07-03,714.2,Product C,892405,Paris
4751,2022-07-03,1023.57,Product B,893150,Paris
2791,2022-07-03,479.7,Product A,895417,Paris
6439,2022-07-03,899.49,Product A,894443,London
8715,2022-07-03,382.38,Product B,894078,Tokyo
6582,2022-07-03,856.94,Product C,895614,London
9561,2022-07-03,613.95,Product B,890937,Tokyo
2848,2022-07-03,963.67,Product D,890334,New York
1612,2022-07-03,730.81,Product D,895811,Paris
6295,2022-07-03,564.28,Product A,897255,Tokyo
1193,2022-07-03,1514.28,Product B,895409,Tokyo
1514,2022-07-03,840.89,Product D,897154,Paris
3230,2022-07-03,1003.69,Product C,896299,Paris
4044,2022-07-03,267.58,Product D,890605,London
4762,2022-07-03,1525.71,Product B,891851,New York
9482,2022-07-03,719.46,Product B,890036,New York
6210,2022-07-03,1437.05,Product B,896604,Paris
5923,2022-07-03,311.57,Product C,895954,Paris
1104,2022-07-04,817.8,Product C,893436,Paris
1193,2022-07-04,1026.88,Product C,895413,Tokyo
7981,2022-07-04,828.12,Product D,891167,Paris
6816,2022-07-04,1722.38,Product C,891215,Tokyo
3937,2022-07-04,594.46,Product C,890806,London
9331,2022-07-04,386.92,Product B,893084,Tokyo
7622,2022-07-04,292.48,Product A,897302,London
2263,2022-07-04,204.07,Product C,894189,London
7606,2022-07-04,1129.45,Product C,893056,Paris
7606,2022-07-04,848.15,Product A,893053,London
2902,2022-07-04,544.99,Product D,890763,New York
2527,2022-07-04,926.54,Product D,891724,New York
2443,2022-07-04,279.99,Product A,893573,New York
7753,2022-07-04,1055.28,Product A,892023,Tokyo
8362,2022-07-04,652.37,Product B,892285,London
4161,2022-07-04,571.99,Product A,890151,London
7563,2022-07-04,614.48,Product B,892952,New York
3693,2022-07-04,98.64,Product A,893666,Tokyo
9443,2022-07-04,343.81,Product D,894652,London
4817,2022-07-04,624.3,Product A,891902,New York
6869,2022-07-04,372.4,Product C,896480,Paris
9008,2022-07-04,1075.0,Product D,890685,Paris
9508,2022-07-04,720.1,Product B,893930,Tokyo
3535,2022-07-05,715.67,Product D,895304,London
5460,2022-07-05,812.72,Product D,894181,New York
1193,2022-07-05,1349.4,Product C,895403,Tokyo
6582,2022-07-05,593.17,Product B,895626,Tokyo
2029,2022-07-05,229.91,Product B,890920,Paris
7981,2022-07-05,1167.79,Product A,891155,London
2124,2022-07-05,1391.42,Product D,896347,Tokyo
2848,2022-07-05,1906.85,Product A,890338,Tokyo
3150,2022-07-05,1905.22,Product A,894291,London
9482,2022-07-05,1094.6,Product C,890038,New York
6707,2022-07-05,125.12,Product B,892402,London
4154,2022-07-05,694.4,Product B,892597,London
6828,2022-07-05,544.76,Product C,893283,New York
4154,2022-07-05,1100.05,Product A,892594,London
8879,2022-07-05,1765.94,Product D,894544,London
4624,2022-07-05,980.51,Product B,897358,Paris
5747,2022-07-05,988.32,Product C,896492,London
1500,2022-07-05,574.32,Product D,891891,London
8216,2022-07-05,124.74,Product A,890257,New York
6730,2022-07-05,802.11,Product C,892814,Paris
3945,2022-07-05,681.47,Product B,896391,Paris
3420,2022-07-06,199.84,Product B,894745,New York
5087,2022-07-06,827.15,Product A,890266,Paris
2337,2022-07-06,891.34,Product B,892973,London
7955,2022-07-06,759.53,Product A,890621,Tokyo
1711,2022-07-06,542.56,Product B,895743,Paris
4585,2022-07-06,134.69,Product B,891315,Paris
6828,2022-07-06,596.07,Product C,893289,Paris
4948,2022-07-06,366.81,Product A,897048,New York
3287,2022-07-06,622.77,Product D,891787,Tokyo
8483,2022-07-06,847.35,Product B,890055,Tokyo
9175,2022-07-06,336.76,Product D,895939,Paris
9609,2022-07-06,203.42,Product D,893232,Tokyo
9376,2022-07-06,1830.98,Product D,894610,Paris
6688,2022-07-06,603.2,Product C,894360,New York
3578,2022-07-06,931.1,Product C,893022,Paris
2035,2022-07-06,891.93,Product B,895022,Paris
4743,2022-07-06,649.92,Product A,893468,New York
5938,2022-07-06,1145.36,Product A,897662,New York
5331,2022-07-07,806.68,Product A,893006,Paris
6876,2022-07-07,1497.86,Product B,896684,Tokyo
1108,2022-07-07,1490.93,Product A,894139,New York
8414,2022-07-07,788.0,Product B,890903,Paris
4695,2022-07-07,566.1,Product A,891094,London
5438,2022-07-07,1955.33,Product A,892428,London
7511,2022-07-07,341.49,Product C,896264,Paris
2691,2022-07-07,588.27,Product D,895633,Tokyo
3509,2022-07-07,1222.48,Product D,893909,New York
5781,2022-07-07,125.41,Product B,893484,London
6439,2022-07-07,780.9,Product C,894423,London
9393,2022-07-07,259.17,Product C,892482,London
8269,2022-07-07,1200.67,Product D,891125,Paris
8542,2022-07-07,1233.27,Product C,892904,Tokyo
9426,2022-07-07,790.72,Product D,896622,Paris
8542,2022-07-07,738.57,Product C,892898,Paris
5087,2022-07-07,1063.82,Product A,890280,Tokyo
7939,2022-07-07,571.65,Product D,892961,Tokyo
8210,2022-07-08,317.2,Product C,892827,Paris
8199,2022-07-08,600.03,Product D,894312,Paris
1440,2022-07-08,955.21,Product C,897736,Tokyo
7809,2022-07-08,981.84,Product A,895659,Paris
4371,2022-07-08,841.93,Product D,892202,New York
5558,2022-07-08,754.16,Product A,896193,Paris
9064,2022-07-08,573.03,Product C,894342,London
9442,2022-07-08,468.07,Product C,892528,New York
7730,2022-07-08,202.7,Product C,894842,Paris
8135,2022-07-08,1406.47,Product D,891367,London
4555,2022-07-08,1191.08,Product C,894006,Tokyo
3399,2022-07-08,1414.75,Product A,892260,London
8770,2022-07-08,1125.95,Product D,890554,Tokyo
6549,2022-07-08,457.36,Product D,896640,New York
8292,2022-07-08,263.02,Product A,890633,New York
3384,2022-07-08,615.28,Product D,895872,New York
6499,2022-07-08,872.97,Product D,895109,London
6730,2022-07-09,650.95,Product A,892823,Tokyo
9363,2022-07-09,257.79,Product B,894069,Tokyo
5438,2022-07-09,1477.41,Product B,892422,London
2444,2022-07-09,667.24,Product A,890503,London
4483,2022-07-09,515.93,Product C,895193,London
4868,2022-07-09,1479.8,Product C,897012,London
2041,2022-07-09,1076.93,Product A,894048,London
1265,2022-07-09,365.82,Product B,892045,Tokyo
6299,2022-07-09,74.82,Product B,893665,Tokyo
7291,2022-07-09,423.86,Product C,892805,Paris
6829,2022-07-09,1519.3,Product D,894486,New York
6327,2022-07-09,517.35,Product D,897221,Paris
3676,2022-07-09,781.16,Product D,890357,Tokyo
3024,2022-07-09,635.51,Product A,894457,London
8542,2022-07-09,757.51,Product C,892893,Paris
4675,2022-07-09,1204.11,Product B,895910,Tokyo
9482,2022-07-09,788.92,Product A,890047,New York
3704,2022-07-09,856.16,Product C,896814,Tokyo
3280,2022-07-09,609.39,Product A,895051,Tokyo
6267,2022-07-09,582.21,Product C,894864,Paris
7889,2022-07-09,305.96,Product C,896526,Paris
9615,2022-07-10,338.57,Product C,894895,London
8925,2022-07-10,487.84,Product A,892038,London
2669,2022-07-10,667.72,Product B,895564,London
8370,2022-07-10,786.78,Product D,895974,Paris
3230,2022-07-10,507.17,Product A,896316,London
9680,2022-07-10,666.01,Product A,891872,New York
8575,2022-07-10,112.48,Product C,895390,Paris
1120,2022-07-10,848.23,Product C,894228,Tokyo
4555,2022-07-10,622.67,Product B,894000,Tokyo
4812,2022-07-10,612.74,Product A,892600,Tokyo
7418,2022-07-10,494.52,Product D,892310,London
7859,2022-07-10,168.71,Product D,894830,Tokyo
3150,2022-07-10,1562.35,Product C,894303,Tokyo
7955,2022-07-10,523.57,Product B,890615,Paris
4762,2022-07-10,1458.67,Product C,891863,New York
4812,2022-07-10,751.17,Product A,892607,Tokyo
8848,2022-07-10,246.87,Product C,891519,Tokyo
9689,2022-07-10,1281.11,Product D,896055,London
2531,2022-07-10,860.59,Product C,893346,New York
5059,2022-07-10,1162.5,Product A,892135,New York
9538,2022-07-10,743.43,Product C,895353,Tokyo
1120,2022-07-11,948.95,Product C,894237,Tokyo
1108,2022-07-11,1285.02,Product D,894112,New York
5040,2022-07-11,526.61,Product A,895851,London
2077,2022-07-11,359.62,Product A,892495,Tokyo
7099,2022-07-11,302.44,Product D,893101,New York
9376,2022-07-11,1069.36,Product C,894612,London
6210,2022-07-11,861.91,Product B,896605,New York
2526,2022-07-11,443.98,Product C,893988,Paris
6850,2022-07-11,990.13,Product D,896551,New York
2556,2022-07-11,202.93,Product A,896970,Paris
6644,2022-07-11,664.81,Product D,895514,Tokyo
4387,2022-07-11,1082.44,Product D,895124,New York
4986,2022-07-11,358.0,Product B,892449,London
3945,2022-07-11,977.4,Product D,896371,Tokyo
2009,2022-07-11,225.24,Product A,891092,Tokyo
8372,2022-07-11,334.37,Product A,893882,London
9317,2022-07-11,369.75,Product B,897452,Tokyo
7363,2022-07-11,257.2,Product B,891821,New York
7275,2022-07-11,973.9,Product B,895146,London
4190,2022-07-11,272.98,Product D,890205,London
4232,2022-07-11,1500.42,Product A,893683,New York
8429,2022-07-11,715.64,Product B,891029,Tokyo
7275,2022-07-11,1381.01,Product A,895156,London
8429,2022-07-11,887.55,Product C,891026,Tokyo
2848,2022-07-12,1259.27,Product A,890327,Tokyo
4598,2022-07-12,190.66,Product B,895500,Tokyo
6134,2022-07-12,380.55,Product C,895059,London
7781,2022-07-12,591.7,Product B,890306,Paris
2940,2022-07-12,1050.91,Product C,894588,Tokyo
5173,2022-07-12,190.45,Product B,890250,New York
6638,2022-07-12,1364.82,Product D,890165,New York
2404,2022-07-12,1161.37,Product B,896321,London
2847,2022-07-12,533.69,Product A,891763,Tokyo
8239,2022-07-12,240.87,Product A,890737,Tokyo
9841,2022-07-12,486.59,Product D,891687,London
6267,2022-07-12,422.2,Product B,894876,Paris
4387,2022-07-12,1652.68,Product A,895135,New York
2582,2022-07-12,480.65,Product A,896105,London
4743,2022-07-12,834.47,Product B,893471,New York
3832,2022-07-12,544.39,Product A,894089,New York
3662,2022-07-12,598.83,Product D,893375,Tokyo
4617,2022-07-12,1700.34,Product D,894943,Tokyo
3578,2022-07-13,883.84,Product A,893013,Paris
9044,2022-07-13,311.91,Product A,894683,New York
9689,2022-07-13,823.27,Product B,896051,Paris
5477,2022-07-13,763.54,Product B,895528,Paris
8324,2022-07-13,990.87,Product D,892576,New York
8094,2022-07-13,1021.71,Product A,892634,Paris
7862,2022-07-13,1457.07,Product C,896886,Paris
1742,2022-07-13,181.2,Product A,890352,Paris
9576,2022-07-13,574.74,Product D,892987,London
2752,2022-07-13,629.18,Product C,891911,Paris
6934,2022-07-13,470.09,Product D,894997,London
4371,2022-07-13,1239.21,Product D,892198,London
3926,2022-07-13,576.99,Product B,897281,London
7022,2022-07-13,873.7,Product C,897368,Tokyo
7049,2022-07-13,392.81,Product D,894716,Paris
4029,2022-07-13,302.07,Product D,892912,London
9331,2022-07-13,711.93,Product A,893081,Paris
5059,2022-07-13,866.24,Product A,892123,Paris
8836,2022-07-13,205.53,Product D,897731,Paris
5334,2022-07-13,913.61,Product B,896455,Paris
5511,2022-07-13,645.33,Product D,893601,New York
9941,2022-07-13,148.75,Product A,892256,New York
9680,2022-07-13,608.39,Product B,891868,New York
8542,2022-07-13,1298.37,Product B,892883,Tokyo
2655,2022-07-13,639.61,Product A,892683,New York
7453,2022-07-14,925.41,Product A,893066,Tokyo
4804,2022-07-14,866.72,Product C,891712,Paris
4185,2022-07-14,601.05,Product D,895699,New York
9276,2022-07-14,473.62,Product D,891181,London
4371,2022-07-14,804.92,Product A,892204,London
6399,2022-07-14,1003.57,Product B,893706,Tokyo
2310,2022-07-14,84.84,Product A,893872,Paris
3502,2022-07-14,102.13,Product C,893588,Paris
1645,2022-07-14,647.82,Product D,892368,London
6068,2022-07-14,290.9,Product C,891676,Paris
1753,2022-07-14,1184.59,Product B,890537,London
2296,2022-07-14,975.7,Product D,891269,London
4164,2022-07-14,1026.09,Product D,891329,New York
9897,2022-07-14,764.67,Product A,894700,New York
5221,2022-07-14,451.13,Product D,897323,London
3954,2022-07-14,142.31,Product D,896395,London
5905,2022-07-14,241.96,Product A,897485,London
2296,2022-07-14,1888.62,Product B,891292,London
8616,2022-07-14,560.68,Product B,893537,New York
8770,2022-07-14,813.26,Product B,890563,Tokyo
5059,2022-07-14,1400.75,Product B,892136,Paris
4196,2022-07-14,1217.21,Product C,896700,London
7626,2022-07-14,219.06,Product A,895611,New York
6570,2022-07-15,934.01,Product D,897614,Paris
1464,2022-07-15,655.31,Product A,890657,Tokyo
9426,2022-07-15,1504.74,Product A,896626,Paris
6077,2022-07-15,610.05,Product B,890692,Tokyo
8370,2022-07-15,860.67,Product D,895957,Paris
8135,2022-07-15,1338.17,Product D,891375,London
6234,2022-07-15,214.86,Product D,891193,London
1200,2022-07-15,333.37,Product C,893758,Tokyo
9105,2022-07-15,1493.25,Product B,892089,London
2036,2022-07-15,794.25,Product D,896145,London
5067,2022-07-15,910.82,Product B,892361,Tokyo
6822,2022-07-15,653.49,Product D,894978,London
9761,2022-07-15,1814.31,Product B,894958,Paris
3150,2022-07-15,1398.42,Product C,894302,London
9761,2022-07-15,1107.47,Product B,894948,London
5938,2022-07-15,1179.69,Product C,897642,New York
2124,2022-07-15,1363.55,Product C,896360,Paris
6876,2022-07-15,1579.85,Product A,896675,Tokyo
2075,2022-07-15,1171.77,Product A,892412,Paris
7955,2022-07-15,976.67,Product B,890624,Tokyo
6168,2022-07-15,564.03,Product C,893245,London
6399,2022-07-15,1240.94,Product C,893708,Tokyo
9669,2022-07-15,648.5,Product C,891965,Paris
9908,2022-07-15,363.58,Product B,893442,London
1721,2022-07-16,519.22,Product B,897030,London
7437,2022-07-16,857.09,Product B,892928,London
2681,2022-07-16,298.54,Product C,893311,London
8094,2022-07-16,959.33,Product A,892639,Tokyo
5087,2022-07-16,1100.58,Product A,890285,Paris
3804,2022-07-16,444.81,Product A,895336,London
9022,2022-07-16,281.85,Product D,892349,New York
7916,2022-07-16,572.5,Product A,894813,New York
2438,2022-07-16,443.12,Product C,895778,Tokyo
9751,2022-07-16,1025.13,Product A,895765,Paris
5107,2022-07-16,342.64,Product A,897416,Tokyo
5949,2022-07-16,377.89,Product B,893936,New York
5201,2022-07-16,502.98,Product A,896079,London
2124,2022-07-16,929.3,Product B,896359,Tokyo
3747,2022-07-16,548.91,Product C,895738,London
8609,2022-07-16,1062.95,Product B,891565,London
2263,2022-07-16,178.98,Product D,894187,Tokyo
1645,2022-07-16,931.43,Product C,892373,London
6277,2022-07-16,1713.07,Product A,894786,Tokyo
4232,2022-07-16,1871.18,Product C,893679,New York
4450,2022-07-16,309.11,Product D,891260,London
3634,2022-07-17,825.99,Product A,892775,New York
1721,2022-07-17,542.5,Product A,897026,London
5694,2022-07-17,806.36,Product D,893784,Paris
6277,2022-07-17,1001.94,Product C,894778,New York
2975,2022-07-17,801.27,Product D,897125,Paris
1567,2022-07-17,324.86,Product A,894907,Paris
7862,2022-07-17,805.65,Product A,896887,Paris
9276,2022-07-17,371.84,Product B,891179,New York
2975,2022-07-17,971.51,Product C,897129,Paris
9276,2022-07-17,321.31,Product D,891180,Tokyo
4812,2022-07-17,766.5,Product B,892605,Tokyo
4608,2022-07-17,1189.19,Product A,890021,Tokyo
6934,2022-07-17,415.01,Product C,894990,New York
3878,2022-07-17,844.96,Product D,891060,Paris
5511,2022-07-17,326.73,Product D,893595,New York
1813,2022-07-17,514.06,Product C,893296,Paris
2848,2022-07-17,1899.02,Product B,890324,Tokyo
8579,2022-07-17,1709.62,Product C,891749,Tokyo
3832,2022-07-17,314.87,Product C,894086,Paris
3832,2022-07-17,322.17,Product D,894083,Paris
3535,2022-07-17,625.2,Product B,895298,London
4882,2022-07-17,212.39,Product B,891537,London
9008,2022-07-17,1657.34,Product C,890677,Tokyo
7939,2022-07-17,391.72,Product D,892968,Tokyo
9008,2022-07-17,1029.48,Product C,890675,Paris
7785,2022-07-17,496.76,Product B,892143,Paris
4624,2022-07-18,574.98,Product A,897348,Paris
2481,2022-07-18,347.8,Product C,891195,Tokyo
6638,2022-07-18,986.84,Product A,890182,New York
9363,2022-07-18,413.69,Product D,894070,London
5933,2022-07-18,163.98,Product B,892166,London
7461,2022-07-18,535.13,Product B,890487,London
8355,2022-07-18,180.9,Product C,891590,London
5076,2022-07-18,258.61,Product B,891601,London
6549,2022-07-18,390.5,Product C,896642,New York
7809,2022-07-18,1161.96,Product B,895666,London
7821,2022-07-18,741.66,Product B,893521,Tokyo
2417,2022-07-18,555.0,Product D,892249,Tokyo
7018,2022-07-18,566.34,Product C,897515,New York
9008,2022-07-18,1877.3,Product C,890686,Paris
6400,2022-07-18,1899.74,Product A,895314,Paris
7821,2022-07-18,1057.56,Product B,893522,Tokyo
7421,2022-07-18,137.55,Product C,890997,New York
6598,2022-07-18,1616.01,Product D,897567,Tokyo
4617,2022-07-18,1385.88,Product B,894929,London
4044,2022-07-18,256.37,Product D,890604,Tokyo
5102,2022-07-18,250.98,Product D,890729,New York
7022,2022-07-18,672.59,Product A,897377,Tokyo
4792,2022-07-18,559.33,Product C,892309,Tokyo
7437,2022-07-18,664.74,Product D,892936,London
6096,2022-07-18,702.34,Product C,890829,Tokyo
6816,2022-07-18,1195.7,Product A,891222,New York
7498,2022-07-18,220.7,Product C,897593,Paris
9148,2022-07-18,403.8,Product B,890095,Tokyo
3709,2022-07-18,1043.07,Product D,890514,New York
7521,2022-07-18,505.0,Product C,892646,New York
6598,2022-07-18,1007.88,Product B,897573,Tokyo
5215,2022-07-19,305.9,Product C,895644,Paris
2682,2022-07-19,218.06,Product C,893228,London
6478,2022-07-19,374.27,Product D,892789,Tokyo
4617,2022-07-19,1226.72,Product A,894935,Tokyo
9210,2022-07-19,496.13,Product A,894157,New York
3607,2022-07-19,1661.64,Product A,896006,Tokyo
3203,2022-07-19,526.91,Product B,897421,New York
3926,2022-07-19,1093.78,Product A,897270,New York
6085,2022-07-19,556.74,Product C,891615,Paris
5843,2022-07-19,729.61,Product C,892027,Paris
5350,2022-07-19,369.81,Product B,895087,Paris
1500,2022-07-19,714.45,Product D,891889,New York
6236,2022-07-19,1670.28,Product D,895440,London
2940,2022-07-19,1260.86,Product D,894580,Tokyo
9747,2022-07-19,827.6,Product C,892342,Paris
2337,2022-07-19,665.68,Product A,892969,Tokyo
9044,2022-07-19,340.84,Product B,894687,New York
2791,2022-07-19,685.81,Product A,895420,Paris
6267,2022-07-19,641.3,Product C,894872,New York
7511,2022-07-19,248.93,Product C,896268,Tokyo
9747,2022-07-19,910.45,Product D,892333,Paris
7770,2022-07-20,384.78,Product C,890405,Paris
6439,2022-07-20,541.52,Product A,894440,London
9553,2022-07-20,533.88,Product A,893452,London
1990,2022-07-20,1557.1,Product A,897671,Paris
9482,2022-07-20,931.65,Product C,890042,Tokyo
5221,2022-07-20,590.87,Product C,897318,London
3463,2022-07-20,522.94,Product C,892672,London
8239,2022-07-20,152.71,Product B,890736,Tokyo
2624,2022-07-20,516.6,Product B,896534,New York
2404,2022-07-20,990.21,Product D,896324,London
2617,2022-07-20,724.49,Product B,890231,Tokyo
2669,2022-07-20,476.04,Product D,895571,New York
5903,2022-07-20,537.93,Product D,892512,Tokyo
1706,2022-07-20,257.05,Product C,891022,Tokyo
3131,2022-07-20,1205.24,Product D,891241,London
7821,2022-07-20,534.83,Product A,893519,Paris
2765,2022-07-20,384.13,Product B,896250,Tokyo
8043,2022-07-20,782.14,Product D,896512,London
9465,2022-07-20,898.42,Product A,891941,London
2975,2022-07-20,1058.07,Product C,897137,Paris
6828,2022-07-20,972.26,Product D,893290,Paris
4483,2022-07-20,769.18,Product C,895196,London
1510,2022-07-20,675.63,Product A,891086,Paris
8094,2022-07-20,1780.64,Product C,892628,Tokyo
1104,2022-07-20,810.54,Product C,893433,New York
3695,2022-07-20,393.69,Product D,891931,Tokyo
9311,2022-07-20,485.31,Product A,896913,New York
8780,2022-07-20,166.07,Product A,896749,Tokyo
3024,2022-07-20,507.87,Product A,894468,London
7821,2022-07-20,1176.74,Product A,893528,Paris
5051,2022-07-21,850.96,Product A,891468,London
6816,2022-07-21,1574.67,Product B,891225,Tokyo
1207,2022-07-21,406.9,Product D,897085,New York
6277,2022-07-21,1464.78,Product C,894792,New York
2617,2022-07-21,1273.39,Product C,890236,Tokyo
5173,2022-07-21,274.11,Product A,890253,London
6277,2022-07-21,1722.94,Product A,894777,Tokyo
1924,2022-07-21,234.41,Product A,891021,London
3634,2022-07-21,711.94,Product A,892778,Tokyo
9841,2022-07-21,517.96,Product D,891686,Paris
2848,2022-07-21,1778.98,Product C,890328,New York
4052,2022-07-21,443.56,Product B,897526,Tokyo
5224,2022-07-21,204.13,Product D,890495,Tokyo
7437,2022-07-21,824.28,Product D,892921,Paris
8780,2022-07-21,282.99,Product B,896751,New York
5742,2022-07-21,617.08,Product B,892515,London
3735,2022-07-21,457.01,Product B,892995,London
5938,2022-07-21,570.41,Product B,897664,London
4532,2022-07-22,716.32,Product C,893868,New York
9756,2022-07-22,163.9,Product A,893382,London
1392,2022-07-22,526.65,Product A,893839,New York
6172,2022-07-22,295.99,Product A,893387,New York
8657,2022-07-22,793.18,Product D,896580,Paris
3662,2022-07-22,540.58,Product C,893348,Tokyo
5512,2022-07-22,639.58,Product B,893321,New York
6850,2022-07-22,817.42,Product C,896555,New York
6077,2022-07-22,591.14,Product B,890699,Tokyo
8043,2022-07-22,795.24,Product B,896506,Paris
9465,2022-07-22,703.99,Product D,891947,Paris
7211,2022-07-22,170.56,Product C,895502,New York
1530,2022-07-22,781.98,Product A,894821,New York
9821,2022-07-22,925.23,Product D,891346,London
3406,2022-07-22,1621.95,Product B,890433,Paris
5011,2022-07-22,510.41,Product C,893964,Paris
3826,2022-07-22,181.71,Product A,896747,Paris
4675,2022-07-22,951.94,Product B,895913,Paris
5520,2022-07-22,659.75,Product D,896283,London
3399,2022-07-22,1419.92,Product A,892259,Paris
5272,2022-07-22,918.54,Product C,891553,Paris
7179,2022-07-22,296.24,Product B,895476,Tokyo
9443,2022-07-22,587.41,Product B,894653,London
7865,2022-07-22,413.71,Product A,894405,London
1108,2022-07-22,1961.79,Product A,894117,London
6869,2022-07-22,527.52,Product B,896477,Paris
6986,2022-07-22,424.67,Product A,894347,Paris
2293,2022-07-22,244.37,Product B,894915,Paris
2404,2022-07-22,1479.7,Product C,896320,Tokyo
5903,2022-07-22,479.95,Product A,892502,Tokyo
6420,2022-07-22,515.19,Product B,892860,New York
6210,2022-07-23,1308.1,Product B,896601,Paris
3399,2022-07-23,1525.88,Product C,892274,London
8879,2022-07-23,963.5,Product A,894542,London
4052,2022-07-23,503.94,Product C,897532,New York
4863,2022-07-23,748.83,Product C,894520,New York
8362,2022-07-23,753.12,Product A,892286,Tokyo
2524,2022-07-23,256.16,Product B,890290,London
9508,2022-07-23,685.11,Product B,893931,Tokyo
7821,2022-07-23,894.2,Product B,893514,Tokyo
6381,2022-07-23,373.41,Product B,896694,Tokyo
3937,2022-07-23,428.16,Product C,890805,New York
1136,2022-07-23,744.49,Product B,890591,Tokyo
4751,2022-07-23,776.87,Product B,893151,Paris
9689,2022-07-23,1673.77,Product D,896030,Paris
6703,2022-07-23,512.8,Product B,892792,London
2063,2022-07-23,512.33,Product B,894412,London
2489,2022-07-23,282.32,Product B,896124,London
2121,2022-07-23,166.71,Product A,891318,Tokyo
5059,2022-07-23,1073.84,Product D,892129,Paris
9740,2022-07-23,1458.85,Product A,890649,London
5059,2022-07-23,1452.57,Product C,892134,New York
6850,2022-07-23,1363.88,Product C,896549,New York
6967,2022-07-24,426.77,Product C,893582,London
4131,2022-07-24,778.7,Product A,892234,London
4131,2022-07-24,524.57,Product A,892233,London
4371,2022-07-24,900.43,Product B,892201,London
4675,2022-07-24,683.6,Product D,895926,Paris
4029,2022-07-24,691.83,Product D,892914,Paris
9510,2022-07-24,1713.73,Product A,895497,New York
6277,2022-07-24,1797.8,Product D,894790,Tokyo
4279,2022-07-24,157.97,Product D,890901,New York
2879,2022-07-24,550.37,Product B,895367,London
6277,2022-07-24,1478.91,Product A,894785,Tokyo
5114,2022-07-24,355.64,Product C,897437,Tokyo
3150,2022-07-24,1872.69,Product A,894293,Tokyo
4982,2022-07-24,1571.32,Product D,897702,Tokyo
4814,2022-07-24,370.84,Product B,890663,Paris
7622,2022-07-24,523.86,Product D,897299,New York
6096,2022-07-24,729.5,Product D,890834,Paris
4616,2022-07-25,576.18,Product A,894798,Paris
9426,2022-07-25,812.78,Product A,896635,London
4532,2022-07-25,536.42,Product A,893871,New York
5762,2022-07-25,748.4,Product C,895276,London
7824,2022-07-25,791.77,Product D,894738,Paris
2988,2022-07-25,686.25,Product A,893905,Paris
5543,2022-07-25,283.52,Product A,896410,Tokyo
9331,2022-07-25,424.99,Product B,893083,Paris
8273,2022-07-25,1411.33,Product B,896238,Paris
7626,2022-07-25,214.65,Product B,895609,London
9824,2022-07-25,247.16,Product C,891472,Paris
5888,2022-07-25,358.22,Product C,894640,New York
4164,2022-07-25,866.33,Product C,891328,London
3709,2022-07-25,1506.04,Product B,890509,Tokyo
4727,2022-07-25,401.99,Product D,895934,New York
5059,2022-07-25,1100.09,Product C,892124,Paris
7224,2022-07-25,651.95,Product A,890752,Paris
1200,2022-07-25,410.38,Product B,893752,New York
5837,2022-07-25,561.16,Product B,890099,New York
3131,2022-07-25,1133.27,Product A,891237,London
9008,2022-07-25,1037.14,Product D,890672,Tokyo
8719,2022-07-25,629.26,Product C,890130,Tokyo
1510,2022-07-25,655.55,Product A,891088,Paris
8657,2022-07-26,699.2,Product D,896564,Paris
3173,2022-07-26,704.72,Product C,895684,Paris
1514,2022-07-26,1100.92,Product A,897155,Paris
7885,2022-07-26,261.16,Product C,892462,Paris
3704,2022-07-26,1068.95,Product B,896821,Tokyo
5670,2022-07-26,847.54,Product C,890083,London
1305,2022-07-26,547.2,Product C,897068,New York
9941,2022-07-27,106.74,Product A,892257,New York
3223,2022-07-27,348.51,Product D,897292,New York
9105,2022-07-27,1557.54,Product A,892064,London
5520,2022-07-27,1285.78,Product C,896289,Tokyo
1207,2022-07-27,533.78,Product C,897090,Tokyo
2848,2022-07-27,1708.45,Product B,890332,Tokyo
7557,2022-07-27,1248.64,Product C,893820,Paris
8692,2022-07-27,202.23,Product C,896262,Tokyo
9564,2022-07-27,909.1,Product D,890823,Paris
9796,2022-07-27,381.33,Product D,891391,New York
8135,2022-07-27,1239.61,Product A,891365,London
6303,2022-07-27,538.4,Product C,895855,New York
2195,2022-07-27,657.9,Product C,895591,London
8145,2022-07-27,74.39,Product A,892162,London
5067,2022-07-27,1070.34,Product D,892354,Tokyo
6614,2022-07-27,861.08,Product C,893502,Tokyo
7453,2022-07-27,985.58,Product B,893068,London
1990,2022-07-27,1349.0,Product B,897691,Paris
3173,2022-07-27,523.63,Product A,895685,Tokyo
5349,2022-07-27,807.64,Product A,890242,New York
2063,2022-07-28,625.06,Product D,894416,London
6295,2022-07-28,699.96,Product A,897253,Paris
6816,2022-07-28,1126.03,Product A,891221,Tokyo
8692,2022-07-28,253.81,Product C,896260,Paris
1120,2022-07-28,1641.27,Product B,894243,New York
6911,2022-07-28,140.77,Product B,890071,New York
4892,2022-07-28,361.47,Product A,894261,New York
7785,2022-07-28,614.71,Product C,892142,Paris
8381,2022-07-28,649.44,Product B,897473,Paris
7224,2022-07-28,578.33,Product B,890751,Tokyo
4892,2022-07-28,438.28,Product B,894256,New York
9824,2022-07-28,401.31,Product C,891474,New York
3879,2022-07-28,445.8,Product B,895172,New York
8595,2022-07-28,410.49,Product B,896899,Paris
6828,2022-07-28,631.03,Product C,893292,New York
3578,2022-07-28,838.39,Product D,893024,Paris
2562,2022-07-28,509.45,Product C,897403,Paris
4882,2022-07-28,244.63,Product A,891538,Tokyo
4863,2022-07-28,770.51,Product B,894527,Tokyo
3509,2022-07-28,592.23,Product D,893907,Paris
3509,2022-07-28,784.86,Product A,893923,New York
9747,2022-07-29,781.98,Product A,892327,Paris
1104,2022-07-29,810.44,Product C,893437,Paris
6236,2022-07-29,1453.5,Product C,895447,London
4131,2022-07-29,1047.32,Product D,892229,London
3676,2022-07-29,426.48,Product B,890365,Tokyo
4743,2022-07-29,889.5,Product B,893481,Paris
3804,2022-07-29,578.02,Product A,895335,Tokyo
6399,2022-07-29,1138.31,Product B,893699,New York
2658,2022-07-29,1600.47,Product C,895897,Paris
8414,2022-07-29,553.91,Product A,890919,Paris
9418,2022-07-29,704.24,Product C,890896,New York
6096,2022-07-29,719.96,Product D,890830,Paris
5371,2022-07-29,792.74,Product D,891252,London
4743,2022-07-29,650.57,Product C,893461,Paris
4868,2022-07-29,1187.27,Product C,897011,Tokyo
3662,2022-07-29,500.77,Product D,893364,New York
4879,2022-07-29,302.82,Product D,892236,New York
2559,2022-07-29,270.37,Product C,890024,Tokyo
9751,2022-07-29,711.83,Product B,895761,Paris
7557,2022-07-29,1398.89,Product A,893831,Paris
6816,2022-07-29,1438.15,Product C,891207,New York
1185,2022-07-29,198.31,Product B,895043,Paris
6986,2022-07-29,684.46,Product A,894349,New York
4727,2022-07-29,613.59,Product D,895930,New York
3223,2022-07-29,618.69,Product C,897298,London
8370,2022-07-29,1012.63,Product A,895973,Paris
2988,2022-07-30,654.8,Product D,893885,New York
3762,2022-07-30,280.81,Product B,894632,Tokyo
6781,2022-07-30,360.23,Product B,896759,Tokyo
8879,2022-07-30,1816.63,Product C,894551,New York
8254,2022-07-30,373.91,Product C,893210,New York
3945,2022-07-30,1076.21,Product C,896375,Paris
4750,2022-07-30,110.81,Product B,895388,Paris
5920,2022-07-30,855.76,Product D,891622,London
7022,2022-07-30,968.65,Product B,897382,Paris
7793,2022-07-30,553.06,Product D,893428,Tokyo
8685,2022-07-30,598.29,Product A,893630,Paris
5670,2022-07-30,1024.07,Product C,890081,Tokyo
7669,2022-07-30,143.12,Product D,891477,Tokyo
5179,2022-07-30,569.01,Product D,896368,Paris
6584,2022-07-30,375.13,Product A,892998,London
9669,2022-07-30,995.92,Product B,891966,New York
1721,2022-07-30,889.29,Product B,897038,London
6221,2022-07-30,497.96,Product D,891925,Paris
4154,2022-07-31,748.05,Product C,892587,London
9821,2022-07-31,1042.64,Product A,891355,Paris
8598,2022-07-31,722.89,Product B,897058,New York
4150,2022-07-31,518.07,Product B,891801,New York
5051,2022-07-31,899.19,Product A,891462,London
1616,2022-07-31,140.91,Product D,890471,London
3024,2022-07-31,906.67,Product B,894454,Paris
7018,2022-07-31,387.81,Product C,897514,New York
1025,2022-07-31,127.52,Product D,894909,Paris
2075,2022-07-31,1098.41,Product A,892420,London
9311,2022-07-31,367.38,Product B,896917,New York
7363,2022-07-31,137.55,Product A,891822,London
5853,2022-07-31,306.84,Product C,891696,Tokyo
2344,2022-07-31,1005.46,Product B,892154,New York
6262,2022-07-31,179.76,Product A,890791,Paris
6582,2022-07-31,925.28,Product C,895621,Tokyo
9756,2022-07-31,208.4,Product D,893378,Paris
5903,2022-07-31,595.18,Product C,892506,Paris
5582,2022-07-31,1039.06,Product A,896660,Paris
8370,2022-08-01,1038.54,Product B,895977,London
6963,2022-08-01,169.46,Product D,893169,New York
2551,2022-08-01,486.83,Product B,893793,Paris
4157,2022-08-01,588.14,Product D,891009,Paris
7865,2022-08-01,602.2,Product A,894406,London
5331,2022-08-01,665.59,Product B,893010,Paris
2702,2022-08-01,354.12,Product D,891482,New York
3363,2022-08-01,625.02,Product D,891440,Paris
4792,2022-08-01,483.46,Product B,892305,Paris
9821,2022-08-01,1036.19,Product B,891341,Paris
1392,2022-08-01,857.27,Product A,893832,New York
3196,2022-08-01,176.5,Product D,894252,New York
2035,2022-08-01,1015.5,Product D,895025,Tokyo
6168,2022-08-01,431.11,Product A,893247,New York
5719,2022-08-01,171.77,Product B,893660,Tokyo
4765,2022-08-01,445.21,Product A,893217,London
8483,2022-08-01,1065.68,Product B,890056,New York
8612,2022-08-01,656.04,Product B,895604,Tokyo
2011,2022-08-01,267.7,Product A,896868,Tokyo
6499,2022-08-01,906.59,Product C,895108,Paris
9105,2022-08-01,804.72,Product A,892074,Paris
4804,2022-08-01,783.96,Product B,891710,New York
7821,2022-08-01,1183.95,Product D,893520,Tokyo
6730,2022-08-01,689.03,Product D,892819,Paris
1341,2022-08-01,230.53,Product D,892524,Paris
1972,2022-08-01,275.05,Product C,894676,Tokyo
1990,2022-08-02,1328.88,Product A,897693,Tokyo
9004,2022-08-02,1195.84,Product C,894567,Tokyo
3521,2022-08-02,599.19,Product B,895549,Paris
5520,2022-08-02,1038.98,Product B,896282,London
3443,2022-08-02,292.19,Product B,897597,London
5216,2022-08-02,249.1,Product C,896172,New York
1886,2022-08-02,149.63,Product D,892385,London
2847,2022-08-02,468.24,Product D,891759,Paris
5861,2022-08-02,637.45,Product D,891488,New York
5837,2022-08-02,442.96,Product D,890101,Paris
7022,2022-08-02,1243.85,Product C,897374,Tokyo
6432,2022-08-02,322.61,Product A,896416,Paris
9120,2022-08-02,134.1,Product A,890368,Paris
2940,2022-08-02,755.9,Product B,894603,New York
2848,2022-08-02,893.03,Product D,890333,Tokyo
6399,2022-08-02,669.84,Product D,893685,Tokyo
2041,2022-08-02,758.05,Product A,894039,London
4755,2022-08-02,341.23,Product D,891415,Paris
9376,2022-08-02,1098.46,Product D,894605,Paris
5477,2022-08-02,700.62,Product C,895525,New York
3399,2022-08-02,869.13,Product A,892284,Paris
1502,2022-08-03,586.45,Product B,890609,Paris
3363,2022-08-03,579.25,Product C,891438,New York
1813,2022-08-03,329.03,Product D,893297,London
8362,2022-08-03,690.97,Product C,892290,Tokyo
7753,2022-08-03,1228.12,Product C,892006,New York
7909,2022-08-03,212.08,Product A,895178,Paris
9564,2022-08-03,743.97,Product D,890814,Paris
5334,2022-08-03,732.12,Product B,896454,New York
4751,2022-08-03,489.78,Product C,893144,New York
8711,2022-08-03,77.92,Product A,891681,Paris
2988,2022-08-03,1360.94,Product A,893886,Paris
9374,2022-08-03,718.32,Product A,892054,London
5747,2022-08-03,704.24,Product D,896496,Tokyo
5520,2022-08-03,1120.01,Product C,896279,London
8879,2022-08-03,1429.11,Product C,894534,London
9689,2022-08-03,1538.51,Product B,896042,London
6638,2022-08-03,1233.87,Product C,890163,New York
3417,2022-08-03,608.49,Product D,895181,Tokyo
1480,2022-08-03,196.6,Product C,892750,New York
8242,2022-08-03,226.6,Product B,896162,Paris
5051,2022-08-04,520.39,Product A,891458,Paris
6876,2022-08-04,1332.77,Product A,896668,London
9907,2022-08-04,178.62,Product D,896469,New York
9288,2022-08-04,196.74,Product A,891999,London
5660,2022-08-04,161.2,Product C,894764,London
4817,2022-08-04,324.42,Product B,891904,New York
5687,2022-08-04,962.99,Product B,897179,Tokyo
8043,2022-08-04,497.81,Product B,896511,Paris
2975,2022-08-04,960.94,Product C,897126,Tokyo
1901,2022-08-04,286.71,Product B,892497,Paris
8001,2022-08-04,1067.25,Product B,896828,New York
4714,2022-08-04,305.8,Product B,896027,Tokyo
5173,2022-08-04,182.08,Product C,890251,Paris
3676,2022-08-04,449.19,Product C,890360,Tokyo
1567,2022-08-04,563.59,Product C,894906,Paris
6319,2022-08-04,599.42,Product B,896977,London
3384,2022-08-04,863.58,Product D,895874,London
3878,2022-08-04,1374.55,Product A,891059,Paris
7606,2022-08-04,1613.73,Product C,893036,London
6634,2022-08-04,549.81,Product A,892223,New York
4788,2022-08-05,390.54,Product B,893127,London
3267,2022-08-05,704.4,Product D,897209,Paris
7753,2022-08-05,1446.11,Product D,892014,New York
1029,2022-08-05,735.62,Product A,897623,New York
5216,2022-08-05,279.54,Product B,896171,Paris
3287,2022-08-05,605.72,Product D,891781,Tokyo
6876,2022-08-05,931.57,Product B,896679,Tokyo
7457,2022-08-05,431.76,Product B,894884,Paris
5469,2022-08-05,1289.53,Product A,893621,New York
9482,2022-08-05,932.16,Product B,890031,Tokyo
2417,2022-08-05,1111.89,Product D,892244,Tokyo
9595,2022-08-05,446.89,Product C,891503,New York
4116,2022-08-05,499.81,Product D,894390,New York
6911,2022-08-05,135.07,Product C,890073,New York
4944,2022-08-05,552.03,Product C,891582,Tokyo
9538,2022-08-05,976.22,Product D,895350,London
2526,2022-08-05,420.17,Product B,893997,Paris
9609,2022-08-05,218.27,Product A,893231,Paris
8657,2022-08-05,623.51,Product B,896583,Paris
3704,2022-08-05,818.07,Product D,896813,New York
7708,2022-08-05,935.7,Product B,896734,Tokyo
5221,2022-08-06,703.79,Product D,897322,London
1659,2022-08-06,370.57,Product D,896169,New York
1207,2022-08-06,280.76,Product B,897086,New York
1510,2022-08-06,492.78,Product A,891087,Paris
5438,2022-08-06,1559.89,Product D,892443,Tokyo
6707,2022-08-06,227.88,Product C,892401,Paris
1828,2022-08-06,416.25,Product D,895162,New York
2975,2022-08-06,821.18,Product B,897117,Paris
6770,2022-08-06,489.84,Product D,891201,London
9510,2022-08-06,1134.7,Product D,895480,New York
4762,2022-08-06,1570.15,Product C,891847,New York
3450,2022-08-06,201.36,Product C,893975,Tokyo
5438,2022-08-06,1173.84,Product A,892429,Tokyo
7418,2022-08-06,580.61,Product C,892315,Tokyo
4275,2022-08-06,918.54,Product A,892179,Tokyo
4111,2022-08-07,416.92,Product A,892741,London
2200,2022-08-07,225.8,Product D,890464,New York
1029,2022-08-07,939.95,Product B,897629,Tokyo
5512,2022-08-07,622.56,Product C,893327,Paris
8094,2022-08-07,922.3,Product A,892626,Tokyo
4892,2022-08-07,466.42,Product D,894259,Tokyo
9442,2022-08-07,304.78,Product A,892534,London
8616,2022-08-07,386.89,Product A,893530,Tokyo
3906,2022-08-07,506.31,Product A,893760,Tokyo
9510,2022-08-07,1737.11,Product C,895484,Paris
6096,2022-08-07,904.77,Product A,890833,Tokyo
6934,2022-08-07,520.0,Product D,894999,New York
6582,2022-08-07,675.12,Product A,895629,London
3223,2022-08-07,590.63,Product B,897289,New York
6134,2022-08-07,683.66,Product C,895066,London
3280,2022-08-07,399.09,Product A,895054,New York
2658,2022-08-07,1603.87,Product D,895903,Paris
8269,2022-08-07,1283.27,Product D,891120,New York
5920,2022-08-07,1830.99,Product D,891644,London
8317,2022-08-08,226.88,Product A,890065,London
7224,2022-08-08,521.73,Product D,890760,Paris
9328,2022-08-08,1060.58,Product D,893250,London
4475,2022-08-08,358.73,Product A,892810,Tokyo
3392,2022-08-08,325.71,Product B,890966,New York
6820,2022-08-08,153.86,Product C,891560,Tokyo
2728,2022-08-08,314.2,Product B,896294,Tokyo
9761,2022-08-08,1238.17,Product A,894951,Paris
6850,2022-08-08,1077.64,Product C,896560,New York
2848,2022-08-08,889.21,Product C,890342,New York
2075,2022-08-08,1529.58,Product B,892409,Paris
1507,2022-08-08,161.74,Product A,893591,Tokyo
5511,2022-08-08,446.82,Product C,893599,Tokyo
9376,2022-08-08,1544.07,Product C,894604,London
1891,2022-08-08,477.72,Product C,896920,Tokyo
9693,2022-08-08,599.01,Product A,894217,Tokyo
9985,2022-08-08,280.99,Product C,890402,Paris
5334,2022-08-08,1018.84,Product A,896443,New York
1120,2022-08-08,1504.84,Product C,894224,Tokyo
7511,2022-08-08,200.92,Product C,896265,Paris
7437,2022-08-08,1321.71,Product A,892938,London
2926,2022-08-08,172.33,Product B,897396,London
4817,2022-08-08,396.24,Product A,891897,Paris
8195,2022-08-08,523.81,Product C,890866,London
3879,2022-08-08,542.93,Product D,895174,New York
9761,2022-08-08,971.74,Product D,894957,London
6363,2022-08-08,280.94,Product D,891574,London
7807,2022-08-09,782.32,Product C,896793,New York
7666,2022-08-09,373.84,Product C,895077,London
2879,2022-08-09,574.81,Product A,895368,Tokyo
7453,2022-08-09,776.99,Product D,893067,Tokyo
9918,2022-08-09,354.97,Product A,894638,Paris
9689,2022-08-09,1288.7,Product D,896044,London
9871,2022-08-09,321.85,Product C,890186,Paris
7916,2022-08-09,514.51,Product D,894805,Tokyo
6986,2022-08-09,649.76,Product B,894357,New York
1392,2022-08-09,923.4,Product D,893833,London
2752,2022-08-09,610.84,Product B,891915,Paris
6829,2022-08-09,1472.94,Product A,894497,New York
6582,2022-08-09,1012.02,Product A,895617,London
5557,2022-08-09,505.66,Product D,890469,Tokyo
8657,2022-08-09,660.96,Product A,896571,Tokyo
8135,2022-08-09,991.92,Product D,891372,New York
5582,2022-08-09,693.84,Product D,896661,London
2848,2022-08-09,910.21,Product D,890344,New York
2526,2022-08-09,839.1,Product D,893990,Paris
6236,2022-08-09,1544.78,Product C,895442,Tokyo
5512,2022-08-09,575.54,Product D,893326,New York
9008,2022-08-09,1735.35,Product A,890671,Paris
3522,2022-08-10,268.4,Product C,894110,Tokyo
8372,2022-08-10,439.31,Product D,893883,New York
9702,2022-08-10,79.22,Product C,893390,London
1645,2022-08-10,789.61,Product C,892370,Tokyo
9328,2022-08-10,757.91,Product B,893253,Paris
5033,2022-08-10,719.99,Product D,894731,Paris
5221,2022-08-10,786.66,Product D,897324,London
4751,2022-08-10,763.32,Product C,893160,New York
2848,2022-08-10,882.45,Product D,890329,New York
1305,2022-08-10,636.91,Product B,897066,London
1713,2022-08-10,668.6,Product A,894971,Paris
7785,2022-08-10,718.55,Product B,892146,New York
6829,2022-08-10,1189.66,Product B,894493,New York
2940,2022-08-10,909.69,Product B,894587,Tokyo
5105,2022-08-10,552.38,Product C,891451,New York
3406,2022-08-10,973.75,Product B,890430,Paris
9796,2022-08-10,582.71,Product B,891393,New York
9751,2022-08-11,969.58,Product D,895752,Tokyo
9268,2022-08-11,305.87,Product C,892755,New York
7358,2022-08-11,234.96,Product D,894066,Tokyo
8490,2022-08-11,877.83,Product D,890856,New York
8199,2022-08-11,767.84,Product D,894324,Paris
5438,2022-08-11,1097.61,Product C,892426,Tokyo
5221,2022-08-11,660.12,Product D,897319,New York
2438,2022-08-11,798.67,Product B,895783,London
3926,2022-08-11,526.25,Product B,897282,New York
5033,2022-08-11,747.57,Product A,894730,Tokyo
2444,2022-08-11,578.72,Product D,890501,London
1612,2022-08-11,529.37,Product D,895819,Tokyo
6005,2022-08-11,261.92,Product D,895775,New York
2035,2022-08-11,1221.86,Product D,895018,Paris
5040,2022-08-11,564.51,Product C,895849,London
2169,2022-08-11,391.17,Product D,890372,New York
7043,2022-08-11,297.54,Product A,891256,London
3535,2022-08-11,797.45,Product D,895295,Paris
2747,2022-08-11,751.26,Product B,891833,New York
9680,2022-08-11,572.01,Product C,891869,Paris
4054,2022-08-11,651.78,Product A,891430,Tokyo
4164,2022-08-11,493.02,Product A,891330,New York
5281,2022-08-11,700.21,Product B,896957,New York
5543,2022-08-11,441.35,Product A,896405,Paris
3709,2022-08-11,1390.87,Product A,890524,New York
7753,2022-08-11,1297.46,Product C,892009,Tokyo
5470,2022-08-11,560.79,Product A,891420,Tokyo
2124,2022-08-11,953.74,Product D,896349,Tokyo
9673,2022-08-11,634.85,Product C,895802,Paris
2617,2022-08-12,1106.56,Product B,890222,Tokyo
9941,2022-08-12,91.15,Product B,892258,New York
6277,2022-08-12,935.38,Product D,894783,Tokyo
4944,2022-08-12,446.5,Product C,891581,Paris
2036,2022-08-12,878.47,Product C,896156,New York
5819,2022-08-12,1402.73,Product D,893653,Tokyo
5040,2022-08-12,336.56,Product C,895852,London
1108,2022-08-12,1243.86,Product C,894119,London
2531,2022-08-12,489.19,Product B,893340,New York
5819,2022-08-12,1295.77,Product D,893644,Tokyo
1046,2022-08-12,161.7,Product D,892213,New York
8736,2022-08-12,227.07,Product C,897313,New York
8879,2022-08-12,1101.61,Product C,894557,London
8493,2022-08-12,200.56,Product D,895266,Paris
3662,2022-08-12,912.35,Product B,893356,Tokyo
1372,2022-08-12,304.48,Product B,892450,Paris
2501,2022-08-12,169.73,Product C,895359,Tokyo
4909,2022-08-12,355.68,Product C,890394,Paris
3230,2022-08-12,965.72,Product D,896306,London
4164,2022-08-12,777.4,Product A,891336,London
3131,2022-08-12,1692.79,Product C,891234,New York
2527,2022-08-12,872.97,Product C,891719,London
2527,2022-08-12,843.31,Product B,891728,New York
6967,2022-08-12,582.67,Product C,893578,London
4154,2022-08-12,656.38,Product B,892589,London
7883,2022-08-12,1140.35,Product B,893184,New York
7022,2022-08-12,1163.47,Product D,897371,Paris
6201,2022-08-12,189.6,Product C,890601,Paris
4608,2022-08-13,801.5,Product B,890018,Paris
3340,2022-08-13,376.4,Product B,890479,Paris
5938,2022-08-13,859.06,Product C,897647,London
1273,2022-08-13,457.1,Product D,894749,London
3578,2022-08-13,757.96,Product C,893023,Paris
2691,2022-08-13,366.86,Product C,895640,Tokyo
3879,2022-08-13,375.24,Product A,895169,New York
9044,2022-08-13,382.0,Product B,894682,New York
2940,2022-08-13,712.2,Product D,894586,New York
8149,2022-08-13,273.03,Product A,894848,London
1719,2022-08-13,197.52,Product D,896394,Paris
3676,2022-08-13,878.71,Product D,890359,London
5215,2022-08-13,446.34,Product C,895648,Tokyo
4765,2022-08-13,774.9,Product C,893214,London
3578,2022-08-13,605.88,Product B,893034,New York
7862,2022-08-13,1248.23,Product B,896873,Paris
7770,2022-08-13,319.24,Product D,890406,London
9488,2022-08-14,192.85,Product D,891062,New York
3406,2022-08-14,1179.13,Product C,890427,Paris
7437,2022-08-14,1159.3,Product C,892937,London
8657,2022-08-14,677.78,Product D,896581,Tokyo
7981,2022-08-14,1256.13,Product B,891154,Paris
6234,2022-08-14,431.27,Product C,891192,Tokyo
5349,2022-08-14,994.5,Product C,890241,New York
9835,2022-08-14,190.95,Product B,891017,Paris
5747,2022-08-14,735.49,Product D,896493,Tokyo
7199,2022-08-14,138.22,Product B,892387,London
9669,2022-08-14,1179.09,Product C,891972,Paris
4755,2022-08-14,346.82,Product C,891416,London
1659,2022-08-14,191.53,Product B,896165,Tokyo
6381,2022-08-15,393.81,Product A,896691,New York
3535,2022-08-15,793.37,Product A,895297,Paris
2843,2022-08-15,693.58,Product C,893414,London
6499,2022-08-15,896.77,Product A,895114,Paris
2468,2022-08-15,154.44,Product B,892833,New York
5687,2022-08-15,1231.54,Product C,897177,Tokyo
2336,2022-08-15,555.93,Product A,892115,New York
4755,2022-08-15,229.39,Product B,891414,Tokyo
7797,2022-08-15,896.68,Product B,890415,London
2404,2022-08-15,910.31,Product D,896333,London
2526,2022-08-15,712.21,Product B,893992,Tokyo
3623,2022-08-15,134.18,Product C,892761,Tokyo
7557,2022-08-16,1437.14,Product B,893822,New York
3704,2022-08-16,646.42,Product D,896817,Tokyo
1990,2022-08-16,1752.54,Product C,897686,Tokyo
2010,2022-08-16,166.79,Product C,896806,Tokyo
1392,2022-08-16,949.33,Product C,893838,London
5687,2022-08-16,714.8,Product D,897170,Paris
2761,2022-08-16,946.08,Product B,893567,Paris
4982,2022-08-16,941.62,Product A,897706,Paris
5033,2022-08-16,884.34,Product B,894722,Paris
1803,2022-08-16,425.67,Product B,890782,London
9537,2022-08-16,200.13,Product B,891183,London
7708,2022-08-16,741.0,Product D,896725,Tokyo
6085,2022-08-16,794.87,Product C,891612,Tokyo
7798,2022-08-16,74.08,Product C,892690,London
7557,2022-08-16,802.79,Product A,893812,Paris
8796,2022-08-16,632.87,Product D,894664,New York
7911,2022-08-16,298.61,Product B,895002,New York
8342,2022-08-16,1199.27,Product B,896427,London
4804,2022-08-16,899.81,Product C,891703,New York
3340,2022-08-16,227.68,Product B,890483,Paris
4614,2022-08-16,1520.01,Product D,891990,Tokyo
5059,2022-08-16,1398.65,Product C,892138,New York
4863,2022-08-16,934.78,Product D,894517,Tokyo
3392,2022-08-16,439.52,Product B,890960,Paris
6439,2022-08-17,769.7,Product A,894432,London
2767,2022-08-17,260.59,Product B,890107,London
4624,2022-08-17,958.2,Product B,897350,London
1833,2022-08-17,315.74,Product B,896269,Tokyo
2118,2022-08-17,319.48,Product D,893980,Paris
6439,2022-08-17,484.09,Product B,894444,London
7921,2022-08-17,294.13,Product B,892221,Paris
6658,2022-08-17,165.82,Product C,893294,London
2041,2022-08-17,1718.63,Product D,894031,Tokyo
3662,2022-08-17,710.11,Product C,893360,Tokyo
7626,2022-08-17,128.66,Product A,895608,New York
4161,2022-08-17,446.97,Product C,890152,London
7434,2022-08-17,470.93,Product A,894105,New York
5903,2022-08-17,901.2,Product C,892510,Tokyo
6517,2022-08-17,676.88,Product D,897331,Tokyo
2655,2022-08-17,603.84,Product D,892680,New York
3877,2022-08-17,781.85,Product A,891402,London
3662,2022-08-18,1011.27,Product C,893373,New York
2036,2022-08-18,611.48,Product C,896157,London
6236,2022-08-18,749.13,Product D,895437,London
9680,2022-08-18,557.89,Product B,891873,Paris
8370,2022-08-18,824.11,Product C,895984,London
1920,2022-08-18,387.71,Product D,891717,London
6400,2022-08-18,1081.19,Product D,895318,Tokyo
4562,2022-08-18,432.61,Product D,895833,New York
8369,2022-08-18,676.52,Product C,896938,London
1323,2022-08-18,281.52,Product C,890457,Paris
3578,2022-08-18,703.68,Product C,893033,Paris
8616,2022-08-18,532.35,Product B,893534,Tokyo
8616,2022-08-18,431.33,Product D,893538,New York
7529,2022-08-18,300.29,Product A,894262,New York
3938,2022-08-18,129.47,Product D,891596,Paris
3150,2022-08-18,1301.07,Product B,894286,London
3578,2022-08-18,637.72,Product C,893017,Paris
5512,2022-08-18,805.66,Product B,893323,New York
9266,2022-08-18,1767.34,Product C,895107,Tokyo
3150,2022-08-18,1058.36,Product B,894284,London
2747,2022-08-18,977.47,Product C,891837,New York
2296,2022-08-18,1142.04,Product B,891266,Tokyo
3662,2022-08-18,1015.43,Product D,893354,New York
8933,2022-08-18,131.27,Product B,892093,Paris
7753,2022-08-18,1042.57,Product D,892020,Tokyo
2765,2022-08-18,329.16,Product C,896249,Tokyo
3704,2022-08-18,754.96,Product B,896824,Tokyo
6816,2022-08-19,1379.42,Product C,891211,New York
1392,2022-08-19,486.24,Product D,893851,London
9105,2022-08-19,997.92,Product A,892065,London
4157,2022-08-19,620.91,Product A,891001,London
7865,2022-08-19,501.47,Product A,894400,Paris
2336,2022-08-19,402.46,Product D,892114,New York
6431,2022-08-19,239.31,Product B,895540,Tokyo
4522,2022-08-19,782.71,Product C,896859,Paris
5350,2022-08-19,597.62,Product D,895088,Paris
2188,2022-08-19,161.39,Product C,890005,New York
3607,2022-08-19,1436.76,Product A,896008,New York
4616,2022-08-19,430.77,Product B,894799,Paris
8484,2022-08-19,175.71,Product D,896919,Tokyo
3878,2022-08-19,988.39,Product A,891045,Paris
1104,2022-08-19,868.39,Product A,893435,Paris
4762,2022-08-20,1685.6,Product B,891845,New York
6688,2022-08-20,1003.92,Product B,894365,Paris
4052,2022-08-20,437.05,Product B,897524,New York
8372,2022-08-20,476.62,Product D,893880,Tokyo
2681,2022-08-20,230.95,Product B,893313,New York
7135,2022-08-20,271.59,Product D,897438,Paris
5087,2022-08-20,1395.25,Product A,890270,Paris
8414,2022-08-20,763.32,Product B,890911,Paris
2194,2022-08-20,593.29,Product C,896421,Paris
3573,2022-08-20,273.15,Product B,890371,Tokyo
7723,2022-08-20,326.03,Product A,894247,Tokyo
1108,2022-08-20,1856.71,Product A,894126,New York
1514,2022-08-20,606.49,Product A,897149,Paris
6703,2022-08-20,486.13,Product B,892794,Tokyo
8879,2022-08-20,1236.25,Product C,894546,London
6295,2022-08-20,1118.62,Product A,897248,Tokyo
5102,2022-08-20,185.38,Product C,890731,London
6447,2022-08-20,105.24,Product C,890985,Paris
2658,2022-08-20,891.15,Product B,895894,London
4762,2022-08-20,992.0,Product C,891860,Tokyo
5853,2022-08-20,463.51,Product C,891693,New York
2228,2022-08-20,383.5,Product A,890157,London
8612,2022-08-20,798.62,Product B,895602,Tokyo
1685,2022-08-21,311.98,Product A,894860,New York
8199,2022-08-21,571.23,Product A,894320,Paris
3280,2022-08-21,600.61,Product B,895046,Tokyo
4185,2022-08-21,518.62,Product B,895708,Paris
7997,2022-08-21,303.27,Product C,897360,New York
3399,2022-08-21,1455.06,Product C,892265,London
6345,2022-08-21,440.81,Product C,892655,Tokyo
3719,2022-08-21,268.34,Product D,894880,Paris
4185,2022-08-21,530.44,Product D,895701,Paris
2188,2022-08-21,242.12,Product C,890004,Tokyo
4868,2022-08-21,1324.48,Product A,896992,Tokyo
7824,2022-08-21,834.93,Product B,894737,New York
6210,2022-08-21,1295.27,Product C,896592,New York
3230,2022-08-21,917.76,Product A,896310,Paris
8179,2022-08-21,489.63,Product D,895834,Tokyo
2425,2022-08-21,603.92,Product C,893114,London
7164,2022-08-21,189.38,Product B,896964,Paris
5837,2022-08-21,548.4,Product D,890103,Paris
8542,2022-08-21,643.13,Product B,892888,Paris
8780,2022-08-21,276.74,Product B,896753,London
2679,2022-08-21,350.45,Product D,895466,New York
5114,2022-08-21,413.78,Product C,897436,Paris
8982,2022-08-21,585.91,Product A,895237,New York
9129,2022-08-21,550.41,Product A,891067,New York
4630,2022-08-21,217.69,Product A,892744,New York
9005,2022-08-21,315.44,Product A,890077,Paris
6236,2022-08-21,957.25,Product C,895451,London
3041,2022-08-21,187.99,Product D,895790,Paris
9756,2022-08-21,265.51,Product D,893381,New York
7557,2022-08-22,1607.72,Product C,893803,Paris
7557,2022-08-22,831.01,Product B,893808,New York
2527,2022-08-22,1117.98,Product A,891734,London
9950,2022-08-22,609.6,Product A,892874,Tokyo
3747,2022-08-22,696.19,Product C,895735,London
3832,2022-08-22,523.06,Product D,894082,Paris
8816,2022-08-22,200.74,Product C,892485,London
2848,2022-08-22,1144.95,Product B,890323,Tokyo
2577,2022-08-22,479.59,Product C,891313,New York
8195,2022-08-22,786.73,Product C,890886,New York
2911,2022-08-22,513.47,Product A,890978,London
2118,2022-08-22,491.27,Product A,893979,London
5298,2022-08-22,628.01,Product A,895379,New York
4290,2022-08-22,266.4,Product C,893971,Tokyo
4371,2022-08-22,780.06,Product D,892181,New York
3399,2022-08-22,1063.83,Product A,892262,London
4111,2022-08-22,482.79,Product B,892739,London
7708,2022-08-22,757.97,Product A,896717,Tokyo
5051,2022-08-22,870.24,Product B,891467,London
2695,2022-08-22,136.88,Product A,896645,Paris
6234,2022-08-22,382.4,Product B,891194,Paris
7099,2022-08-22,173.02,Product A,893099,Paris
3906,2022-08-23,550.77,Product C,893762,Paris
8225,2022-08-23,214.11,Product C,892663,London
3363,2022-08-23,549.48,Product B,891444,New York
7606,2022-08-23,1182.48,Product D,893059,London
2124,2022-08-23,1531.8,Product C,896358,Tokyo
9584,2022-08-23,344.02,Product B,890315,New York
3945,2022-08-23,868.05,Product D,896379,Paris
7916,2022-08-23,918.84,Product A,894806,New York
1567,2022-08-23,372.2,Product B,894903,Paris
1567,2022-08-23,478.22,Product B,894904,London
2195,2022-08-23,459.84,Product C,895595,Tokyo
2041,2022-08-23,1266.19,Product B,894030,Tokyo
8504,2022-08-23,425.24,Product C,895206,London
7275,2022-08-23,1793.48,Product B,895149,Paris
4559,2022-08-23,497.63,Product A,890726,Tokyo
2655,2022-08-23,669.91,Product A,892682,New York
4751,2022-08-23,815.75,Product C,893143,Paris
4510,2022-08-23,523.54,Product C,894375,New York
6478,2022-08-23,207.5,Product D,892788,Tokyo
2902,2022-08-23,815.41,Product C,890771,New York
4812,2022-08-24,559.27,Product A,892606,London
6873,2022-08-24,385.2,Product B,894268,New York
7022,2022-08-24,1190.66,Product D,897376,Tokyo
2617,2022-08-24,740.8,Product D,890220,Tokyo
6400,2022-08-24,1326.57,Product D,895310,Paris
3230,2022-08-24,733.28,Product C,896296,Paris
2843,2022-08-24,1091.96,Product D,893407,New York
2200,2022-08-24,192.71,Product D,890461,New York
6638,2022-08-24,1561.84,Product C,890162,New York
6071,2022-08-24,500.57,Product C,895715,London
1721,2022-08-24,802.15,Product B,897039,London
9311,2022-08-24,242.86,Product C,896916,Paris
1514,2022-08-24,838.22,Product A,897150,Tokyo
4275,2022-08-24,508.81,Product C,892169,Tokyo
4817,2022-08-24,567.19,Product B,891906,Paris
5281,2022-08-24,1168.52,Product B,896956,New York
4804,2022-08-24,811.22,Product C,891707,New York
2526,2022-08-24,668.02,Product D,893991,Tokyo
5664,2022-08-24,690.92,Product B,895212,Paris
1136,2022-08-24,684.45,Product B,890595,Paris
2809,2022-08-24,150.83,Product D,890844,Tokyo
3877,2022-08-24,493.62,Product B,891401,London
3417,2022-08-25,659.29,Product C,895180,Tokyo
3906,2022-08-25,298.26,Product C,893765,Tokyo
4990,2022-08-25,461.46,Product C,890957,Paris
9443,2022-08-25,768.25,Product C,894648,Tokyo
1590,2022-08-25,126.99,Product B,893073,Tokyo
3048,2022-08-25,295.42,Product C,895867,New York
3538,2022-08-25,296.14,Product A,890586,London
5543,2022-08-25,363.9,Product C,896411,Paris
1392,2022-08-25,845.71,Product A,893854,New York
9210,2022-08-25,693.13,Product B,894166,New York
6175,2022-08-25,90.79,Product D,893446,New York
3945,2022-08-25,800.32,Product B,896386,Paris
4150,2022-08-25,729.0,Product C,891808,Paris
9747,2022-08-25,912.66,Product D,892335,New York
2041,2022-08-25,891.99,Product A,894034,Tokyo
1753,2022-08-25,951.53,Product D,890540,Tokyo
3661,2022-08-25,101.49,Product D,894707,London
9129,2022-08-25,616.35,Product A,891071,Paris
4522,2022-08-25,634.6,Product A,896854,Paris
1230,2022-08-25,518.15,Product B,897410,New York
2494,2022-08-25,335.61,Product B,890952,Paris
5494,2022-08-25,533.37,Product A,890202,New York
9571,2022-08-25,819.77,Product B,891410,Tokyo
2551,2022-08-25,375.08,Product C,893800,Paris
2296,2022-08-25,863.65,Product C,891283,London
1520,2022-08-25,466.5,Product A,890124,London
6822,2022-08-26,427.32,Product B,894980,Paris
4517,2022-08-26,417.05,Product B,897448,Paris
2337,2022-08-26,392.83,Product A,892971,Tokyo
9821,2022-08-26,868.34,Product B,891344,Paris
4555,2022-08-26,564.34,Product D,894005,Tokyo
2964,2022-08-26,203.7,Product A,897455,Tokyo
8269,2022-08-26,2052.98,Product D,891129,New York
2702,2022-08-26,322.94,Product B,891483,Tokyo
1265,2022-08-26,466.52,Product B,892044,London
8355,2022-08-26,284.5,Product C,891591,London
5742,2022-08-26,583.97,Product C,892517,London
2444,2022-08-26,583.63,Product C,890500,London
3535,2022-08-26,831.07,Product C,895296,London
9148,2022-08-26,362.72,Product C,890094,Tokyo
8982,2022-08-26,1053.93,Product C,895231,New York
6400,2022-08-26,1888.06,Product D,895308,Tokyo
7437,2022-08-26,848.39,Product A,892933,Paris
4990,2022-08-27,303.44,Product D,890955,London
7708,2022-08-27,1100.26,Product B,896723,Paris
6400,2022-08-27,1072.89,Product A,895321,Tokyo
4116,2022-08-27,381.58,Product B,894388,Paris
9747,2022-08-27,1391.56,Product A,892338,Paris
6319,2022-08-27,510.96,Product D,896978,London
8342,2022-08-27,820.64,Product D,896435,Tokyo
7862,2022-08-27,810.19,Product D,896881,Paris
9680,2022-08-27,744.3,Product A,891870,Paris
8879,2022-08-27,890.06,Product B,894539,London
3280,2022-08-27,807.94,Product D,895053,Tokyo
6829,2022-08-27,1508.74,Product C,894492,Tokyo
8269,2022-08-27,957.12,Product B,891138,Paris
8879,2022-08-27,1505.12,Product C,894549,London
1651,2022-08-27,208.35,Product B,891753,New York
8595,2022-08-27,385.85,Product A,896909,Paris
9761,2022-08-27,1688.17,Product D,894950,London
2761,2022-08-27,938.4,Product D,893569,New York
4762,2022-08-27,827.8,Product B,891839,Tokyo
5087,2022-08-27,1438.73,Product D,890284,Tokyo
6658,2022-08-27,333.74,Product D,893295,London
5622,2022-08-27,204.2,Product B,892104,Tokyo
6005,2022-08-27,193.8,Product A,895774,New York
3131,2022-08-27,821.01,Product C,891235,London
4675,2022-08-28,603.77,Product C,895911,Paris
2194,2022-08-28,505.84,Product A,896422,Paris
6822,2022-08-28,432.58,Product B,894979,London
9120,2022-08-28,249.62,Product D,890369,New York
9918,2022-08-28,279.3,Product C,894635,Paris
6439,2022-08-28,903.93,Product C,894437,London
3048,2022-08-28,293.9,Product A,895868,Tokyo
7224,2022-08-28,509.28,Product B,890755,Paris
5009,2022-08-28,223.51,Product C,896065,New York
6077,2022-08-28,653.98,Product B,890688,Tokyo
4912,2022-08-28,150.71,Product A,892667,London
5694,2022-08-28,925.75,Product A,893780,London
6077,2022-08-28,548.63,Product C,890702,Tokyo
2036,2022-08-28,617.73,Product C,896143,London
5371,2022-08-28,834.35,Product A,891251,London
2462,2022-08-28,198.13,Product A,891457,New York
2041,2022-08-28,1261.83,Product A,894033,Tokyo
1721,2022-08-28,863.22,Product A,897022,London
9761,2022-08-28,1013.97,Product D,894966,London
4164,2022-08-28,867.61,Product C,891338,New York
2988,2022-08-28,648.03,Product A,893890,New York
8195,2022-08-28,875.84,Product A,890884,London
7557,2022-08-28,812.67,Product A,893814,New York
8001,2022-08-28,489.5,Product B,896841,Tokyo
6420,2022-08-28,622.75,Product B,892853,New York
2075,2022-08-29,1300.25,Product D,892404,London
3521,2022-08-29,710.68,Product C,895551,Paris
6077,2022-08-29,734.84,Product A,890705,Paris
4196,2022-08-29,1050.1,Product C,896709,London
2988,2022-08-29,1236.84,Product D,893899,Paris
9700,2022-08-29,1041.51,Product A,891650,Paris
2296,2022-08-29,1112.1,Product B,891290,London
4054,2022-08-29,536.8,Product B,891434,Tokyo
1891,2022-08-29,839.94,Product D,896925,Paris
7862,2022-08-29,1550.75,Product C,896874,Paris
7883,2022-08-29,1940.03,Product A,893192,New York
7883,2022-08-29,860.67,Product A,893186,New York
9175,2022-08-29,440.57,Product A,895943,Tokyo
3420,2022-08-29,172.55,Product B,894744,Paris
6077,2022-08-29,863.25,Product C,890714,Paris
9674,2022-08-29,1330.67,Product A,892841,Tokyo
8685,2022-08-29,915.19,Product C,893625,Paris
2195,2022-08-29,708.9,Product D,895594,London
6885,2022-08-29,293.43,Product A,896117,Tokyo
2195,2022-08-29,430.77,Product A,895589,London
2669,2022-08-29,408.98,Product B,895567,London
3150,2022-08-29,2002.2,Product A,894301,Tokyo
2761,2022-08-29,962.37,Product C,893560,New York
9008,2022-08-29,885.95,Product D,890679,Tokyo
3024,2022-08-30,1073.77,Product B,894474,London
1430,2022-08-30,302.3,Product C,894853,Tokyo
4522,2022-08-30,602.31,Product B,896860,Paris
7342,2022-08-30,336.94,Product B,896761,New York
3695,2022-08-30,540.07,Product B,891933,Paris
6570,2022-08-30,427.59,Product C,897613,Tokyo
8195,2022-08-30,1022.32,Product A,890883,New York
4729,2022-08-30,553.68,Product C,897466,New York
7793,2022-08-30,446.2,Product B,893429,New York
9175,2022-08-30,398.32,Product B,895940,London
8579,2022-08-30,1734.58,Product A,891745,Tokyo
4150,2022-08-30,922.61,Product A,891797,New York
7939,2022-08-30,610.8,Product C,892967,London
3519,2022-08-30,356.2,Product A,890075,London
2879,2022-08-30,645.72,Product C,895376,Tokyo
1011,2022-08-30,650.24,Product A,892731,Tokyo
9821,2022-08-30,546.21,Product A,891359,London
7798,2022-08-31,169.38,Product D,892689,New York
9740,2022-08-31,1491.58,Product A,890652,New York
4585,2022-08-31,151.37,Product A,891316,London
6898,2022-08-31,507.29,Product D,893720,Paris
8616,2022-08-31,350.18,Product B,893529,New York
8803,2022-08-31,477.72,Product A,892468,Paris
3024,2022-08-31,687.28,Product B,894469,Paris
5334,2022-08-31,929.5,Product D,896461,New York
5221,2022-08-31,552.26,Product B,897315,London
6822,2022-08-31,500.22,Product D,894972,Paris
4196,2022-08-31,1251.96,Product D,896706,London
1715,2022-08-31,689.46,Product C,892535,Tokyo
5938,2022-08-31,594.17,Product A,897651,New York
4751,2022-08-31,657.14,Product A,893147,New York
1193,2022-08-31,1528.97,Product C,895408,Tokyo
3150,2022-08-31,1761.8,Product C,894287,Tokyo
3709,2022-08-31,1515.71,Product C,890520,Tokyo
3363,2022-08-31,512.44,Product B,891439,Paris
7342,2022-08-31,397.58,Product B,896766,Tokyo
5861,2022-08-31,721.5,Product C,891491,New York
1990,2022-09-01,1641.29,Product D,897689,Paris
8803,2022-09-01,403.37,Product C,892473,Paris
7457,2022-09-01,459.86,Product A,894885,London
3607,2022-09-01,1068.54,Product B,896002,New York
8909,2022-09-01,229.88,Product D,890787,London
1612,2022-09-01,478.23,Product B,895814,Tokyo
2293,2022-09-01,227.29,Product A,894914,London
1891,2022-09-01,523.03,Product D,896927,Paris
7557,2022-09-01,1695.45,Product D,893806,Paris
5694,2022-09-01,1047.87,Product D,893788,Paris
7723,2022-09-01,218.8,Product C,894245,New York
7781,2022-09-01,755.27,Product C,890312,Paris
3230,2022-09-01,1002.44,Product D,896304,Paris
6096,2022-09-01,851.68,Product C,890835,Tokyo
5114,2022-09-01,297.26,Product B,897434,London
2336,2022-09-01,406.94,Product B,892116,London
9044,2022-09-01,393.71,Product A,894685,Paris
8043,2022-09-01,865.35,Product D,896505,Paris
6822,2022-09-01,566.04,Product A,894975,Paris
2296,2022-09-01,1703.89,Product A,891291,London
4944,2022-09-02,347.27,Product C,891587,Paris
8925,2022-09-02,391.92,Product C,892034,Paris
4157,2022-09-02,704.35,Product C,891005,Paris
2153,2022-09-02,488.68,Product B,896843,Paris
5216,2022-09-02,281.78,Product D,896177,Tokyo
3148,2022-09-02,154.66,Product A,894659,Paris
2344,2022-09-02,716.34,Product B,892160,New York
9571,2022-09-02,1032.16,Product B,891411,London
4616,2022-09-02,758.09,Product A,894803,Paris
8399,2022-09-02,420.05,Product C,893773,Tokyo
2562,2022-09-02,282.65,Product C,897401,London
8199,2022-09-02,644.76,Product B,894319,New York
6688,2022-09-02,605.6,Product B,894367,Paris
2337,2022-09-02,671.6,Product C,892974,Tokyo
2035,2022-09-02,1149.45,Product D,895010,Tokyo
6134,2022-09-02,533.27,Product C,895063,Paris
4559,2022-09-02,560.22,Product B,890717,London
3406,2022-09-03,1962.5,Product D,890449,London
6431,2022-09-03,251.6,Product A,895539,Paris
6236,2022-09-03,1363.55,Product A,895444,London
3485,2022-09-03,480.35,Product C,891083,London
5920,2022-09-03,928.54,Product C,891620,Tokyo
1086,2022-09-03,95.67,Product C,896585,New York
6236,2022-09-03,1646.99,Product D,895433,London
9105,2022-09-03,914.14,Product D,892084,Paris
7557,2022-09-03,1018.13,Product D,893817,Paris
3926,2022-09-03,1025.12,Product C,897269,New York
5450,2022-09-03,308.18,Product B,891013,Paris
6869,2022-09-03,579.51,Product D,896479,Paris
5254,2022-09-03,602.35,Product C,891386,Tokyo
6234,2022-09-03,241.54,Product C,891191,New York
6621,2022-09-03,222.43,Product A,893093,London
2075,2022-09-03,1259.96,Product D,892415,Paris
8414,2022-09-03,577.36,Product C,890918,Tokyo
6107,2022-09-04,263.12,Product C,893317,London
3399,2022-09-04,1267.42,Product A,892282,London
1721,2022-09-04,728.52,Product C,897037,London
6050,2022-09-04,262.14,Product A,893088,New York
6816,2022-09-04,1347.36,Product C,891217,New York
4913,2022-09-04,232.85,Product C,897075,London
6621,2022-09-04,215.65,Product A,893092,Paris
2848,2022-09-04,1395.04,Product D,890351,Tokyo
6598,2022-09-04,2006.55,Product D,897560,Tokyo
2502,2022-09-04,628.26,Product D,897583,Tokyo
6383,2022-09-04,182.98,Product D,896967,Paris
7557,2022-09-04,1362.99,Product D,893807,Paris
5949,2022-09-04,623.03,Product A,893941,Tokyo
1029,2022-09-04,1216.52,Product D,897620,Tokyo
2843,2022-09-04,1001.12,Product D,893403,London
3954,2022-09-04,249.33,Product A,896397,Paris
1643,2022-09-04,483.59,Product A,894482,New York
1120,2022-09-04,1677.62,Product A,894225,Tokyo
3709,2022-09-04,1290.83,Product D,890529,Tokyo
3878,2022-09-04,1615.77,Product C,891058,Tokyo
6381,2022-09-04,429.22,Product D,896696,Tokyo
7809,2022-09-04,1000.07,Product B,895661,Paris
9426,2022-09-04,1641.41,Product D,896621,London
6399,2022-09-04,587.78,Product B,893694,Tokyo
7418,2022-09-05,490.63,Product D,892317,London
3878,2022-09-05,1504.28,Product B,891054,Paris
2041,2022-09-05,1118.02,Product A,894040,London
3878,2022-09-05,1089.86,Product D,891049,Tokyo
7981,2022-09-05,765.32,Product B,891159,London
9105,2022-09-05,1589.35,Product B,892073,London
3972,2022-09-05,351.86,Product D,897111,Paris
8595,2022-09-05,369.09,Product B,896901,Paris
7461,2022-09-05,647.1,Product B,890489,Paris
9054,2022-09-05,149.28,Product A,897043,New York
6688,2022-09-05,602.18,Product C,894361,New York
3173,2022-09-05,382.75,Product C,895681,Tokyo
5281,2022-09-05,1366.11,Product A,896949,Tokyo
1011,2022-09-05,783.88,Product B,892734,Paris
8370,2022-09-05,1033.86,Product B,895975,London
1514,2022-09-05,1038.81,Product D,897156,Paris
7753,2022-09-05,871.77,Product B,892012,New York
1731,2022-09-05,264.98,Product B,891926,Paris
3509,2022-09-05,803.08,Product A,893916,New York
6896,2022-09-05,122.05,Product C,896129,Tokyo
5067,2022-09-06,492.45,Product C,892352,Tokyo
4617,2022-09-06,1014.42,Product A,894921,Tokyo
9538,2022-09-06,762.31,Product D,895345,London
5819,2022-09-06,728.73,Product B,893643,Tokyo
9510,2022-09-06,1354.01,Product D,895489,New York
3535,2022-09-06,903.1,Product B,895300,Paris
4695,2022-09-06,336.96,Product B,891096,London
8269,2022-09-06,1265.04,Product A,891128,Paris
5694,2022-09-06,1007.54,Product B,893781,London
9788,2022-09-06,345.64,Product B,892642,Tokyo
2425,2022-09-06,708.83,Product D,893115,New York
5920,2022-09-06,966.31,Product A,891626,Tokyo
8418,2022-09-06,115.65,Product B,892060,Paris
8609,2022-09-06,1055.49,Product C,891568,New York
4765,2022-09-06,359.81,Product A,893216,Tokyo
9307,2022-09-06,230.09,Product B,893105,New York
8043,2022-09-06,730.15,Product D,896508,London
5334,2022-09-06,1225.93,Product B,896464,New York
9693,2022-09-06,445.0,Product B,894216,London
8796,2022-09-06,733.69,Product A,894673,Tokyo
3709,2022-09-07,1236.74,Product C,890510,New York
5469,2022-09-07,1780.91,Product A,893622,New York
2229,2022-09-07,554.48,Product B,895263,New York
3607,2022-09-07,1232.35,Product C,896016,Tokyo
8758,2022-09-07,783.25,Product C,895252,New York
7797,2022-09-07,974.09,Product C,890423,Tokyo
4271,2022-09-07,223.21,Product D,890747,New York
2902,2022-09-07,834.68,Product B,890765,New York
8001,2022-09-07,823.35,Product A,896832,New York
9615,2022-09-07,204.12,Product B,894898,New York
4150,2022-09-07,742.87,Product C,891802,Paris
6319,2022-09-07,669.38,Product B,896973,Paris
3399,2022-09-07,1551.58,Product A,892266,London
8094,2022-09-07,1744.27,Product B,892633,Paris
1992,2022-09-07,911.06,Product D,893275,London
7543,2022-09-07,464.48,Product D,892944,Paris
7809,2022-09-07,1331.47,Product B,895667,London
4022,2022-09-07,363.5,Product A,891307,Tokyo
9680,2022-09-07,670.02,Product A,891880,Paris
9105,2022-09-07,1531.47,Product D,892075,London
2417,2022-09-08,846.01,Product B,892255,Paris
5438,2022-09-08,1257.37,Product A,892437,Tokyo
2940,2022-09-08,759.96,Product D,894602,New York
6816,2022-09-08,1082.26,Product C,891209,New York
4232,2022-09-08,1051.83,Product D,893678,Tokyo
3846,2022-09-08,431.07,Product A,891425,Tokyo
7939,2022-09-08,418.64,Product B,892962,Tokyo
8879,2022-09-08,919.95,Product B,894561,New York
6770,2022-09-08,269.85,Product A,891203,London
6703,2022-09-08,546.41,Product B,892790,London
6210,2022-09-08,975.09,Product C,896589,New York
4275,2022-09-08,644.91,Product A,892170,New York
3662,2022-09-08,704.96,Product B,893359,New York
5687,2022-09-08,780.9,Product D,897183,Paris
2063,2022-09-08,827.37,Product A,894418,New York
1833,2022-09-08,370.96,Product B,896274,London
3521,2022-09-08,581.51,Product D,895558,Paris
1984,2022-09-08,277.62,Product D,892325,London
8685,2022-09-08,658.9,Product B,893631,Paris
3747,2022-09-08,428.4,Product C,895733,London
2658,2022-09-09,847.57,Product C,895901,London
5201,2022-09-09,398.67,Product D,896078,London
3230,2022-09-09,912.84,Product B,896308,Paris
3230,2022-09-09,857.86,Product A,896300,Paris
2847,2022-09-09,299.4,Product C,891765,Tokyo
8381,2022-09-09,940.5,Product D,897472,Tokyo
6963,2022-09-09,130.33,Product C,893168,Paris
4470,2022-09-09,256.36,Product B,897510,London
8579,2022-09-09,1892.98,Product D,891752,Tokyo
2404,2022-09-09,864.12,Product D,896326,Tokyo
3223,2022-09-09,324.98,Product C,897295,London
9004,2022-09-09,760.07,Product D,894565,London
4401,2022-09-09,761.83,Product C,890382,Paris
5051,2022-09-09,465.07,Product A,891461,Paris
2011,2022-09-09,364.21,Product A,896869,Paris
4727,2022-09-09,588.34,Product D,895937,New York
1207,2022-09-09,408.14,Product B,897080,New York
6277,2022-09-09,1546.92,Product C,894779,Tokyo
3634,2022-09-09,612.12,Product D,892767,New York
9510,2022-09-09,1348.28,Product C,895485,Paris
9693,2022-09-09,726.02,Product B,894213,Tokyo
4624,2022-09-09,891.29,Product D,897355,Paris
8796,2022-09-09,566.04,Product A,894668,New York
2036,2022-09-09,759.11,Product C,896146,New York
9514,2022-09-10,794.11,Product C,893749,Paris
8135,2022-09-10,1724.51,Product C,891364,London
2124,2022-09-10,1571.32,Product C,896352,Tokyo
2728,2022-09-10,376.99,Product D,896291,London
3267,2022-09-10,910.24,Product D,897202,Paris
4762,2022-09-10,794.06,Product D,891841,New York
9538,2022-09-10,805.93,Product D,895356,London
8362,2022-09-10,544.1,Product D,892288,Tokyo
1025,2022-09-10,117.89,Product D,894910,Tokyo
2404,2022-09-10,1141.55,Product C,896323,London
8269,2022-09-10,1477.6,Product D,891144,New York
2531,2022-09-10,957.66,Product B,893337,New York
6873,2022-09-10,262.02,Product C,894269,Tokyo
1713,2022-09-10,608.35,Product A,894968,New York
9564,2022-09-10,779.36,Product C,890819,Paris
8542,2022-09-10,1122.2,Product C,892885,Paris
8532,2022-09-10,453.69,Product C,897460,Paris
6517,2022-09-10,941.03,Product B,897336,Tokyo
1392,2022-09-10,1050.33,Product B,893834,London
9008,2022-09-10,1784.96,Product C,890683,Paris
8484,2022-09-10,274.16,Product A,896918,New York
2926,2022-09-10,234.4,Product C,897397,Tokyo
6828,2022-09-10,589.31,Product D,893285,New York
6820,2022-09-10,127.03,Product C,891561,London
9374,2022-09-10,360.53,Product B,892053,Paris
2341,2022-09-11,427.31,Product A,894279,New York
3399,2022-09-11,1507.0,Product C,892278,London
6598,2022-09-11,974.32,Product A,897565,Paris
1120,2022-09-11,1136.69,Product B,894233,Tokyo
9584,2022-09-11,573.32,Product B,890321,New York
8879,2022-09-11,1062.07,Product B,894559,London
6077,2022-09-11,825.02,Product B,890693,Paris
3203,2022-09-11,867.2,Product A,897419,Tokyo
1879,2022-09-11,108.36,Product D,890794,London
1464,2022-09-11,523.81,Product C,890658,New York
8370,2022-09-11,1056.44,Product B,895967,Paris
4157,2022-09-11,399.96,Product B,890999,Paris
7046,2022-09-11,213.7,Product B,893876,New York
2970,2022-09-11,460.46,Product D,897718,Tokyo
5382,2022-09-11,107.5,Product A,894855,Tokyo
4510,2022-09-11,507.17,Product B,894378,Tokyo
2617,2022-09-11,648.98,Product C,890219,Tokyo
1120,2022-09-12,1739.45,Product A,894227,New York
4982,2022-09-12,1658.16,Product C,897704,Tokyo
5861,2022-09-12,664.76,Product D,891494,Paris
9674,2022-09-12,1114.9,Product D,892835,New York
1166,2022-09-12,303.76,Product C,894327,Paris
7437,2022-09-12,802.46,Product D,892931,London
6302,2022-09-12,244.73,Product C,895712,London
8199,2022-09-12,567.45,Product A,894317,Paris
7984,2022-09-12,273.78,Product D,895470,Paris
1721,2022-09-12,454.44,Product B,897020,Paris
2527,2022-09-12,742.95,Product B,891721,London
2075,2022-09-12,1312.55,Product D,892411,Paris
7606,2022-09-12,1515.75,Product B,893055,Paris
5059,2022-09-12,756.93,Product D,892125,Paris
9700,2022-09-12,784.86,Product D,891661,Paris
2625,2022-09-12,195.97,Product D,897557,New York
3954,2022-09-12,161.54,Product B,896399,London
9267,2022-09-12,283.06,Product C,891186,New York
4762,2022-09-12,733.93,Product B,891850,New York
9426,2022-09-12,1641.46,Product A,896639,London
2752,2022-09-12,426.11,Product D,891907,Paris
5888,2022-09-12,250.7,Product B,894641,New York
2229,2022-09-12,388.63,Product A,895265,New York
2063,2022-09-12,958.49,Product C,894419,London
1721,2022-09-12,564.94,Product D,897035,London
8758,2022-09-13,600.08,Product D,895256,Tokyo
1960,2022-09-13,245.31,Product D,897602,Tokyo
1108,2022-09-13,1660.77,Product A,894136,New York
2911,2022-09-13,524.34,Product D,890972,London
1721,2022-09-13,907.99,Product B,897033,Paris
2526,2022-09-13,615.18,Product B,893993,Paris
5742,2022-09-13,580.24,Product D,892522,New York
2869,2022-09-13,488.85,Product D,896739,London
1992,2022-09-13,895.04,Product B,893278,Tokyo
9393,2022-09-13,200.31,Product C,892481,Paris
2035,2022-09-13,816.42,Product B,895015,Tokyo
1190,2022-09-13,289.13,Product C,895141,Paris
8483,2022-09-13,894.41,Product C,890058,New York
7022,2022-09-13,836.05,Product D,897373,Tokyo
2035,2022-09-13,1178.65,Product B,895026,Tokyo
8195,2022-09-13,886.76,Product A,890876,London
2041,2022-09-13,1575.09,Product B,894029,London
4510,2022-09-13,934.46,Product B,894381,Tokyo
2975,2022-09-13,684.56,Product D,897119,Tokyo
5087,2022-09-13,975.11,Product B,890276,Paris
8982,2022-09-13,1295.83,Product D,895226,New York
6598,2022-09-13,1319.14,Product D,897561,Paris
6644,2022-09-13,1007.14,Product A,895516,Paris
7785,2022-09-13,807.33,Product A,892150,New York
8317,2022-09-13,321.49,Product C,890067,Paris
4762,2022-09-14,952.53,Product A,891842,New York
3399,2022-09-14,1949.34,Product D,892275,Paris
9674,2022-09-14,1610.5,Product A,892840,Tokyo
3804,2022-09-14,437.25,Product B,895332,New York
2101,2022-09-14,213.0,Product A,891792,Tokyo
1108,2022-09-14,1516.08,Product A,894113,New York
7025,2022-09-14,320.4,Product A,896186,Paris
9564,2022-09-14,828.79,Product A,890815,Tokyo
2890,2022-09-14,187.73,Product B,896222,New York
4157,2022-09-14,397.66,Product B,891000,Paris
9289,2022-09-14,421.85,Product C,893171,New York
1992,2022-09-14,779.46,Product C,893280,Tokyo
9821,2022-09-14,536.2,Product C,891350,Paris
2940,2022-09-14,1019.12,Product B,894590,Tokyo
8254,2022-09-14,547.46,Product D,893206,Tokyo
2765,2022-09-14,353.95,Product D,896251,Tokyo
3735,2022-09-14,500.13,Product A,892997,New York
5742,2022-09-14,732.25,Product B,892519,London
2404,2022-09-14,1497.59,Product A,896318,London
9747,2022-09-14,896.77,Product B,892331,Paris
6482,2022-09-14,531.15,Product A,890572,London
6850,2022-09-15,1712.19,Product B,896557,Paris
7557,2022-09-15,936.22,Product D,893829,New York
3709,2022-09-15,1207.17,Product D,890521,Tokyo
7461,2022-09-15,674.08,Product C,890490,Paris
4054,2022-09-15,432.97,Product C,891431,Tokyo
7870,2022-09-15,86.06,Product D,891602,Tokyo
2228,2022-09-15,532.9,Product C,890156,New York
1212,2022-09-15,594.57,Product C,895990,New York
7334,2022-09-15,796.08,Product C,892719,Tokyo
9622,2022-09-15,674.69,Product B,897231,Paris
9462,2022-09-15,444.31,Product B,897105,Tokyo
2075,2022-09-15,1161.45,Product D,892416,London
6816,2022-09-15,1329.54,Product C,891214,New York
5179,2022-09-15,373.68,Product D,896367,Tokyo
4371,2022-09-15,1511.6,Product A,892187,New York
8982,2022-09-15,1003.77,Product A,895229,New York
7418,2022-09-15,937.33,Product C,892313,Tokyo
3221,2022-09-16,881.44,Product C,896204,Tokyo
5809,2022-09-16,270.95,Product B,891550,Paris
3578,2022-09-16,861.85,Product A,893016,Paris
6850,2022-09-16,1079.81,Product C,896546,Paris
6277,2022-09-16,1152.41,Product D,894787,Tokyo
3937,2022-09-16,570.8,Product B,890797,New York
2344,2022-09-16,926.62,Product A,892153,Paris
5521,2022-09-16,181.36,Product B,893396,London
8429,2022-09-16,719.5,Product A,891034,London
9311,2022-09-16,274.09,Product C,896911,London
4214,2022-09-16,148.18,Product C,892752,New York
7437,2022-09-16,1034.81,Product C,892926,London
8579,2022-09-16,1484.95,Product C,891735,London
8195,2022-09-16,810.43,Product C,890868,London
4154,2022-09-16,1064.02,Product B,892591,New York
8579,2022-09-16,1320.52,Product C,891738,Tokyo
2988,2022-09-16,1216.21,Product C,893900,Paris
7557,2022-09-16,1673.51,Product A,893821,Paris
9674,2022-09-16,921.58,Product D,892842,New York
9514,2022-09-16,714.78,Product A,893751,Tokyo
9954,2022-09-16,964.7,Product C,896130,New York
4150,2022-09-16,611.11,Product B,891799,Paris
7078,2022-09-16,237.65,Product C,895290,New York
4812,2022-09-16,419.0,Product B,892604,Tokyo
6236,2022-09-16,938.33,Product A,895448,Tokyo
1136,2022-09-16,781.92,Product C,890594,Tokyo
2035,2022-09-17,601.51,Product D,895007,Tokyo
3762,2022-09-17,368.14,Product D,894633,New York
4608,2022-09-17,1109.94,Product D,890017,Paris
1990,2022-09-17,1693.06,Product D,897674,Tokyo
6934,2022-09-17,439.1,Product D,894996,London
7418,2022-09-17,457.36,Product B,892311,Tokyo
9376,2022-09-17,1619.61,Product B,894609,London
1392,2022-09-17,1000.72,Product C,893850,London
3858,2022-09-17,181.6,Product B,890946,Tokyo
4743,2022-09-17,1049.38,Product D,893476,New York
4517,2022-09-17,625.53,Product B,897446,Paris
6295,2022-09-17,916.88,Product C,897258,Paris
4275,2022-09-17,851.8,Product C,892173,New York
5735,2022-09-17,132.02,Product D,895675,Paris
1514,2022-09-17,1239.45,Product C,897144,Paris
1500,2022-09-17,639.78,Product A,891885,London
5460,2022-09-17,805.23,Product C,894176,New York
8595,2022-09-17,637.09,Product C,896908,Paris
7078,2022-09-17,217.68,Product A,895286,Paris
8657,2022-09-18,475.95,Product C,896572,Paris
9328,2022-09-18,665.18,Product D,893254,Paris
9482,2022-09-18,1067.64,Product A,890050,New York
2988,2022-09-18,995.62,Product D,893904,Paris
8450,2022-09-18,569.67,Product C,897497,London
9897,2022-09-18,781.69,Product A,894695,New York
9821,2022-09-18,909.13,Product B,891342,Paris
3406,2022-09-18,1078.97,Product C,890429,London
7434,2022-09-18,692.23,Product C,894103,New York
7434,2022-09-18,664.43,Product A,894099,Paris
2489,2022-09-18,479.35,Product A,896120,Tokyo
1392,2022-09-18,918.81,Product C,893845,London
6068,2022-09-18,311.55,Product C,891678,Tokyo
5687,2022-09-19,771.21,Product D,897172,Tokyo
4982,2022-09-19,1540.06,Product C,897716,Tokyo
2988,2022-09-19,1010.08,Product A,893897,New York
6236,2022-09-19,1016.06,Product D,895453,London
8982,2022-09-19,673.18,Product B,895247,Paris
3926,2022-09-19,716.89,Product D,897264,New York
9289,2022-09-19,701.31,Product C,893175,New York
4990,2022-09-19,375.39,Product D,890954,Paris
4646,2022-09-19,180.1,Product D,896074,London
8705,2022-09-19,475.39,Product C,890146,Tokyo
1828,2022-09-19,613.59,Product D,895163,New York
3879,2022-09-19,449.9,Product A,895167,London
1212,2022-09-19,691.29,Product D,896000,Tokyo
3173,2022-09-19,727.26,Product A,895686,Paris
5350,2022-09-19,367.49,Product D,895082,Tokyo
9510,2022-09-19,1150.64,Product C,895491,New York
9008,2022-09-19,1798.86,Product C,890676,Paris
2294,2022-09-19,164.45,Product C,892942,London
3399,2022-09-19,1849.93,Product A,892267,London
7437,2022-09-19,1041.49,Product A,892920,London
8879,2022-09-19,1768.65,Product C,894535,New York
3384,2022-09-19,534.63,Product B,895876,New York
8311,2022-09-20,118.66,Product B,891541,London
9289,2022-09-20,559.91,Product C,893174,New York
5687,2022-09-20,1536.15,Product B,897184,Paris
2501,2022-09-20,260.69,Product B,895365,New York
8370,2022-09-20,828.25,Product A,895970,London
2501,2022-09-20,291.66,Product C,895364,Paris
3880,2022-09-20,647.87,Product B,897544,Paris
5105,2022-09-20,394.0,Product B,891453,Tokyo
2658,2022-09-20,1502.22,Product D,895896,London
5254,2022-09-20,345.29,Product C,891382,London
1500,2022-09-20,614.54,Product D,891887,New York
6634,2022-09-20,594.06,Product B,892224,Paris
4868,2022-09-20,1081.41,Product C,897001,London
6210,2022-09-20,1111.23,Product D,896587,Paris
9761,2022-09-20,1557.13,Product C,894964,London
4614,2022-09-20,1715.82,Product B,891985,Tokyo
8814,2022-09-20,332.11,Product A,890002,London
5905,2022-09-20,230.35,Product B,897487,London
4562,2022-09-21,557.56,Product A,895826,New York
5215,2022-09-21,584.68,Product C,895647,Paris
6420,2022-09-21,851.81,Product B,892867,New York
1711,2022-09-21,505.51,Product B,895747,Paris
1530,2022-09-21,540.93,Product C,894818,Tokyo
5622,2022-09-21,219.38,Product C,892103,New York
4150,2022-09-21,952.74,Product D,891812,New York
4150,2022-09-21,947.23,Product B,891795,Paris
6400,2022-09-21,1539.96,Product A,895319,Paris
4986,2022-09-21,448.1,Product C,892445,Tokyo
2336,2022-09-21,361.47,Product B,892113,New York
3878,2022-09-21,950.31,Product D,891051,Paris
2336,2022-09-21,498.16,Product C,892110,London
7025,2022-09-21,355.69,Product D,896183,Paris
4608,2022-09-21,1379.94,Product B,890020,Paris
2188,2022-09-21,200.5,Product C,890003,New York
8273,2022-09-21,1243.27,Product B,896230,Paris
4510,2022-09-21,543.79,Product D,894382,New York
1120,2022-09-21,973.44,Product C,894223,New York
5471,2022-09-21,637.71,Product A,893551,Paris
3662,2022-09-21,983.93,Product B,893372,New York
9210,2022-09-21,931.61,Product C,894156,London
5201,2022-09-21,651.17,Product D,896080,London
1193,2022-09-22,1680.7,Product D,895393,Tokyo
1029,2022-09-22,607.24,Product A,897634,New York
9797,2022-09-22,435.26,Product D,896257,Paris
6295,2022-09-22,783.28,Product B,897251,Paris
3450,2022-09-22,191.17,Product A,893974,Paris
4892,2022-09-22,581.55,Product D,894258,Paris
7821,2022-09-22,1011.73,Product B,893518,Paris
4157,2022-09-22,609.23,Product B,891006,London
4538,2022-09-22,89.22,Product D,896699,Tokyo
9426,2022-09-22,1011.37,Product D,896617,London
2843,2022-09-22,1090.49,Product D,893424,New York
3793,2022-09-22,379.08,Product C,892712,Paris
1517,2022-09-22,579.33,Product B,894643,Paris
4675,2022-09-22,856.3,Product A,895917,Paris
6939,2022-09-22,286.66,Product B,894514,Tokyo
9268,2022-09-22,555.24,Product C,892756,Tokyo
8770,2022-09-22,1183.81,Product B,890560,Tokyo
9128,2022-09-23,665.64,Product A,890121,Paris
3704,2022-09-23,687.7,Product B,896808,New York
5938,2022-09-23,1234.02,Product B,897666,London
5813,2022-09-23,122.69,Product B,890809,London
9740,2022-09-23,950.94,Product D,890653,New York
9426,2022-09-23,962.14,Product D,896623,London
5664,2022-09-23,854.54,Product C,895213,Paris
9004,2022-09-23,960.44,Product D,894575,London
1803,2022-09-23,336.69,Product C,890775,New York
6598,2022-09-23,1340.23,Product D,897568,Tokyo
5687,2022-09-23,873.9,Product A,897174,Tokyo
7693,2022-09-23,135.3,Product D,893663,Paris
6303,2022-09-23,477.4,Product C,895856,New York
7708,2022-09-23,1358.03,Product B,896721,Tokyo
6134,2022-09-23,495.25,Product B,895062,London
7146,2022-09-23,618.88,Product A,893743,Paris
1029,2022-09-23,819.69,Product C,897618,New York
6399,2022-09-23,982.39,Product C,893707,Tokyo
7932,2022-09-23,367.47,Product A,896467,London
9901,2022-09-23,398.29,Product A,894334,Tokyo
7511,2022-09-23,237.85,Product D,896267,Tokyo
5040,2022-09-23,510.65,Product C,895850,London
4302,2022-09-23,566.75,Product C,890262,Tokyo
3219,2022-09-23,311.16,Product B,892381,Tokyo
1643,2022-09-24,585.74,Product B,894480,Tokyo
1011,2022-09-24,909.76,Product D,892729,Tokyo
6499,2022-09-24,661.07,Product A,895120,Paris
8449,2022-09-24,174.35,Product A,890741,London
6188,2022-09-24,283.49,Product A,892939,London
3662,2022-09-24,944.22,Product D,893368,New York
8432,2022-09-24,114.47,Product B,892766,London
9907,2022-09-24,174.71,Product A,896468,Tokyo
8612,2022-09-24,470.86,Product A,895599,Tokyo
8195,2022-09-24,979.88,Product C,890881,New York
2658,2022-09-24,1750.2,Product A,895886,Paris
8598,2022-09-24,521.3,Product D,897057,London
8123,2022-09-24,148.25,Product D,891149,London
9747,2022-09-24,1589.6,Product D,892329,Paris
6499,2022-09-24,725.51,Product B,895113,Paris
7981,2022-09-24,698.73,Product A,891165,Paris
5059,2022-09-24,1422.97,Product D,892132,Paris
8405,2022-09-24,324.06,Product A,894171,London
2747,2022-09-24,661.64,Product D,891835,New York
6420,2022-09-24,673.96,Product C,892870,Paris
1972,2022-09-24,535.79,Product C,894681,Paris
7797,2022-09-24,965.04,Product C,890424,Tokyo
9328,2022-09-24,1118.21,Product D,893260,London
3578,2022-09-24,545.75,Product B,893020,New York
6210,2022-09-24,1415.48,Product A,896596,New York
8616,2022-09-24,506.71,Product A,893531,New York
7821,2022-09-25,802.86,Product A,893513,Tokyo
6327,2022-09-25,571.06,Product C,897217,New York
3384,2022-09-25,740.26,Product A,895875,New York
3262,2022-09-25,274.3,Product B,894274,London
6236,2022-09-25,1341.29,Product C,895449,Tokyo
5494,2022-09-25,552.86,Product D,890200,New York
8179,2022-09-25,535.13,Product D,895843,Tokyo
3832,2022-09-25,616.9,Product D,894090,Paris
6582,2022-09-25,508.74,Product C,895616,Tokyo
9747,2022-09-25,1241.68,Product B,892341,New York
7022,2022-09-25,1361.13,Product C,897375,Paris
1392,2022-09-25,551.65,Product C,893857,London
2879,2022-09-25,426.92,Product C,895370,London
3535,2022-09-25,479.4,Product D,895301,London
9700,2022-09-25,586.11,Product D,891666,New York
5687,2022-09-25,956.3,Product D,897176,Tokyo
5933,2022-09-25,151.36,Product B,892165,Tokyo
9538,2022-09-25,1210.21,Product C,895355,London
8450,2022-09-25,483.68,Product C,897496,London
2747,2022-09-25,552.86,Product B,891828,New York
3709,2022-09-25,998.41,Product D,890528,New York
3634,2022-09-25,796.41,Product D,892773,New York
1392,2022-09-26,1077.54,Product A,893847,London
6703,2022-09-26,601.47,Product D,892796,Tokyo
2118,2022-09-26,512.62,Product A,893978,Paris
5582,2022-09-26,1003.33,Product D,896659,London
3392,2022-09-26,547.47,Product D,890964,Paris
3150,2022-09-26,1567.91,Product D,894298,Tokyo
8879,2022-09-26,1592.84,Product B,894556,New York
7955,2022-09-26,672.07,Product A,890618,Tokyo
3521,2022-09-26,485.82,Product B,895550,Paris
8821,2022-09-26,406.74,Product A,893240,New York
2791,2022-09-26,642.02,Product D,895424,Tokyo
4751,2022-09-26,813.47,Product A,893164,New York
2404,2022-09-26,1205.28,Product C,896342,London
5471,2022-09-26,654.53,Product A,893544,New York
4483,2022-09-26,768.85,Product A,895189,London
7981,2022-09-27,1283.95,Product C,891161,London
1392,2022-09-27,819.67,Product C,893853,London
4920,2022-09-27,132.81,Product A,895607,Tokyo
1715,2022-09-27,1420.35,Product D,892538,Tokyo
8001,2022-09-27,866.55,Product D,896831,New York
5742,2022-09-27,796.51,Product B,892518,London
3131,2022-09-27,1696.96,Product B,891242,London
2501,2022-09-27,271.23,Product D,895362,Paris
2970,2022-09-27,559.1,Product C,897726,New York
9806,2022-09-27,131.24,Product C,896644,Paris
4863,2022-09-27,569.85,Product C,894529,Tokyo
5438,2022-09-27,968.5,Product A,892438,Tokyo
9589,2022-09-27,342.86,Product C,891884,Tokyo
3871,2022-09-27,1182.49,Product C,895035,Tokyo
4116,2022-09-27,575.17,Product C,894387,Paris
5920,2022-09-27,1409.97,Product C,891643,London
2417,2022-09-27,559.16,Product B,892246,Tokyo
2075,2022-09-27,1522.94,Product B,892403,Paris
8199,2022-09-27,544.24,Product B,894313,New York
5285,2022-09-27,695.22,Product D,895074,New York
9266,2022-09-27,915.48,Product D,895099,Paris
9426,2022-09-28,1771.9,Product A,896624,London
1212,2022-09-28,340.53,Product D,895991,Tokyo
9669,2022-09-28,732.95,Product A,891964,New York
8579,2022-09-28,1888.46,Product C,891750,Tokyo
4714,2022-09-28,291.34,Product D,896024,New York
6328,2022-09-28,150.25,Product D,897188,New York
5558,2022-09-28,595.63,Product B,896195,Tokyo
1500,2022-09-28,408.19,Product A,891893,London
9674,2022-09-28,1785.55,Product B,892836,New York
6077,2022-09-28,800.74,Product A,890706,Tokyo
2041,2022-09-28,783.17,Product A,894027,London
7670,2022-09-28,1720.72,Product B,894210,Tokyo
6399,2022-09-28,1074.07,Product B,893698,Tokyo
2747,2022-09-28,716.35,Product D,891829,New York
5201,2022-09-28,350.53,Product A,896077,Tokyo
7939,2022-09-28,553.21,Product D,892958,Tokyo
4804,2022-09-28,918.68,Product C,891705,New York
1601,2022-09-28,106.82,Product C,891076,Paris
2940,2022-09-28,1372.17,Product C,894579,New York
1721,2022-09-28,609.01,Product A,897025,Paris
4608,2022-09-28,1276.61,Product D,890010,Paris
9864,2022-09-28,389.99,Product D,890191,New York
8225,2022-09-28,256.68,Product A,892661,Paris
5438,2022-09-29,1430.41,Product A,892427,London
4675,2022-09-29,678.83,Product B,895915,Paris
3262,2022-09-29,170.02,Product B,894273,Paris
1886,2022-09-29,226.84,Product C,892386,Paris
2425,2022-09-29,727.31,Product D,893119,London
9835,2022-09-29,160.81,Product D,891016,London
9064,2022-09-29,645.78,Product C,894337,Paris
9129,2022-09-29,551.91,Product C,891070,New York
7883,2022-09-29,1621.11,Product A,893195,New York
5334,2022-09-29,1335.99,Product D,896462,New York
6399,2022-09-29,1175.52,Product B,893704,Tokyo
7557,2022-09-29,1725.65,Product A,893819,New York
2551,2022-09-29,454.63,Product B,893799,Paris
8135,2022-09-29,1694.93,Product C,891363,New York
4617,2022-09-29,1669.14,Product D,894934,London
5521,2022-09-29,282.71,Product C,893395,Tokyo
3607,2022-09-29,1198.36,Product C,896005,New York
9700,2022-09-29,633.27,Product A,891648,Paris
9756,2022-09-29,204.15,Product B,893380,Tokyo
4196,2022-09-29,931.87,Product A,896705,London
3417,2022-09-29,841.54,Product D,895183,Tokyo
5334,2022-09-30,1273.22,Product B,896439,New York
5334,2022-09-30,864.43,Product B,896450,New York
1990,2022-09-30,1741.15,Product B,897678,Tokyo
6228,2022-09-30,276.3,Product D,891769,New York
2234,2022-09-30,286.73,Product B,891293,London
1500,2022-09-30,787.52,Product B,891894,New York
3804,2022-09-30,460.75,Product A,895334,London
8863,2022-09-30,160.6,Product A,893771,Tokyo
8362,2022-09-30,761.99,Product C,892291,London
9482,2022-09-30,605.88,Product D,890049,Tokyo
9689,2022-09-30,998.23,Product D,896029,Paris
3267,2022-09-30,595.88,Product C,897207,Paris
9105,2022-09-30,1277.14,Product B,892088,Paris
9008,2022-09-30,1181.54,Product C,890668,Tokyo
9571,2022-09-30,519.26,Product C,891412,London
3287,2022-09-30,717.23,Product A,891785,Tokyo
8195,2022-09-30,743.64,Product C,890878,New York
5371,2022-10-01,809.7,Product B,891248,London
4275,2022-10-01,652.68,Product A,892172,New York
9482,2022-10-01,534.22,Product A,890029,New York
4751,2022-10-01,492.28,Product A,893157,Paris
9747,2022-10-01,794.36,Product A,892328,Paris
9802,2022-10-01,138.11,Product D,893299,Paris
4291,2022-10-01,481.44,Product B,891529,Paris
9465,2022-10-01,1580.76,Product D,891945,London
4675,2022-10-01,1130.73,Product A,895909,Paris
2502,2022-10-01,717.57,Product C,897588,London
5469,2022-10-01,1316.69,Product C,893614,Paris
6295,2022-10-01,594.15,Product D,897249,Paris
9128,2022-10-01,416.56,Product A,890123,Paris
1992,2022-10-01,760.89,Product C,893274,London
4387,2022-10-01,1343.75,Product D,895137,Tokyo
2417,2022-10-01,923.08,Product B,892254,Paris
6598,2022-10-02,1809.31,Product C,897558,Paris
2809,2022-10-02,197.65,Product C,890845,New York
1685,2022-10-02,415.81,Product C,894861,London
6277,2022-10-02,942.48,Product D,894788,Tokyo
2417,2022-10-02,859.39,Product D,892242,Tokyo
2582,2022-10-02,858.68,Product C,896097,London
4868,2022-10-02,1663.13,Product D,896996,London
8575,2022-10-02,153.86,Product A,895391,London
7981,2022-10-02,1181.69,Product D,891150,Paris
1207,2022-10-02,456.38,Product A,897081,Tokyo
9328,2022-10-02,955.94,Product C,893265,Paris
4291,2022-10-02,502.02,Product C,891525,London
6869,2022-10-02,317.06,Product A,896478,Paris
5938,2022-10-02,795.08,Product B,897653,London
2902,2022-10-02,576.49,Product D,890769,New York
8529,2022-10-02,243.22,Product D,890140,Paris
5471,2022-10-02,729.8,Product A,893547,Paris
4923,2022-10-02,209.77,Product A,890475,New York
3719,2022-10-02,340.41,Product A,894881,London
1813,2022-10-02,470.59,Product B,893298,London
2036,2022-10-02,1312.51,Product A,896142,London
1514,2022-10-02,904.09,Product D,897145,Tokyo
7484,2022-10-03,677.98,Product D,890993,Tokyo
3287,2022-10-03,506.45,Product A,891780,Paris
3634,2022-10-03,738.9,Product D,892777,Tokyo
2691,2022-10-03,527.97,Product A,895639,London
4555,2022-10-03,1022.48,Product B,894004,London
9669,2022-10-03,723.98,Product A,891957,Paris
2791,2022-10-03,453.53,Product B,895422,Tokyo
8179,2022-10-03,521.18,Product D,895836,New York
4675,2022-10-03,730.82,Product D,895912,Paris
7256,2022-10-03,366.51,Product C,894141,London
8542,2022-10-03,863.35,Product B,892896,Tokyo
6319,2022-10-03,429.01,Product D,896972,London
9210,2022-10-03,462.36,Product A,894160,New York
9129,2022-10-03,302.88,Product A,891072,Paris
8770,2022-10-03,1188.8,Product B,890568,Tokyo
2494,2022-10-03,264.01,Product B,890950,London
4913,2022-10-03,317.94,Product A,897074,Paris
9821,2022-10-03,1006.06,Product A,891345,London
9510,2022-10-04,776.65,Product B,895479,Paris
1193,2022-10-04,1563.7,Product C,895398,Paris
8982,2022-10-04,739.07,Product B,895223,New York
8504,2022-10-04,880.34,Product A,895205,Paris
4675,2022-10-04,1093.6,Product A,895919,Tokyo
2582,2022-10-04,732.57,Product C,896098,London
9761,2022-10-04,1196.35,Product B,894956,London
5762,2022-10-04,958.96,Product A,895282,London
8814,2022-10-04,328.92,Product A,890000,New York
9442,2022-10-04,284.95,Product D,892531,London
8579,2022-10-04,1541.53,Product C,891737,London
8719,2022-10-04,840.45,Product A,890134,Tokyo
4291,2022-10-04,862.49,Product C,891530,London
9740,2022-10-04,741.92,Product D,890639,London
4868,2022-10-04,1498.75,Product A,896995,London
4943,2022-10-04,450.74,Product C,891505,New York
9700,2022-10-04,1046.04,Product D,891662,New York
3369,2022-10-05,431.11,Product A,893133,Tokyo
9064,2022-10-05,389.72,Product C,894340,Paris
9128,2022-10-05,451.33,Product A,890122,Paris
1749,2022-10-05,337.2,Product D,892384,New York
9105,2022-10-05,975.78,Product A,892081,London
6742,2022-10-05,382.72,Product A,891922,Tokyo
5011,2022-10-05,583.99,Product D,893959,Tokyo
9328,2022-10-05,975.75,Product D,893259,Paris
1323,2022-10-05,334.18,Product A,890459,Paris
3521,2022-10-05,596.94,Product A,895557,New York
8043,2022-10-05,383.72,Product D,896503,London
2847,2022-10-05,280.85,Product B,891768,Paris
1440,2022-10-05,718.95,Product A,897738,Tokyo
9105,2022-10-05,1247.37,Product B,892069,London
4555,2022-10-05,1139.73,Product C,894008,London
4185,2022-10-05,508.07,Product B,895706,Paris
7116,2022-10-05,236.07,Product A,895509,London
6873,2022-10-05,254.1,Product C,894272,Tokyo
1753,2022-10-05,1181.43,Product D,890542,London
4161,2022-10-06,431.69,Product D,890153,London
3406,2022-10-06,857.71,Product D,890450,Paris
9689,2022-10-06,1464.08,Product B,896033,Paris
9785,2022-10-06,183.37,Product A,892698,London
9129,2022-10-06,362.26,Product A,891074,Paris
6277,2022-10-06,827.64,Product D,894772,Tokyo
5285,2022-10-06,748.27,Product C,895072,New York
8770,2022-10-06,1321.77,Product C,890557,London
7049,2022-10-06,274.88,Product A,894719,London
4913,2022-10-06,243.42,Product C,897070,London
3704,2022-10-06,1167.7,Product C,896827,New York
5281,2022-10-06,680.57,Product D,896945,Tokyo
6236,2022-10-06,921.16,Product B,895441,Tokyo
4762,2022-10-06,900.73,Product D,891857,New York
2832,2022-10-06,203.45,Product C,890600,London
4788,2022-10-06,281.97,Product D,893128,New York
8879,2022-10-06,1203.43,Product B,894543,London
1182,2022-10-06,417.18,Product A,894624,Paris
5477,2022-10-06,636.13,Product A,895526,Paris
1505,2022-10-06,382.73,Product A,896487,London
2902,2022-10-06,402.18,Product A,890766,Paris
4387,2022-10-06,1437.89,Product A,895129,Tokyo
7251,2022-10-06,272.42,Product D,893138,New York
6688,2022-10-06,563.71,Product D,894366,New York
9482,2022-10-06,622.6,Product D,890045,New York
4743,2022-10-06,1051.79,Product A,893479,Paris
3878,2022-10-06,856.77,Product D,891050,Tokyo
6295,2022-10-07,955.32,Product C,897252,Tokyo
4532,2022-10-07,723.73,Product A,893865,New York
8317,2022-10-07,370.21,Product A,890068,New York
5803,2022-10-07,286.11,Product A,896772,New York
4532,2022-10-07,734.38,Product A,893864,New York
6876,2022-10-07,1388.94,Product D,896665,Tokyo
7099,2022-10-07,334.39,Product B,893097,New York
8758,2022-10-07,383.11,Product A,895250,Tokyo
3399,2022-10-07,1056.0,Product C,892273,Paris
1924,2022-10-07,213.51,Product A,891020,Paris
5512,2022-10-07,799.27,Product D,893333,New York
8244,2022-10-07,280.4,Product A,895504,New York
1517,2022-10-07,329.98,Product A,894645,New York
5067,2022-10-07,552.59,Product C,892360,Tokyo
3203,2022-10-07,797.96,Product B,897424,New York
8895,2022-10-07,221.23,Product C,892911,Paris
4616,2022-10-07,602.8,Product A,894800,New York
6210,2022-10-07,1075.76,Product D,896593,New York
6570,2022-10-07,650.8,Product A,897615,Paris
9821,2022-10-07,651.0,Product D,891361,London
2848,2022-10-08,1676.15,Product C,890340,New York
2526,2022-10-08,534.97,Product C,893998,Tokyo
2296,2022-10-08,970.55,Product C,891287,London
7781,2022-10-08,654.3,Product B,890305,Paris
1803,2022-10-08,325.21,Product C,890777,New York
8770,2022-10-08,1322.77,Product D,890553,Tokyo
6638,2022-10-08,1086.64,Product D,890175,Paris
2531,2022-10-08,789.44,Product D,893341,New York
6614,2022-10-08,637.18,Product D,893492,London
7431,2022-10-08,168.86,Product A,894712,New York
2848,2022-10-08,880.57,Product B,890347,Tokyo
5809,2022-10-08,219.32,Product C,891546,Tokyo
9129,2022-10-08,491.37,Product C,891068,New York
8094,2022-10-08,1387.39,Product A,892619,Paris
4765,2022-10-08,559.41,Product A,893218,Tokyo
7670,2022-10-08,1359.41,Product A,894196,Tokyo
1230,2022-10-08,866.0,Product A,897407,London
2075,2022-10-08,1091.72,Product C,892410,Paris
5634,2022-10-08,111.5,Product A,893227,London
5520,2022-10-09,1268.86,Product D,896277,London
1182,2022-10-09,401.79,Product D,894625,New York
8490,2022-10-09,760.0,Product B,890857,New York
9564,2022-10-09,872.41,Product A,890811,Paris
6221,2022-10-09,326.55,Product B,891924,New York
3173,2022-10-09,593.23,Product A,895687,Paris
4743,2022-10-09,1076.39,Product D,893480,New York
7622,2022-10-09,491.47,Product D,897305,New York
5087,2022-10-09,964.01,Product A,890277,Paris
4555,2022-10-09,1204.85,Product C,894017,London
6319,2022-10-09,424.48,Product C,896975,Paris
6085,2022-10-09,612.16,Product A,891616,Tokyo
5819,2022-10-09,1131.61,Product B,893636,Tokyo
4387,2022-10-09,836.87,Product A,895125,Tokyo
3634,2022-10-10,855.96,Product B,892772,New York
2336,2022-10-10,579.3,Product A,892111,New York
1919,2022-10-10,561.9,Product C,892343,Tokyo
1920,2022-10-10,308.55,Product A,891715,London
3662,2022-10-10,516.78,Product B,893371,Tokyo
5331,2022-10-10,991.39,Product D,893008,London
7753,2022-10-10,1565.72,Product A,892005,New York
2296,2022-10-10,840.42,Product A,891288,Tokyo
6293,2022-10-10,606.86,Product A,891110,New York
7809,2022-10-10,1599.07,Product C,895658,London
1685,2022-10-10,401.44,Product C,894856,London
7434,2022-10-10,512.5,Product B,894104,New York
4291,2022-10-10,801.06,Product B,891528,London
8450,2022-10-10,479.54,Product A,897502,London
7484,2022-10-11,367.69,Product B,890995,London
5687,2022-10-11,1344.59,Product A,897175,Tokyo
5564,2022-10-11,174.34,Product D,897097,London
5088,2022-10-11,108.05,Product D,895325,Paris
3509,2022-10-11,916.66,Product D,893914,New York
5450,2022-10-11,231.27,Product C,891011,London
8909,2022-10-11,324.89,Product B,890788,Tokyo
5471,2022-10-11,445.07,Product B,893549,Paris
9954,2022-10-11,916.65,Product B,896140,London
3363,2022-10-11,568.6,Product D,891442,Paris
7807,2022-10-11,688.55,Product B,896796,New York
6517,2022-10-11,1016.41,Product B,897342,Tokyo
4371,2022-10-11,1502.2,Product C,892193,London
6381,2022-10-11,424.48,Product C,896697,New York
9426,2022-10-11,1434.29,Product D,896618,Paris
4522,2022-10-11,631.66,Product D,896855,Paris
2655,2022-10-11,870.52,Product A,892687,New York
1651,2022-10-11,269.46,Product B,891755,Tokyo
7049,2022-10-11,264.19,Product A,894717,New York
3662,2022-10-11,800.69,Product C,893366,New York
7434,2022-10-11,435.37,Product B,894100,New York
5033,2022-10-11,554.25,Product B,894721,Paris
9897,2022-10-11,498.3,Product B,894697,Tokyo
8504,2022-10-11,433.12,Product B,895210,London
4892,2022-10-11,357.4,Product D,894255,New York
6277,2022-10-11,1777.51,Product A,894776,New York
5837,2022-10-11,551.38,Product C,890104,Paris
3203,2022-10-12,1113.11,Product A,897425,New York
5224,2022-10-12,145.87,Product D,890494,Paris
5673,2022-10-12,118.26,Product B,893559,Paris
2489,2022-10-12,443.79,Product C,896122,London
1803,2022-10-12,472.3,Product C,890781,London
7543,2022-10-12,582.13,Product C,892945,Tokyo
9268,2022-10-12,372.09,Product D,892753,Tokyo
4944,2022-10-12,406.49,Product D,891579,Tokyo
1645,2022-10-12,1033.08,Product C,892364,London
6644,2022-10-12,1014.1,Product A,895510,Tokyo
9571,2022-10-12,585.07,Product C,891408,Tokyo
1612,2022-10-12,805.14,Product D,895818,Tokyo
4617,2022-10-12,1346.49,Product B,894927,London
2582,2022-10-12,698.73,Product A,896102,Paris
9514,2022-10-12,608.41,Product B,893746,Tokyo
5762,2022-10-12,677.86,Product D,895277,London
3140,2022-10-13,475.86,Product A,893944,Paris
8429,2022-10-13,1073.55,Product A,891037,Tokyo
5438,2022-10-13,1614.07,Product A,892424,London
1193,2022-10-13,1599.58,Product C,895406,Paris
4052,2022-10-13,527.47,Product D,897531,Tokyo
9210,2022-10-13,480.6,Product B,894145,London
3871,2022-10-13,831.01,Product C,895027,Tokyo
4555,2022-10-13,851.16,Product B,894018,London
2940,2022-10-13,1452.61,Product A,894589,Tokyo
8598,2022-10-13,848.0,Product D,897052,London
6439,2022-10-13,748.91,Product A,894449,New York
1341,2022-10-13,161.52,Product B,892525,Tokyo
2083,2022-10-13,154.51,Product D,891297,New York
6934,2022-10-13,517.28,Product A,894993,London
7275,2022-10-13,1850.93,Product A,895142,London
6210,2022-10-13,1285.86,Product B,896598,Paris
9514,2022-10-13,1065.59,Product C,893744,Paris
8292,2022-10-13,331.3,Product A,890634,Paris
3762,2022-10-13,303.84,Product C,894631,Paris
2035,2022-10-13,1082.11,Product D,895019,Paris
8982,2022-10-13,1300.91,Product A,895239,Paris
2617,2022-10-14,946.49,Product D,890224,Tokyo
6761,2022-10-14,396.81,Product A,897549,Paris
6293,2022-10-14,434.26,Product B,891109,Tokyo
1992,2022-10-14,779.25,Product B,893276,Tokyo
4483,2022-10-14,797.11,Product C,895195,New York
4608,2022-10-14,1229.74,Product D,890006,Tokyo
9022,2022-10-14,495.81,Product C,892351,Tokyo
6776,2022-10-14,402.02,Product C,894891,New York
8483,2022-10-14,721.83,Product C,890059,Tokyo
3662,2022-10-14,891.31,Product A,893362,Tokyo
7566,2022-10-14,95.23,Product B,894345,London
5469,2022-10-14,1621.36,Product A,893605,Paris
4792,2022-10-14,595.48,Product D,892303,Paris
3230,2022-10-14,812.43,Product B,896309,London
3140,2022-10-14,705.12,Product B,893954,Paris
2843,2022-10-14,483.28,Product B,893423,New York
7418,2022-10-14,520.4,Product A,892322,Tokyo
3267,2022-10-15,617.07,Product B,897190,London
3879,2022-10-15,534.3,Product A,895166,London
3509,2022-10-15,563.55,Product C,893921,Paris
2121,2022-10-15,191.51,Product C,891321,Paris
9918,2022-10-15,364.4,Product A,894639,Paris
4751,2022-10-15,797.31,Product D,893167,Paris
8450,2022-10-15,380.87,Product A,897493,London
4943,2022-10-15,348.08,Product D,891509,New York
6638,2022-10-15,1315.4,Product C,890179,New York
9693,2022-10-15,720.28,Product A,894220,Tokyo
9508,2022-10-15,774.79,Product B,893934,Paris
3709,2022-10-15,1394.88,Product A,890511,New York
8273,2022-10-15,1758.68,Product D,896235,London
8195,2022-10-15,884.75,Product B,890874,London
9465,2022-10-15,1403.9,Product A,891940,Paris
6638,2022-10-15,1596.26,Product A,890161,Paris
7883,2022-10-15,872.01,Product C,893194,New York
9363,2022-10-15,507.39,Product A,894074,Tokyo
6829,2022-10-16,1526.21,Product B,894498,New York
3221,2022-10-16,1652.21,Product C,896208,Tokyo
3695,2022-10-16,719.7,Product D,891929,Tokyo
9514,2022-10-16,963.92,Product A,893750,Tokyo
5192,2022-10-16,190.84,Product B,895220,Paris
2527,2022-10-16,608.57,Product D,891723,London
2681,2022-10-16,280.75,Product C,893312,Paris
8324,2022-10-16,1601.25,Product D,892580,Paris
5762,2022-10-16,748.38,Product B,895283,London
4275,2022-10-16,528.01,Product A,892175,Tokyo
6439,2022-10-16,536.04,Product D,894427,New York
4675,2022-10-16,963.06,Product A,895925,Tokyo
4150,2022-10-16,771.04,Product A,891811,New York
2041,2022-10-16,838.54,Product A,894050,London
5450,2022-10-16,301.41,Product C,891012,Tokyo
7461,2022-10-16,469.17,Product A,890488,London
1919,2022-10-17,570.8,Product A,892346,London
1753,2022-10-17,684.51,Product A,890533,London
8429,2022-10-17,1285.09,Product C,891031,Tokyo
6781,2022-10-17,322.48,Product C,896756,Paris
7753,2022-10-17,855.11,Product A,892022,Tokyo
5687,2022-10-17,1100.32,Product C,897168,Paris
8657,2022-10-17,725.48,Product D,896578,Paris
5221,2022-10-17,806.96,Product D,897326,London
6860,2022-10-17,238.66,Product C,897523,Tokyo
1046,2022-10-17,197.79,Product B,892212,New York
5105,2022-10-17,625.24,Product C,891449,Tokyo
8359,2022-10-17,249.04,Product C,894760,Paris
1891,2022-10-17,688.98,Product B,896929,Paris
5106,2022-10-17,302.06,Product C,895474,Paris
4022,2022-10-17,471.54,Product A,891300,Paris
3607,2022-10-17,854.38,Product B,896003,New York
4232,2022-10-17,850.41,Product D,893670,New York
9918,2022-10-17,360.6,Product C,894636,New York
5938,2022-10-17,660.78,Product C,897659,New York
3793,2022-10-18,293.61,Product B,892709,Paris
7434,2022-10-18,695.53,Product D,894106,Paris
6400,2022-10-18,1780.38,Product D,895323,Tokyo
2848,2022-10-18,978.92,Product C,890349,Tokyo
3662,2022-10-18,650.52,Product C,893369,New York
3878,2022-10-18,1360.73,Product D,891056,Paris
3131,2022-10-18,899.06,Product C,891231,New York
3150,2022-10-18,1361.27,Product D,894292,Tokyo
6439,2022-10-18,759.01,Product B,894442,London
3140,2022-10-18,451.4,Product C,893951,Paris
6638,2022-10-18,1266.04,Product D,890164,New York
3879,2022-10-18,582.79,Product B,895176,London
3852,2022-10-18,382.19,Product C,896514,New York
5087,2022-10-18,1106.52,Product D,890271,Tokyo
4291,2022-10-18,494.19,Product C,891533,London
8199,2022-10-18,1143.16,Product D,894322,Paris
8317,2022-10-18,230.75,Product B,890066,Tokyo
2557,2022-10-18,315.75,Product D,892561,Paris
5938,2022-10-18,912.56,Product C,897655,London
3369,2022-10-18,755.93,Product D,893135,Tokyo
7775,2022-10-19,173.74,Product B,892465,Tokyo
3140,2022-10-19,423.45,Product D,893946,Paris
7753,2022-10-19,742.91,Product D,892025,New York
2195,2022-10-19,371.44,Product B,895590,Tokyo
1502,2022-10-19,294.49,Product C,890612,Tokyo
7291,2022-10-19,328.41,Product B,892800,Tokyo
2940,2022-10-19,1469.79,Product C,894595,New York
9689,2022-10-19,1720.23,Product D,896045,Paris
9022,2022-10-19,485.9,Product D,892350,London
4804,2022-10-19,855.5,Product B,891711,Paris
8595,2022-10-19,381.98,Product A,896907,London
9785,2022-10-19,217.09,Product D,892700,London
2843,2022-10-19,823.48,Product D,893426,New York
1207,2022-10-19,451.17,Product D,897084,Tokyo
4617,2022-10-19,893.86,Product C,894937,London
9538,2022-10-19,1159.44,Product D,895341,Tokyo
7622,2022-10-19,500.93,Product A,897304,Tokyo
6714,2022-10-19,143.0,Product D,894531,Paris
6517,2022-10-19,576.27,Product B,897330,New York
8094,2022-10-19,1451.36,Product A,892637,Paris
6295,2022-10-19,743.93,Product C,897245,Paris
3399,2022-10-19,1409.09,Product A,892270,Paris
8324,2022-10-19,1343.9,Product A,892566,Paris
8273,2022-10-19,792.96,Product B,896228,London
4517,2022-10-19,376.13,Product D,897447,New York
1193,2022-10-19,1068.95,Product B,895397,Paris
7018,2022-10-19,673.11,Product A,897512,New York
7484,2022-10-20,439.08,Product B,890988,Tokyo
9821,2022-10-20,482.15,Product A,891357,London
2577,2022-10-20,476.03,Product C,891312,Tokyo
6399,2022-10-20,737.06,Product A,893690,Tokyo
5781,2022-10-20,149.49,Product A,893485,London
6210,2022-10-20,1033.31,Product A,896588,Paris
4568,2022-10-20,489.63,Product B,890926,Tokyo
2679,2022-10-20,476.43,Product C,895457,Tokyo
6295,2022-10-20,903.89,Product A,897259,Tokyo
8625,2022-10-20,337.95,Product B,892394,London
9108,2022-10-20,247.41,Product D,894759,Paris
8043,2022-10-20,543.6,Product B,896504,London
2124,2022-10-20,954.69,Product C,896346,Tokyo
4743,2022-10-20,817.09,Product A,893464,Paris
1392,2022-10-20,589.74,Product C,893848,New York
2832,2022-10-20,367.07,Product B,890599,London
2124,2022-10-20,1304.77,Product B,896351,Tokyo
7807,2022-10-20,732.06,Product C,896790,New York
8342,2022-10-20,908.74,Product B,896431,London
2940,2022-10-20,1288.47,Product C,894582,Tokyo
4751,2022-10-20,578.5,Product D,893142,New York
7807,2022-10-20,592.68,Product A,896791,New York
8342,2022-10-20,653.82,Product A,896436,London
2041,2022-10-21,1686.44,Product D,894047,London
6986,2022-10-21,559.62,Product C,894354,New York
1108,2022-10-21,1266.55,Product A,894137,New York
9788,2022-10-21,205.53,Product C,892644,Paris
2975,2022-10-21,1112.73,Product D,897123,Paris
3443,2022-10-21,157.4,Product B,897594,Paris
5285,2022-10-21,843.83,Product B,895069,New York
3221,2022-10-21,1195.63,Product B,896207,Tokyo
3846,2022-10-21,328.64,Product A,891423,Paris
8542,2022-10-21,604.38,Product D,892890,Tokyo
1372,2022-10-21,621.69,Product D,892454,Paris
5051,2022-10-21,921.01,Product C,891466,Paris
2843,2022-10-21,1061.85,Product B,893410,London
9004,2022-10-21,1620.27,Product D,894572,London
4982,2022-10-21,1700.38,Product D,897700,Paris
6885,2022-10-21,279.95,Product B,896116,Paris
3140,2022-10-21,816.42,Product D,893943,London
8719,2022-10-22,866.82,Product C,890138,New York
6068,2022-10-22,610.0,Product B,891673,Paris
3502,2022-10-22,135.05,Product A,893589,London
6077,2022-10-22,708.53,Product B,890689,Paris
9105,2022-10-22,1383.38,Product C,892070,London
8579,2022-10-22,1356.58,Product B,891751,Tokyo
4812,2022-10-22,423.66,Product A,892601,Tokyo
5201,2022-10-22,662.72,Product D,896081,London
7224,2022-10-22,791.1,Product A,890759,Tokyo
2118,2022-10-22,446.46,Product A,893984,New York
5499,2022-10-22,888.15,Product B,893731,Paris
2153,2022-10-22,308.08,Product A,896850,Tokyo
2617,2022-10-22,575.82,Product C,890234,New York
4788,2022-10-22,297.09,Product C,893126,London
6323,2022-10-22,692.0,Product C,897100,Paris
7883,2022-10-22,1643.88,Product D,893193,New York
9751,2022-10-22,592.95,Product B,895760,Tokyo
5450,2022-10-22,296.32,Product B,891015,London
6420,2022-10-23,1102.48,Product A,892869,New York
3024,2022-10-23,998.93,Product A,894460,Paris
9564,2022-10-23,495.49,Product A,890818,Tokyo
5938,2022-10-23,712.32,Product A,897639,London
4624,2022-10-23,907.54,Product C,897353,Paris
9871,2022-10-23,294.33,Product D,890188,London
5224,2022-10-23,148.63,Product C,890493,Tokyo
3203,2022-10-23,596.16,Product B,897423,Tokyo
1391,2022-10-23,258.6,Product A,891646,Paris
1721,2022-10-23,981.31,Product D,897029,Paris
4450,2022-10-23,374.74,Product B,891263,Paris
6614,2022-10-23,847.9,Product B,893505,London
9584,2022-10-23,564.77,Product D,890320,Tokyo
5308,2022-10-23,328.75,Product D,895695,Paris
3871,2022-10-23,999.79,Product D,895031,Paris
3024,2022-10-23,1142.42,Product D,894453,London
8414,2022-10-23,901.18,Product D,890909,Paris
1530,2022-10-23,1117.78,Product A,894816,Tokyo
9595,2022-10-24,301.45,Product A,891502,New York
8317,2022-10-24,203.02,Product C,890063,New York
2843,2022-10-24,693.64,Product D,893418,New York
3704,2022-10-24,1128.16,Product B,896811,New York
8368,2022-10-24,175.04,Product A,891973,Tokyo
1567,2022-10-24,384.32,Product A,894900,London
8370,2022-10-24,890.89,Product D,895960,London
8362,2022-10-24,506.15,Product D,892293,London
6582,2022-10-24,733.14,Product C,895619,London
2975,2022-10-24,913.99,Product D,897114,Tokyo
4532,2022-10-24,701.89,Product B,893863,New York
8511,2022-10-24,401.42,Product C,896057,Paris
8625,2022-10-24,537.37,Product D,892391,New York
1517,2022-10-24,590.54,Product D,894644,New York
2029,2022-10-24,314.66,Product B,890922,Tokyo
8399,2022-10-24,469.66,Product D,893774,Paris
1711,2022-10-24,624.62,Product D,895749,London
5520,2022-10-24,962.98,Product D,896281,Tokyo
5087,2022-10-24,1324.56,Product D,890274,Tokyo
5938,2022-10-24,710.12,Product B,897638,New York
5477,2022-10-24,743.83,Product A,895527,New York
9761,2022-10-24,1491.27,Product A,894954,London
9452,2022-10-24,586.32,Product C,896989,London
5938,2022-10-24,813.89,Product C,897665,London
1721,2022-10-24,953.76,Product C,897023,London
3880,2022-10-24,834.94,Product A,897543,London
3406,2022-10-24,1364.87,Product D,890442,Paris
8924,2022-10-24,169.73,Product B,895751,London
3173,2022-10-25,701.19,Product B,895678,Tokyo
9700,2022-10-25,828.37,Product A,891663,New York
5819,2022-10-25,1124.13,Product A,893635,Tokyo
9105,2022-10-25,1114.61,Product A,892083,Paris
1653,2022-10-25,290.88,Product A,895380,London
2153,2022-10-25,453.09,Product C,896851,Tokyo
1920,2022-10-25,328.0,Product C,891716,New York
9210,2022-10-25,517.93,Product C,894154,New York
4683,2022-10-25,283.04,Product C,894373,London
8807,2022-10-25,333.29,Product A,892498,New York
5201,2022-10-25,651.62,Product C,896087,Tokyo
3406,2022-10-25,1581.95,Product A,890437,Paris
6986,2022-10-25,586.65,Product D,894351,New York
1011,2022-10-25,891.15,Product D,892730,Paris
6236,2022-10-26,1436.86,Product A,895436,London
9907,2022-10-26,278.96,Product D,896473,Paris
8879,2022-10-26,1138.9,Product C,894541,London
5742,2022-10-26,575.75,Product D,892516,London
8273,2022-10-26,1567.27,Product A,896246,Paris
6614,2022-10-26,753.64,Product C,893495,London
3877,2022-10-26,821.91,Product A,891400,Paris
1193,2022-10-26,1715.78,Product C,895410,Tokyo
5694,2022-10-26,609.19,Product A,893779,London
6582,2022-10-26,1076.4,Product D,895620,Tokyo
6876,2022-10-26,857.69,Product D,896686,Tokyo
4054,2022-10-26,375.65,Product D,891429,London
6267,2022-10-26,373.8,Product D,894868,New York
2940,2022-10-26,797.82,Product C,894581,Tokyo
9426,2022-10-26,808.55,Product C,896630,London
4302,2022-10-26,479.16,Product C,890260,New York
5087,2022-10-27,802.38,Product A,890283,Tokyo
9105,2022-10-27,941.47,Product A,892068,Paris
8821,2022-10-27,375.43,Product D,893235,New York
4164,2022-10-27,877.11,Product B,891326,New York
4150,2022-10-27,689.5,Product C,891793,New York
8414,2022-10-27,914.04,Product C,890908,Tokyo
5105,2022-10-27,453.72,Product A,891446,Tokyo
6644,2022-10-27,521.25,Product B,895519,Paris
9426,2022-10-27,1782.68,Product D,896631,London
3607,2022-10-27,1030.91,Product C,896007,Tokyo
6967,2022-10-27,650.99,Product A,893585,London
1715,2022-10-27,889.71,Product B,892546,Tokyo
6939,2022-10-27,407.15,Product B,894508,New York
2624,2022-10-27,291.91,Product C,896528,London
8609,2022-10-27,1074.21,Product B,891572,New York
3878,2022-10-27,807.13,Product D,891055,Tokyo
1029,2022-10-27,742.05,Product B,897631,New York
2502,2022-10-28,740.68,Product B,897584,Tokyo
6939,2022-10-28,582.99,Product A,894507,New York
3538,2022-10-28,278.37,Product B,890587,Tokyo
4863,2022-10-28,472.61,Product C,894522,New York
6303,2022-10-28,407.83,Product A,895857,New York
8511,2022-10-28,280.93,Product B,896056,London
8342,2022-10-28,1054.39,Product B,896438,London
7453,2022-10-28,826.4,Product A,893069,London
8542,2022-10-28,737.31,Product A,892907,Paris
8595,2022-10-28,294.77,Product C,896900,London
9064,2022-10-28,555.79,Product C,894341,Paris
2654,2022-10-28,130.26,Product D,893201,Paris
3041,2022-10-28,267.83,Product B,895794,Tokyo
5762,2022-10-28,1186.72,Product C,895274,Tokyo
1753,2022-10-28,1192.65,Product D,890548,London
4116,2022-10-28,310.74,Product C,894393,New York
7334,2022-10-28,797.59,Product D,892720,Tokyo
2404,2022-10-28,1401.12,Product D,896327,London
7981,2022-10-28,1062.58,Product C,891174,Paris
2848,2022-10-28,1320.08,Product C,890336,New York
8368,2022-10-28,284.11,Product D,891976,New York
6383,2022-10-29,131.37,Product D,896965,Paris
8369,2022-10-29,730.2,Product B,896932,London
4450,2022-10-29,188.43,Product A,891261,New York
6107,2022-10-29,239.62,Product D,893316,Tokyo
2848,2022-10-29,1065.24,Product B,890345,New York
1228,2022-10-29,125.79,Product A,891938,Tokyo
9680,2022-10-29,409.59,Product D,891871,Paris
1392,2022-10-29,828.67,Product D,893835,New York
6934,2022-10-29,353.64,Product C,894995,London
5853,2022-10-29,338.16,Product B,891697,London
5920,2022-10-29,1479.24,Product D,891633,Tokyo
9173,2022-10-29,314.84,Product A,893455,New York
6431,2022-10-29,337.85,Product C,895543,New York
9426,2022-10-30,1212.86,Product A,896628,Paris
9673,2022-10-30,367.08,Product B,895797,Paris
3024,2022-10-30,948.91,Product A,894455,Paris
4371,2022-10-30,788.65,Product C,892191,London
1715,2022-10-30,739.91,Product A,892540,Tokyo
6688,2022-10-30,978.54,Product B,894364,New York
9266,2022-10-30,1944.22,Product C,895097,Tokyo
3747,2022-10-30,326.47,Product D,895732,London
8657,2022-10-30,835.57,Product A,896568,Paris
7251,2022-10-30,262.29,Product B,893137,Tokyo
9693,2022-10-30,869.62,Product C,894218,Tokyo
7521,2022-10-30,411.11,Product D,892645,New York
5216,2022-10-30,301.98,Product A,896173,Tokyo
3267,2022-10-30,729.09,Product C,897197,Paris
4868,2022-10-30,1650.91,Product C,897018,London
8135,2022-10-30,1559.27,Product B,891374,London
7965,2022-10-30,146.02,Product D,890784,Paris
7275,2022-10-30,2017.73,Product B,895151,Paris
2617,2022-10-30,792.11,Product D,890218,New York
4562,2022-10-30,728.09,Product B,895829,New York
7883,2022-10-31,1712.06,Product A,893183,Tokyo
8542,2022-10-31,1189.4,Product D,892903,Paris
2501,2022-10-31,270.37,Product A,895363,Paris
7916,2022-10-31,840.41,Product D,894814,Tokyo
1842,2022-10-31,134.18,Product D,892298,Paris
5350,2022-10-31,274.49,Product D,895090,Tokyo
5011,2022-10-31,516.74,Product C,893967,Tokyo
5281,2022-10-31,1022.79,Product C,896948,New York
3807,2022-10-31,189.17,Product A,890733,Paris
6134,2022-10-31,373.86,Product C,895060,London
1149,2022-10-31,631.6,Product D,891516,London
7670,2022-10-31,1338.35,Product A,894202,Tokyo
6967,2022-10-31,365.96,Product B,893580,Tokyo
7018,2022-10-31,554.33,Product D,897521,New York
8711,2022-10-31,129.16,Product A,891682,Paris
2404,2022-10-31,1614.54,Product D,896336,Tokyo
7911,2022-10-31,405.22,Product A,895000,Tokyo
7054,2022-10-31,186.73,Product C,892216,Paris
5664,2022-10-31,723.08,Product A,895218,Paris
1046,2022-10-31,320.5,Product D,892214,Paris
3148,2022-10-31,257.38,Product B,894660,Tokyo
7251,2022-10-31,178.76,Product B,893139,Tokyo
1803,2022-10-31,481.8,Product D,890779,London
7078,2022-10-31,228.08,Product A,895291,Paris
7209,2022-11-01,400.54,Product D,892781,New York
9266,2022-11-01,1017.73,Product B,895093,Paris
2531,2022-11-01,717.22,Product C,893336,New York
4868,2022-11-01,1788.47,Product C,897017,Tokyo
3340,2022-11-01,222.31,Product B,890480,Paris
9173,2022-11-01,564.62,Product B,893456,Tokyo
3709,2022-11-01,1294.76,Product A,890513,Tokyo
7825,2022-11-01,244.3,Product D,894946,London
1193,2022-11-01,1248.23,Product B,895412,Paris
3709,2022-11-01,823.83,Product B,890522,New York
9841,2022-11-01,597.68,Product B,891683,Paris
7753,2022-11-01,778.4,Product C,892008,Tokyo
7997,2022-11-01,428.99,Product D,897363,Tokyo
8273,2022-11-01,1363.47,Product A,896229,Paris
5334,2022-11-01,1160.39,Product D,896458,Paris
4617,2022-11-01,1093.63,Product A,894925,London
8724,2022-11-01,418.3,Product D,890088,Tokyo
1653,2022-11-01,281.41,Product D,895381,Paris
7434,2022-11-01,676.19,Product B,894108,New York
4626,2022-11-01,546.44,Product D,895199,London
8758,2022-11-01,461.28,Product B,895253,New York
8552,2022-11-02,155.78,Product D,890388,Tokyo
7018,2022-11-02,553.32,Product A,897519,New York
8612,2022-11-02,495.06,Product D,895603,Tokyo
1440,2022-11-02,798.05,Product B,897737,Paris
8821,2022-11-02,259.16,Product C,893239,Paris
5350,2022-11-02,299.12,Product C,895085,Paris
2195,2022-11-02,541.41,Product D,895586,London
9331,2022-11-02,483.93,Product D,893076,Paris
3363,2022-11-02,653.84,Product C,891435,New York
1990,2022-11-02,956.29,Product A,897667,Tokyo
5051,2022-11-02,768.56,Product A,891463,London
3267,2022-11-02,962.48,Product B,897198,London
2502,2022-11-02,615.43,Product B,897590,Tokyo
6598,2022-11-02,2042.13,Product A,897563,Tokyo
4614,2022-11-02,1587.36,Product B,891992,London
1753,2022-11-02,817.98,Product B,890539,London
5371,2022-11-02,757.65,Product D,891247,London
3213,2022-11-02,164.45,Product B,897554,London
6816,2022-11-02,967.7,Product C,891220,Tokyo
5920,2022-11-02,1703.79,Product B,891629,London
5809,2022-11-02,141.46,Product B,891549,Tokyo
5920,2022-11-02,939.09,Product B,891625,Tokyo
6236,2022-11-02,847.02,Product D,895427,Tokyo
7288,2022-11-02,191.53,Product A,896128,London
6776,2022-11-03,323.71,Product B,894890,Paris
7981,2022-11-03,1065.66,Product C,891158,London
7678,2022-11-03,175.23,Product B,892706,New York
5861,2022-11-03,873.96,Product A,891492,New York
6210,2022-11-03,880.32,Product A,896591,New York
9571,2022-11-03,789.0,Product C,891407,London
9751,2022-11-03,876.32,Product D,895758,Paris
7606,2022-11-03,864.13,Product B,893058,London
7883,2022-11-03,1345.67,Product B,893180,New York
5067,2022-11-03,769.91,Product A,892356,London
1514,2022-11-03,668.77,Product C,897143,Tokyo
3509,2022-11-03,913.11,Product B,893910,Paris
5994,2022-11-04,291.3,Product C,891117,London
8199,2022-11-04,694.6,Product D,894325,Paris
4982,2022-11-04,1416.77,Product D,897703,Tokyo
6482,2022-11-04,447.79,Product C,890579,London
8705,2022-11-04,319.8,Product A,890144,London
1972,2022-11-04,353.11,Product A,894680,Paris
7437,2022-11-04,673.25,Product A,892929,London
2975,2022-11-04,1046.92,Product C,897113,Tokyo
4568,2022-11-04,444.47,Product B,890923,Tokyo
2036,2022-11-04,816.9,Product C,896154,London
2419,2022-11-04,240.08,Product A,892049,Paris
6345,2022-11-04,343.47,Product B,892657,New York
7862,2022-11-04,1795.51,Product C,896872,Paris
4555,2022-11-04,550.68,Product A,894013,Tokyo
4617,2022-11-04,1853.4,Product C,894942,London
6869,2022-11-04,337.31,Product B,896485,Paris
8414,2022-11-04,570.97,Product C,890916,Tokyo
9044,2022-11-04,521.73,Product D,894684,New York
8925,2022-11-04,456.75,Product A,892036,Tokyo
2036,2022-11-05,795.09,Product D,896149,New York
1715,2022-11-05,1046.78,Product B,892551,London
3945,2022-11-05,1147.72,Product C,896383,Paris
1230,2022-11-05,823.95,Product B,897406,New York
2911,2022-11-05,598.46,Product D,890974,London
6816,2022-11-05,1051.98,Product C,891206,Tokyo
2502,2022-11-05,616.75,Product A,897585,Tokyo
5660,2022-11-05,131.49,Product D,894765,Paris
3384,2022-11-05,649.65,Product A,895877,London
8803,2022-11-05,527.59,Product C,892467,Paris
6277,2022-11-05,1072.71,Product C,894773,Tokyo
6703,2022-11-05,447.4,Product C,892791,Paris
5371,2022-11-05,1007.57,Product A,891254,Tokyo
4909,2022-11-05,523.93,Product A,890398,Paris
3695,2022-11-05,712.6,Product A,891927,Paris
9576,2022-11-05,760.83,Product B,892991,Paris
5059,2022-11-05,920.81,Product B,892126,Paris
5564,2022-11-05,214.14,Product A,897093,London
6822,2022-11-05,418.91,Product C,894981,London
9268,2022-11-05,577.25,Product B,892757,Tokyo
7717,2022-11-06,169.08,Product D,897215,Paris
5819,2022-11-06,1113.58,Product B,893649,New York
9622,2022-11-06,412.05,Product D,897232,London
3662,2022-11-06,1008.82,Product B,893347,Tokyo
8368,2022-11-06,244.69,Product A,891974,Tokyo
3704,2022-11-06,834.34,Product C,896819,New York
2658,2022-11-06,1458.67,Product A,895905,Paris
2682,2022-11-06,235.79,Product D,893230,London
6499,2022-11-06,636.15,Product D,895117,London
7781,2022-11-06,762.61,Product D,890307,Tokyo
2139,2022-11-06,341.42,Product A,890295,New York
6439,2022-11-06,996.9,Product B,894450,London
1530,2022-11-06,909.0,Product A,894825,Tokyo
7288,2022-11-06,379.58,Product D,896127,Paris
8429,2022-11-06,768.5,Product C,891038,Tokyo
9751,2022-11-06,992.05,Product A,895768,Paris
7981,2022-11-06,1284.98,Product B,891153,Paris
3607,2022-11-06,1260.22,Product B,896015,New York
7666,2022-11-06,328.55,Product D,895076,London
8622,2022-11-07,553.56,Product B,897387,Tokyo
3221,2022-11-07,1822.16,Product D,896220,Tokyo
8770,2022-11-07,1026.42,Product B,890564,Tokyo
1029,2022-11-07,1300.45,Product A,897632,Tokyo
6210,2022-11-07,1003.65,Product C,896610,Paris
3287,2022-11-07,760.91,Product B,891782,Paris
2337,2022-11-07,880.53,Product A,892978,London
7824,2022-11-07,554.55,Product B,894735,New York
8324,2022-11-07,1656.96,Product B,892578,New York
3131,2022-11-07,1082.02,Product B,891239,New York
6319,2022-11-07,573.19,Product C,896979,London
3384,2022-11-07,563.27,Product C,895873,New York
5040,2022-11-07,326.59,Product B,895848,London
2988,2022-11-07,1402.78,Product A,893884,Paris
1520,2022-11-07,295.23,Product A,890125,Tokyo
9954,2022-11-07,727.41,Product A,896138,New York
3704,2022-11-08,1186.73,Product C,896810,Tokyo
4568,2022-11-08,306.74,Product B,890925,Paris
8324,2022-11-08,1900.37,Product B,892581,Paris
2033,2022-11-08,315.27,Product D,895650,Paris
3103,2022-11-08,244.91,Product A,890827,New York
5923,2022-11-08,442.46,Product D,895946,Tokyo
8483,2022-11-08,508.5,Product D,890053,New York
7797,2022-11-08,973.71,Product D,890421,Tokyo
7997,2022-11-08,383.58,Product B,897365,New York
1753,2022-11-08,745.08,Product D,890547,Tokyo
6828,2022-11-08,504.45,Product B,893287,Paris
9210,2022-11-08,608.31,Product D,894153,New York
8879,2022-11-08,795.12,Product A,894540,London
7437,2022-11-08,1084.89,Product B,892930,London
3662,2022-11-08,1011.31,Product A,893376,New York
5520,2022-11-08,1226.3,Product D,896288,Tokyo
4729,2022-11-08,302.72,Product B,897467,Paris
7955,2022-11-08,662.87,Product C,890619,Tokyo
1842,2022-11-08,115.38,Product A,892297,Paris
9426,2022-11-08,1388.04,Product C,896638,Paris
4751,2022-11-08,523.55,Product C,893141,New York
8657,2022-11-08,565.87,Product C,896575,Paris
2761,2022-11-08,690.41,Product A,893561,Paris
2975,2022-11-08,954.96,Product D,897121,Paris
1166,2022-11-09,387.58,Product D,894330,London
9426,2022-11-09,1282.88,Product B,896614,London
3926,2022-11-09,957.21,Product A,897266,London
2847,2022-11-09,247.24,Product B,891762,Paris
2010,2022-11-09,249.55,Product A,896804,Paris
4617,2022-11-09,1798.68,Product C,894920,Tokyo
8705,2022-11-09,277.69,Product B,890145,London
8532,2022-11-09,499.42,Product C,897456,Tokyo
8370,2022-11-09,609.63,Product B,895961,London
4568,2022-11-09,526.13,Product B,890924,New York
9553,2022-11-09,640.03,Product A,893451,London
2988,2022-11-09,817.33,Product A,893889,New York
8616,2022-11-09,374.01,Product B,893542,New York
4624,2022-11-09,630.76,Product B,897356,Paris
3417,2022-11-09,709.35,Product D,895182,Tokyo
7955,2022-11-09,914.08,Product B,890626,Paris
2041,2022-11-09,1054.94,Product C,894044,Tokyo
9004,2022-11-09,1435.08,Product C,894566,London
1744,2022-11-09,382.61,Product B,891669,Paris
3704,2022-11-09,776.91,Product D,896809,Tokyo
8483,2022-11-09,1057.76,Product A,890060,New York
1108,2022-11-09,1807.86,Product C,894122,New York
7484,2022-11-09,522.79,Product C,890996,London
4510,2022-11-09,573.56,Product A,894386,Tokyo
1530,2022-11-09,1124.51,Product A,894820,Tokyo
1439,2022-11-09,390.72,Product A,896944,Paris
2940,2022-11-09,778.4,Product D,894598,Tokyo
8414,2022-11-09,456.09,Product A,890905,Tokyo
7291,2022-11-09,512.02,Product D,892797,Paris
2848,2022-11-09,1884.42,Product D,890346,Tokyo
2195,2022-11-09,540.83,Product A,895593,Tokyo
4371,2022-11-10,945.22,Product D,892206,New York
4743,2022-11-10,1261.19,Product B,893462,New York
6661,2022-11-10,334.94,Product B,894755,Paris
6071,2022-11-10,383.46,Product C,895714,Paris
8429,2022-11-10,1100.94,Product C,891030,Tokyo
9674,2022-11-10,1233.7,Product B,892843,Tokyo
2011,2022-11-10,276.94,Product D,896863,New York
2582,2022-11-10,864.14,Product B,896093,Paris
4893,2022-11-10,354.71,Product C,892492,London
3221,2022-11-10,915.07,Product C,896219,Tokyo
9311,2022-11-10,263.13,Product D,896912,New York
7723,2022-11-10,315.46,Product B,894248,New York
7955,2022-11-10,523.14,Product D,890632,Paris
5843,2022-11-10,967.82,Product D,892029,New York
4154,2022-11-10,735.95,Product B,892593,London
3140,2022-11-10,761.9,Product B,893945,Paris
7921,2022-11-10,154.28,Product D,892222,Tokyo
6617,2022-11-10,188.32,Product D,891543,London
9864,2022-11-10,362.96,Product D,890192,Paris
7981,2022-11-10,1419.86,Product B,891156,London
4943,2022-11-10,509.53,Product D,891510,Tokyo
3879,2022-11-11,348.65,Product C,895177,New York
2041,2022-11-11,1394.07,Product A,894042,Tokyo
7809,2022-11-11,1618.39,Product D,895657,London
2767,2022-11-11,436.34,Product A,890106,London
8179,2022-11-11,498.18,Product C,895838,Tokyo
6354,2022-11-11,157.06,Product B,894265,New York
4858,2022-11-11,286.71,Product B,893726,Paris
6236,2022-11-11,1434.58,Product B,895439,Tokyo
1108,2022-11-11,992.97,Product B,894127,New York
9797,2022-11-11,334.44,Product A,896254,Paris
4986,2022-11-11,543.54,Product A,892447,New York
8273,2022-11-11,1358.74,Product A,896243,London
7981,2022-11-11,1456.13,Product D,891157,Paris
1530,2022-11-11,854.81,Product C,894829,New York
9751,2022-11-11,1019.88,Product B,895763,Tokyo
6439,2022-11-11,885.66,Product B,894428,New York
4617,2022-11-11,997.73,Product D,894916,London
8770,2022-11-11,767.35,Product A,890566,London
6781,2022-11-11,271.92,Product D,896760,London
5938,2022-11-11,864.52,Product A,897650,London
3509,2022-11-11,869.18,Product A,893915,Paris
4765,2022-11-11,512.38,Product C,893223,Tokyo
6644,2022-11-11,586.54,Product D,895511,Tokyo
7965,2022-11-11,206.97,Product A,890783,Paris
1715,2022-11-11,1232.94,Product C,892543,Tokyo
9897,2022-11-11,659.77,Product B,894706,New York
9751,2022-11-11,517.19,Product A,895759,Tokyo
3937,2022-11-12,569.16,Product B,890802,New York
9266,2022-11-12,1057.7,Product D,895094,Tokyo
5949,2022-11-12,470.17,Product A,893942,Paris
3852,2022-11-12,416.38,Product A,896517,New York
2036,2022-11-12,739.36,Product B,896148,London
2075,2022-11-12,754.43,Product D,892408,London
1742,2022-11-12,104.59,Product C,890354,Tokyo
7296,2022-11-12,263.84,Product C,897480,Tokyo
3878,2022-11-12,721.79,Product A,891057,Paris
9054,2022-11-12,196.72,Product B,897045,New York
8078,2022-11-12,297.68,Product C,895985,New York
4792,2022-11-12,840.06,Product D,892308,Tokyo
9576,2022-11-12,607.54,Product D,892988,Paris
6327,2022-11-12,652.18,Product C,897219,New York
9426,2022-11-12,1022.97,Product A,896629,London
8324,2022-11-12,1599.69,Product D,892579,New York
5694,2022-11-12,641.7,Product C,893789,Paris
8622,2022-11-12,378.81,Product A,897385,Tokyo
1753,2022-11-12,1086.9,Product B,890546,Tokyo
8273,2022-11-12,1540.35,Product B,896241,London
6730,2022-11-12,602.96,Product D,892816,Paris
1190,2022-11-12,178.2,Product C,895139,New York
3131,2022-11-12,950.28,Product C,891229,London
9761,2022-11-12,1227.56,Product D,894961,London
6934,2022-11-12,556.67,Product A,894991,New York
9368,2022-11-12,309.38,Product D,892985,London
8685,2022-11-12,1019.35,Product B,893624,New York
3369,2022-11-12,368.21,Product D,893129,Tokyo
9864,2022-11-12,393.29,Product B,890190,Paris
4196,2022-11-13,963.05,Product A,896708,Paris
6345,2022-11-13,546.13,Product C,892654,New York
2195,2022-11-13,694.85,Product A,895587,Tokyo
1120,2022-11-13,1572.77,Product C,894241,Tokyo
5076,2022-11-13,348.49,Product A,891600,Paris
9538,2022-11-13,755.97,Product A,895348,Tokyo
6439,2022-11-13,959.77,Product D,894433,London
8078,2022-11-13,254.89,Product A,895987,Tokyo
2816,2022-11-13,156.02,Product D,892300,London
2291,2022-11-13,123.53,Product A,893772,London
3114,2022-11-13,77.64,Product A,893555,New York
9673,2022-11-13,816.89,Product D,895796,Paris
7653,2022-11-13,176.6,Product D,894533,Paris
4751,2022-11-13,803.02,Product A,893148,Paris
6703,2022-11-13,323.96,Product D,892793,London
4401,2022-11-13,926.67,Product B,890380,London
6420,2022-11-13,947.21,Product C,892865,New York
2404,2022-11-13,1687.63,Product B,896339,London
5033,2022-11-13,776.47,Product C,894724,Paris
1136,2022-11-13,866.24,Product C,890597,Tokyo
8324,2022-11-13,1306.38,Product A,892565,Paris
2425,2022-11-13,834.65,Product C,893118,London
8511,2022-11-13,419.53,Product A,896059,Tokyo
7921,2022-11-13,252.61,Product C,892220,New York
3153,2022-11-13,251.2,Product C,890606,London
1510,2022-11-13,615.45,Product C,891085,Paris
9418,2022-11-13,835.06,Product C,890887,Paris
8043,2022-11-13,830.49,Product D,896510,London
9589,2022-11-13,466.76,Product B,891882,London
2791,2022-11-14,456.96,Product A,895423,Paris
6829,2022-11-14,1078.69,Product C,894495,New York
1721,2022-11-14,616.58,Product A,897031,London
3704,2022-11-14,640.6,Product D,896823,Tokyo
4868,2022-11-14,1304.08,Product A,897002,London
9538,2022-11-14,965.06,Product D,895357,London
2551,2022-11-14,325.08,Product B,893796,Paris
1753,2022-11-14,904.45,Product D,890549,Tokyo
1530,2022-11-14,536.38,Product A,894826,New York
5494,2022-11-14,571.1,Product C,890203,Tokyo
9897,2022-11-14,1114.07,Product C,894703,Tokyo
5819,2022-11-14,1205.68,Product C,893650,New York
1273,2022-11-14,257.68,Product C,894747,Tokyo
7821,2022-11-14,541.08,Product C,893511,Paris
1643,2022-11-14,582.29,Product A,894483,New York
9383,2022-11-14,200.64,Product B,894882,Tokyo
2336,2022-11-14,280.38,Product C,892107,London
2747,2022-11-14,756.6,Product A,891836,Tokyo
4111,2022-11-14,543.57,Product B,892736,Paris
9307,2022-11-14,393.65,Product D,893107,Paris
3041,2022-11-14,184.96,Product A,895793,Paris
2551,2022-11-15,490.95,Product A,893798,London
9376,2022-11-15,896.81,Product B,894608,London
4762,2022-11-15,1559.75,Product D,891844,New York
5994,2022-11-15,286.28,Product B,891118,London
2337,2022-11-15,592.98,Product A,892972,London
5762,2022-11-15,1243.28,Product C,895269,London
6986,2022-11-15,446.85,Product C,894350,Paris
9674,2022-11-15,1715.94,Product B,892834,Tokyo
3140,2022-11-15,746.81,Product D,893953,Paris
4788,2022-11-15,327.43,Product C,893125,Paris
9538,2022-11-15,847.71,Product D,895344,London
8640,2022-11-15,226.08,Product C,895655,New York
6876,2022-11-15,1155.44,Product D,896672,Tokyo
2843,2022-11-15,958.04,Product D,893405,London
4150,2022-11-15,577.57,Product C,891805,New York
2124,2022-11-15,1652.41,Product D,896355,Paris
4812,2022-11-15,480.36,Product A,892609,Tokyo
9004,2022-11-15,1582.62,Product B,894568,Tokyo
9426,2022-11-15,1479.53,Product D,896615,London
9210,2022-11-15,458.79,Product B,894151,London
9689,2022-11-15,950.84,Product A,896040,Paris
9669,2022-11-15,1244.22,Product C,891959,Paris
8822,2022-11-15,178.06,Product C,892527,Tokyo
7708,2022-11-15,647.63,Product C,896730,Paris
2035,2022-11-16,749.35,Product C,895013,Paris
8199,2022-11-16,694.33,Product A,894318,Paris
6939,2022-11-16,470.72,Product B,894515,New York
9510,2022-11-16,975.11,Product A,895496,New York
3213,2022-11-16,209.63,Product B,897551,Tokyo
7781,2022-11-16,374.94,Product D,890304,Paris
6598,2022-11-16,1680.32,Product C,897566,Tokyo
8758,2022-11-16,703.58,Product C,895257,Tokyo
4893,2022-11-16,345.62,Product C,892493,London
1185,2022-11-16,121.56,Product D,895042,New York
3938,2022-11-16,285.88,Product D,891598,Tokyo
6517,2022-11-16,844.96,Product B,897338,New York
8780,2022-11-16,303.18,Product C,896752,Tokyo
3287,2022-11-16,763.27,Product A,891776,Paris
3417,2022-11-17,561.9,Product D,895179,Tokyo
7708,2022-11-17,667.59,Product A,896731,Tokyo
7606,2022-11-17,1626.38,Product C,893054,Paris
5762,2022-11-17,1034.34,Product D,895268,London
2029,2022-11-17,254.37,Product B,890921,New York
6898,2022-11-17,797.21,Product B,893714,Paris
3647,2022-11-17,120.49,Product B,896064,Tokyo
6850,2022-11-17,1478.44,Product B,896561,Paris
3248,2022-11-17,346.37,Product B,895579,London
9418,2022-11-17,688.69,Product B,890892,Paris
6295,2022-11-17,1208.95,Product D,897256,Paris
6688,2022-11-17,794.86,Product D,894358,Paris
2557,2022-11-17,244.91,Product B,892557,New York
3406,2022-11-17,1034.12,Product D,890444,London
6050,2022-11-17,478.41,Product A,893086,New York
4154,2022-11-17,533.03,Product D,892596,New York
7821,2022-11-17,577.99,Product B,893525,Paris
7939,2022-11-17,351.71,Product D,892964,London
5819,2022-11-17,1116.7,Product C,893641,New York
2975,2022-11-17,980.69,Product C,897112,Paris
6262,2022-11-17,165.2,Product C,890790,Paris
9564,2022-11-17,564.59,Product A,890822,Paris
4817,2022-11-17,421.14,Product B,891899,New York
8324,2022-11-18,993.58,Product A,892574,New York
2524,2022-11-18,436.95,Product A,890287,New York
6730,2022-11-18,469.66,Product C,892817,Paris
3880,2022-11-18,644.79,Product A,897538,London
6911,2022-11-18,259.47,Product C,890069,London
8254,2022-11-18,582.24,Product D,893202,New York
3852,2022-11-18,611.07,Product C,896522,New York
8879,2022-11-18,1032.0,Product A,894560,London
1500,2022-11-18,489.76,Product C,891890,London
2843,2022-11-18,921.17,Product B,893398,London
7363,2022-11-18,158.53,Product C,891823,Tokyo
8372,2022-11-18,287.61,Product B,893879,Paris
5920,2022-11-18,849.67,Product D,891634,London
3937,2022-11-18,521.64,Product B,890795,London
7753,2022-11-18,1493.98,Product B,892024,New York
8368,2022-11-18,176.37,Product B,891977,London
8796,2022-11-18,832.65,Product A,894671,New York
6399,2022-11-19,918.21,Product D,893709,Tokyo
3221,2022-11-19,998.14,Product B,896209,Tokyo
9105,2022-11-19,961.66,Product A,892085,London
3203,2022-11-19,675.69,Product A,897422,Tokyo
7358,2022-11-19,175.17,Product A,894067,Paris
8135,2022-11-19,1010.47,Product A,891371,New York
8370,2022-11-19,1162.65,Product C,895963,London
6134,2022-11-19,716.45,Product D,895058,London
9331,2022-11-19,477.99,Product D,893078,Paris
3221,2022-11-19,1084.38,Product D,896218,Tokyo
9950,2022-11-20,928.51,Product B,892878,Tokyo
7078,2022-11-20,371.67,Product C,895289,New York
5477,2022-11-20,419.34,Product C,895531,New York
9821,2022-11-20,937.52,Product D,891340,Paris
1803,2022-11-20,583.9,Product C,890780,New York
9105,2022-11-20,1072.67,Product A,892078,Paris
2035,2022-11-20,1276.81,Product B,895005,Paris
1392,2022-11-20,600.81,Product A,893836,London
7437,2022-11-20,1230.48,Product C,892932,Paris
3607,2022-11-20,1180.8,Product C,896013,New York
6077,2022-11-20,623.07,Product B,890712,Paris
1992,2022-11-20,486.24,Product D,893270,London
8719,2022-11-20,414.02,Product C,890136,New York
4052,2022-11-20,585.29,Product A,897528,New York
4943,2022-11-20,415.57,Product C,891507,New York
6319,2022-11-20,408.67,Product D,896981,London
8657,2022-11-20,668.06,Product A,896567,Tokyo
7606,2022-11-20,1321.01,Product B,893046,Paris
7775,2022-11-20,274.7,Product A,892466,Tokyo
6986,2022-11-20,519.64,Product B,894352,Paris
9700,2022-11-20,779.26,Product B,891651,Paris
2691,2022-11-20,553.36,Product B,895638,London
2425,2022-11-20,543.29,Product D,893113,New York
9689,2022-11-20,1131.84,Product C,896053,Paris
2617,2022-11-21,1143.4,Product D,890221,New York
2655,2022-11-21,661.66,Product B,892679,New York
5460,2022-11-21,1044.28,Product D,894180,New York
6295,2022-11-21,593.55,Product B,897261,Paris
6816,2022-11-21,1736.41,Product B,891216,New York
5173,2022-11-21,280.21,Product D,890255,Paris
2124,2022-11-21,1721.55,Product D,896356,Tokyo
4214,2022-11-21,130.28,Product B,892751,Paris
3879,2022-11-21,305.65,Product B,895170,New York
7084,2022-11-21,597.68,Product D,896361,New York
8796,2022-11-21,593.17,Product C,894669,New York
2425,2022-11-21,791.33,Product D,893121,London
7984,2022-11-21,252.0,Product B,895469,Tokyo
8199,2022-11-21,947.91,Product D,894315,Paris
2679,2022-11-21,323.4,Product D,895468,Tokyo
4178,2022-11-21,168.08,Product B,892982,London
1029,2022-11-21,1193.94,Product B,897637,Tokyo
7146,2022-11-22,443.82,Product C,893737,New York
6822,2022-11-22,350.29,Product D,894977,London
5215,2022-11-22,593.34,Product B,895643,Paris
1514,2022-11-22,830.09,Product D,897166,Paris
8736,2022-11-22,191.96,Product B,897311,Tokyo
7484,2022-11-22,763.22,Product C,890991,Tokyo
9950,2022-11-22,827.67,Product D,892879,Tokyo
2747,2022-11-22,872.59,Product C,891830,Tokyo
9871,2022-11-22,335.85,Product C,890187,New York
3504,2022-11-22,317.06,Product A,893085,London
4290,2022-11-22,448.73,Product A,893973,Paris
1120,2022-11-22,957.43,Product D,894240,New York
5087,2022-11-22,841.55,Product C,890268,Tokyo
2124,2022-11-22,1756.97,Product D,896348,Tokyo
1514,2022-11-22,719.37,Product C,897148,Paris
4617,2022-11-22,1347.74,Product C,894936,London
8370,2022-11-22,966.63,Product B,895983,London
2562,2022-11-22,377.22,Product C,897402,New York
5920,2022-11-22,1924.65,Product B,891619,Tokyo
6077,2022-11-22,869.03,Product C,890708,Paris
3709,2022-11-22,1223.54,Product D,890526,New York
5543,2022-11-22,388.62,Product D,896404,Tokyo
7146,2022-11-23,437.73,Product B,893740,Paris
1392,2022-11-23,670.41,Product B,893858,London
7521,2022-11-23,590.44,Product C,892650,London
5919,2022-11-23,464.5,Product A,890300,London
8254,2022-11-23,436.79,Product B,893204,New York
3203,2022-11-23,1105.71,Product D,897429,New York
7939,2022-11-23,391.06,Product C,892966,London
3878,2022-11-23,1097.84,Product D,891061,Tokyo
2526,2022-11-23,470.48,Product C,893994,Paris
8511,2022-11-23,294.85,Product B,896061,Tokyo
5334,2022-11-23,1137.59,Product C,896453,New York
9761,2022-11-23,1684.5,Product A,894952,Paris
4762,2022-11-23,1449.53,Product B,891866,New York
5040,2022-11-23,263.11,Product B,895847,London
9908,2022-11-23,189.99,Product B,893443,Paris
4559,2022-11-23,381.15,Product D,890728,London
3399,2022-11-23,1995.08,Product D,892264,London
4765,2022-11-23,529.25,Product B,893220,Tokyo
9044,2022-11-24,551.55,Product C,894690,New York
7670,2022-11-24,1738.3,Product B,894197,Paris
4909,2022-11-24,724.7,Product B,890391,Paris
5583,2022-11-24,308.83,Product C,890209,Paris
3221,2022-11-24,1596.12,Product C,896211,Paris
3852,2022-11-24,700.66,Product C,896519,Paris
8598,2022-11-24,510.42,Product D,897054,New York
3945,2022-11-24,800.05,Product C,896378,Paris
3287,2022-11-24,539.39,Product B,891786,Paris
2848,2022-11-24,1109.5,Product A,890341,Tokyo
3878,2022-11-24,972.62,Product A,891046,Tokyo
4624,2022-11-24,1036.61,Product D,897351,Paris
5819,2022-11-24,982.21,Product A,893657,New York
6269,2022-11-24,183.53,Product B,896295,New York
4090,2022-11-24,219.29,Product C,895573,Tokyo
5215,2022-11-24,349.98,Product B,895649,Tokyo
2761,2022-11-24,847.64,Product A,893564,Paris
6582,2022-11-24,628.27,Product D,895625,London
7809,2022-11-24,1919.65,Product D,895663,London
3267,2022-11-24,1008.05,Product A,897208,London
5687,2022-11-24,812.48,Product C,897173,Tokyo
7099,2022-11-24,351.0,Product A,893100,Paris
4555,2022-11-24,1256.98,Product C,894016,London
5843,2022-11-24,887.71,Product D,892030,Paris
5281,2022-11-25,1163.52,Product C,896953,New York
2438,2022-11-25,936.23,Product B,895777,Tokyo
4863,2022-11-25,650.54,Product B,894516,New York
7521,2022-11-25,568.59,Product C,892649,London
4923,2022-11-25,198.59,Product B,890473,New York
4517,2022-11-25,460.6,Product D,897445,Tokyo
3878,2022-11-25,1155.45,Product B,891043,Paris
4986,2022-11-25,619.63,Product D,892448,Tokyo
3406,2022-11-25,1897.13,Product C,890428,London
8273,2022-11-25,1125.77,Product C,896232,Paris
4196,2022-11-25,625.43,Product B,896712,London
8598,2022-11-25,948.25,Product B,897055,New York
3877,2022-11-25,563.0,Product A,891404,London
4559,2022-11-25,717.63,Product B,890719,London
5334,2022-11-25,1195.78,Product B,896460,Paris
1108,2022-11-25,1979.75,Product C,894128,London
3793,2022-11-25,611.54,Product B,892716,London
8770,2022-11-26,1151.4,Product D,890565,Tokyo
7457,2022-11-26,499.51,Product C,894887,Paris
6482,2022-11-26,569.19,Product D,890576,London
9064,2022-11-26,621.68,Product D,894339,Paris
9418,2022-11-26,602.14,Product B,890891,Paris
8317,2022-11-26,364.74,Product B,890062,Tokyo
4675,2022-11-26,769.79,Product A,895908,Paris
4371,2022-11-26,1052.04,Product D,892203,New York
7437,2022-11-26,1210.76,Product B,892927,London
2848,2022-11-26,1881.18,Product D,890325,New York
7557,2022-11-26,1479.12,Product C,893816,New York
5059,2022-11-26,1383.57,Product C,892139,New York
4559,2022-11-27,417.0,Product A,890722,London
6661,2022-11-27,290.81,Product D,894753,New York
7825,2022-11-27,154.8,Product A,894944,London
4022,2022-11-27,449.44,Product C,891306,Paris
2582,2022-11-27,545.54,Product A,896092,Paris
3392,2022-11-27,434.18,Product A,890965,Paris
5011,2022-11-27,348.46,Product D,893960,Tokyo
3578,2022-11-27,708.24,Product A,893018,New York
9673,2022-11-27,734.89,Product D,895803,London
5087,2022-11-27,701.23,Product B,890265,Tokyo
4879,2022-11-27,550.07,Product D,892237,Paris
4646,2022-11-27,201.77,Product D,896073,New York
3607,2022-11-27,1469.31,Product A,896011,New York
6829,2022-11-27,1563.15,Product B,894489,Tokyo
9510,2022-11-27,1542.28,Product A,895498,New York
6344,2022-11-28,132.68,Product B,893307,Tokyo
7708,2022-11-28,1200.09,Product C,896724,Paris
4729,2022-11-28,266.52,Product D,897465,London
5272,2022-11-28,683.11,Product C,891554,London
5499,2022-11-28,848.69,Product C,893734,London
9621,2022-11-28,216.34,Product C,895328,Paris
3858,2022-11-28,316.15,Product C,890943,Paris
5762,2022-11-28,703.67,Product B,895270,London
8199,2022-11-28,647.42,Product B,894316,Paris
6818,2022-11-28,224.41,Product D,896768,Tokyo
5285,2022-11-28,958.69,Product D,895071,New York
9004,2022-11-28,1545.27,Product D,894564,Tokyo
4616,2022-11-28,595.16,Product A,894804,New York
6570,2022-11-28,586.8,Product B,897607,Paris
7865,2022-11-28,401.29,Product C,894411,Paris
5460,2022-11-28,1037.85,Product A,894173,Tokyo
5285,2022-11-28,652.12,Product D,895067,New York
4371,2022-11-28,726.14,Product B,892192,London
8871,2022-11-28,440.09,Product C,891100,Tokyo
7022,2022-11-28,1264.94,Product C,897372,Paris
7825,2022-11-28,301.87,Product D,894945,London
9374,2022-11-29,327.76,Product D,892052,Paris
4812,2022-11-29,484.56,Product C,892611,Tokyo
9374,2022-11-29,646.61,Product A,892059,Paris
8429,2022-11-29,843.62,Product D,891025,Tokyo
3024,2022-11-29,877.94,Product B,894470,London
8625,2022-11-29,762.5,Product D,892393,London
4617,2022-11-29,1595.54,Product C,894922,London
6542,2022-11-29,355.87,Product B,894280,London
2072,2022-11-29,258.04,Product A,891577,New York
5903,2022-11-29,480.53,Product B,892505,Tokyo
7054,2022-11-29,339.47,Product D,892218,New York
6277,2022-11-29,1576.87,Product A,894791,New York
9700,2022-11-29,1002.85,Product C,891653,Paris
2296,2022-11-29,1073.05,Product D,891272,Tokyo
6277,2022-11-30,1107.28,Product B,894767,Tokyo
1104,2022-11-30,823.33,Product C,893440,Paris
2075,2022-11-30,1203.77,Product B,892417,Paris
2848,2022-11-30,1804.68,Product A,890348,Tokyo
4185,2022-11-30,635.18,Product A,895704,New York
8685,2022-11-30,483.68,Product D,893626,New York
5470,2022-11-30,330.85,Product A,891422,London
3926,2022-11-30,693.42,Product A,897274,London
4868,2022-11-30,1327.36,Product A,896998,Tokyo
2501,2022-11-30,203.3,Product C,895360,Tokyo
3369,2022-11-30,697.54,Product D,893134,London
9376,2022-11-30,1212.76,Product A,894619,Paris
9210,2022-11-30,601.76,Product D,894159,London
9561,2022-12-01,478.41,Product D,890936,Tokyo
9564,2022-12-01,833.52,Product C,890820,Paris
7622,2022-12-01,256.32,Product B,897301,New York
2791,2022-12-01,457.34,Product C,895415,Paris
7824,2022-12-01,845.55,Product B,894734,New York
4765,2022-12-01,656.63,Product A,893219,Tokyo
9700,2022-12-01,1076.46,Product C,891649,Paris
3697,2022-12-01,140.44,Product D,893104,Tokyo
6303,2022-12-01,396.8,Product B,895861,New York
1317,2022-12-01,280.55,Product C,891077,New York
4178,2022-12-01,136.43,Product D,892984,New York
1207,2022-12-01,449.79,Product A,897089,New York
6822,2022-12-01,669.26,Product C,894985,London
6008,2022-12-01,370.86,Product A,895584,Tokyo
3954,2022-12-01,154.33,Product D,896396,London
2063,2022-12-02,892.4,Product B,894415,New York
2752,2022-12-02,478.81,Product B,891908,Tokyo
2169,2022-12-02,516.96,Product C,890373,Paris
3267,2022-12-02,908.93,Product A,897193,Paris
9105,2022-12-02,1360.18,Product C,892087,Paris
6347,2022-12-02,118.41,Product A,890147,London
4371,2022-12-02,1188.4,Product D,892185,New York
9674,2022-12-02,1795.54,Product A,892847,New York
4751,2022-12-02,1051.26,Product C,893152,Paris
3906,2022-12-02,295.43,Product C,893761,Paris
3213,2022-12-02,178.27,Product A,897556,Tokyo
1706,2022-12-02,237.87,Product C,891023,Tokyo
1108,2022-12-02,1382.78,Product C,894111,London
9129,2022-12-02,653.52,Product B,891069,New York
8770,2022-12-02,1363.12,Product A,890556,London
8239,2022-12-02,148.4,Product A,890734,Tokyo
1833,2022-12-03,536.36,Product A,896272,Paris
1721,2022-12-03,860.25,Product B,897027,Paris
4562,2022-12-03,774.93,Product C,895825,New York
4275,2022-12-03,855.64,Product C,892171,New York
1046,2022-12-03,303.87,Product D,892210,London
4614,2022-12-03,1629.28,Product A,891986,Tokyo
3196,2022-12-03,333.17,Product C,894254,London
2847,2022-12-03,414.9,Product A,891760,Tokyo
8879,2022-12-03,1113.13,Product A,894554,New York
9700,2022-12-03,598.68,Product C,891658,New York
4770,2022-12-03,419.14,Product C,894838,Tokyo
3926,2022-12-03,812.24,Product C,897287,New York
9689,2022-12-03,1547.79,Product B,896032,Paris
2036,2022-12-03,718.34,Product A,896147,London
6828,2022-12-03,876.17,Product A,893288,Paris
2342,2022-12-03,355.65,Product A,894061,Paris
1029,2022-12-03,1051.43,Product A,897628,Tokyo
1230,2022-12-03,936.62,Product C,897409,New York
3535,2022-12-03,770.15,Product A,895303,London
6327,2022-12-03,502.74,Product C,897220,Paris
4470,2022-12-03,240.48,Product A,897508,London
7453,2022-12-04,905.48,Product B,893072,London
1207,2022-12-04,451.75,Product D,897083,Tokyo
9105,2022-12-04,939.95,Product C,892080,Paris
9751,2022-12-04,554.45,Product B,895753,Tokyo
3742,2022-12-04,257.49,Product A,896413,Paris
9561,2022-12-04,757.89,Product B,890933,Tokyo
2035,2022-12-04,899.42,Product D,895004,Paris
6420,2022-12-04,1097.2,Product A,892854,New York
2342,2022-12-04,230.68,Product D,894060,London
4131,2022-12-04,478.69,Product C,892226,New York
7708,2022-12-04,1297.29,Product A,896732,Tokyo
2391,2022-12-04,298.63,Product D,897329,London
6399,2022-12-04,1078.81,Product D,893705,Tokyo
4533,2022-12-04,243.34,Product C,896798,Paris
6431,2022-12-04,320.9,Product C,895538,London
7606,2022-12-04,1103.94,Product D,893039,London
4052,2022-12-04,493.8,Product D,897527,New York
7862,2022-12-04,1698.02,Product D,896894,Tokyo
4727,2022-12-04,565.59,Product D,895936,Paris
7557,2022-12-04,1183.56,Product A,893813,Paris
6172,2022-12-05,536.03,Product C,893385,New York
3417,2022-12-05,613.7,Product A,895188,Tokyo
2582,2022-12-05,572.12,Product B,896099,Paris
2344,2022-12-05,523.43,Product B,892158,Paris
8982,2022-12-05,963.75,Product D,895235,Paris
8370,2022-12-05,1058.92,Product D,895968,London
1273,2022-12-05,330.36,Product B,894752,Tokyo
8342,2022-12-05,1205.04,Product A,896430,Tokyo
1510,2022-12-05,515.12,Product A,891091,Paris
9796,2022-12-05,375.77,Product A,891392,London
3267,2022-12-05,748.04,Product A,897192,London
1225,2022-12-05,267.73,Product C,892693,Tokyo
3384,2022-12-05,413.11,Product B,895880,New York
4371,2022-12-05,1092.36,Product C,892197,London
9376,2022-12-05,1529.19,Product C,894616,London
1990,2022-12-06,766.96,Product C,897688,Paris
1990,2022-12-06,1233.57,Product D,897687,Paris
8705,2022-12-06,390.65,Product C,890142,Paris
3287,2022-12-06,981.48,Product B,891784,Paris
7529,2022-12-06,206.54,Product A,894263,New York
5469,2022-12-06,1490.36,Product C,893607,New York
7723,2022-12-06,294.41,Product A,894244,Tokyo
3704,2022-12-06,899.42,Product D,896816,Tokyo
3221,2022-12-06,1697.0,Product B,896201,Paris
9584,2022-12-06,527.88,Product D,890319,New York
3267,2022-12-06,807.2,Product B,897199,Paris
1049,2022-12-06,200.09,Product C,896112,New York
4868,2022-12-06,876.49,Product C,897008,Tokyo
6669,2022-12-06,150.71,Product B,897730,London
2139,2022-12-06,445.66,Product A,890296,New York
6598,2022-12-06,1317.72,Product B,897572,Tokyo
8879,2022-12-06,1435.37,Product D,894552,London
2728,2022-12-06,398.67,Product C,896292,Paris
4751,2022-12-06,544.3,Product D,893145,Paris
4982,2022-12-06,1377.59,Product D,897707,Tokyo
9465,2022-12-06,1123.57,Product D,891949,London
2526,2022-12-06,833.9,Product B,893996,Paris
4532,2022-12-07,712.43,Product C,893862,Paris
2041,2022-12-07,1044.74,Product A,894051,Tokyo
2391,2022-12-07,214.39,Product D,897327,Paris
1984,2022-12-07,225.45,Product D,892324,Paris
4770,2022-12-07,562.31,Product D,894834,Tokyo
4608,2022-12-07,872.88,Product C,890012,Tokyo
4944,2022-12-07,389.86,Product A,891578,Paris
3879,2022-12-07,443.76,Product C,895171,London
8094,2022-12-07,862.51,Product B,892625,Tokyo
2749,2022-12-07,189.36,Product A,890980,Paris
9465,2022-12-07,1338.52,Product C,891944,London
2761,2022-12-07,862.72,Product C,893568,Paris
2970,2022-12-07,561.11,Product A,897722,New York
3879,2022-12-07,267.26,Product A,895165,New York
6911,2022-12-07,227.3,Product B,890072,Paris
2679,2022-12-07,527.79,Product A,895461,New York
2679,2022-12-07,518.83,Product A,895463,New York
5582,2022-12-07,955.77,Product D,896662,Paris
2679,2022-12-07,327.04,Product D,895465,New York
2911,2022-12-07,590.1,Product D,890973,New York
5853,2022-12-07,361.64,Product A,891695,London
1120,2022-12-07,1345.32,Product C,894234,Tokyo
7240,2022-12-08,177.98,Product D,894831,New York
5011,2022-12-08,544.64,Product D,893965,Paris
2531,2022-12-08,1041.96,Product D,893342,Tokyo
6439,2022-12-08,859.51,Product A,894445,New York
5342,2022-12-08,166.55,Product A,892702,Paris
3521,2022-12-08,892.34,Product A,895556,Paris
7883,2022-12-08,930.21,Product D,893182,New York
9700,2022-12-08,967.09,Product D,891664,New York
9740,2022-12-08,778.04,Product C,890644,London
3230,2022-12-08,855.77,Product B,896314,London
7997,2022-12-08,611.72,Product B,897367,New York
9008,2022-12-08,1370.71,Product A,890665,Paris
9553,2022-12-08,555.35,Product D,893450,New York
3150,2022-12-08,1669.02,Product D,894289,London
9443,2022-12-08,780.73,Product B,894654,Tokyo
6850,2022-12-08,802.11,Product C,896554,New York
4863,2022-12-08,914.19,Product A,894528,New York
9328,2022-12-08,573.99,Product A,893251,London
1833,2022-12-08,351.46,Product A,896270,Tokyo
8370,2022-12-08,846.9,Product C,895982,London
4150,2022-12-08,817.21,Product D,891800,New York
3852,2022-12-08,662.35,Product A,896516,Paris
8879,2022-12-08,1416.8,Product D,894538,New York
6420,2022-12-08,921.06,Product B,892852,Paris
7809,2022-12-09,965.38,Product C,895664,London
9482,2022-12-09,1000.1,Product A,890027,Tokyo
5499,2022-12-09,548.21,Product B,893732,Paris
2075,2022-12-09,1193.26,Product A,892407,Paris
3363,2022-12-09,520.95,Product A,891443,New York
5494,2022-12-09,436.11,Product B,890204,Paris
9374,2022-12-09,453.2,Product D,892056,London
4131,2022-12-09,579.09,Product B,892230,London
2869,2022-12-09,379.63,Product C,896744,London
6439,2022-12-09,781.92,Product D,894422,New York
7626,2022-12-09,221.53,Product D,895610,Paris
3938,2022-12-09,222.81,Product A,891595,Tokyo
8094,2022-12-09,1028.82,Product A,892616,Tokyo
4483,2022-12-09,472.77,Product C,895192,London
1265,2022-12-09,563.2,Product C,892047,London
8770,2022-12-09,1071.55,Product B,890561,Tokyo
1990,2022-12-09,797.47,Product A,897677,Paris
2444,2022-12-09,319.0,Product D,890506,Paris
9680,2022-12-09,777.22,Product B,891878,Paris
3194,2022-12-09,138.95,Product B,892641,Tokyo
6742,2022-12-09,437.36,Product C,891917,New York
8269,2022-12-10,1574.9,Product A,891137,Paris
9674,2022-12-10,821.06,Product B,892838,New York
6201,2022-12-10,171.68,Product A,890602,Paris
9376,2022-12-10,1094.1,Product D,894618,Paris
4614,2022-12-10,1877.03,Product D,891987,Tokyo
2527,2022-12-10,1269.93,Product A,891720,New York
5281,2022-12-10,832.13,Product D,896954,New York
1645,2022-12-10,947.85,Product D,892369,London
3747,2022-12-10,460.27,Product D,895730,Tokyo
2879,2022-12-10,701.4,Product C,895371,London
5564,2022-12-10,155.63,Product B,897094,Paris
4022,2022-12-10,652.04,Product B,891310,Tokyo
1990,2022-12-10,1051.58,Product D,897683,Tokyo
4868,2022-12-10,1010.28,Product B,896997,London
8579,2022-12-10,1721.83,Product C,891744,London
6829,2022-12-10,1239.49,Product D,894491,New York
3858,2022-12-10,347.5,Product B,890942,Paris
8369,2022-12-10,700.14,Product A,896937,Tokyo
1616,2022-12-11,170.83,Product B,890470,Tokyo
2404,2022-12-11,1028.25,Product C,896330,London
5923,2022-12-11,586.03,Product B,895955,Paris
2761,2022-12-11,802.61,Product B,893566,Paris
5350,2022-12-11,466.92,Product B,895081,Paris
4608,2022-12-11,654.54,Product C,890007,Paris
1331,2022-12-11,354.16,Product D,892764,London
6967,2022-12-11,591.34,Product B,893576,London
3248,2022-12-11,241.69,Product A,895578,Paris
8616,2022-12-11,280.49,Product C,893535,New York
2342,2022-12-11,228.54,Product B,894062,London
8982,2022-12-11,1187.15,Product C,895230,Paris
7275,2022-12-11,983.6,Product C,895147,London
6236,2022-12-11,857.58,Product A,895445,Tokyo
4750,2022-12-11,101.88,Product A,895389,Paris
4804,2022-12-11,682.07,Product B,891701,New York
9210,2022-12-11,913.14,Product B,894150,London
6890,2022-12-11,299.56,Product D,895544,London
5059,2022-12-11,965.27,Product A,892121,Paris
5512,2022-12-11,556.02,Product C,893330,Paris
9276,2022-12-11,483.48,Product A,891182,London
6210,2022-12-11,1426.68,Product B,896602,Paris
2975,2022-12-11,686.58,Product D,897136,Tokyo
9452,2022-12-12,615.48,Product C,896985,London
9669,2022-12-12,998.99,Product A,891967,New York
4562,2022-12-12,780.13,Product D,895827,New York
9173,2022-12-12,698.09,Product C,893457,Tokyo
8269,2022-12-12,1486.92,Product A,891142,Paris
7821,2022-12-12,830.76,Product B,893510,Tokyo
3871,2022-12-12,1262.81,Product C,895041,Tokyo
9376,2022-12-12,1667.04,Product B,894611,London
3221,2022-12-12,1601.78,Product B,896200,Paris
5564,2022-12-12,236.71,Product C,897098,London
9482,2022-12-12,497.34,Product D,890051,Tokyo
5903,2022-12-12,586.22,Product B,892511,Tokyo
9376,2022-12-12,1150.24,Product D,894620,Paris
3578,2022-12-12,527.72,Product C,893019,Paris
8595,2022-12-12,479.34,Product D,896903,London
2481,2022-12-12,359.65,Product D,891196,New York
5216,2022-12-12,221.03,Product A,896176,London
5087,2022-12-12,1189.5,Product B,890279,Tokyo
8432,2022-12-12,82.58,Product A,892765,Tokyo
8982,2022-12-13,653.14,Product A,895248,New York
9307,2022-12-13,409.25,Product B,893110,Paris
8195,2022-12-13,670.88,Product C,890879,New York
2577,2022-12-13,356.73,Product A,891314,Tokyo
5460,2022-12-13,818.06,Product A,894179,New York
4868,2022-12-13,1261.26,Product D,897005,Tokyo
2970,2022-12-13,885.01,Product A,897720,New York
9488,2022-12-13,377.61,Product A,891064,London
3607,2022-12-13,1479.0,Product D,896023,Tokyo
7885,2022-12-13,243.93,Product B,892464,London
6400,2022-12-13,1725.98,Product C,895316,Paris
1273,2022-12-13,390.18,Product C,894748,London
7955,2022-12-13,903.63,Product B,890620,Tokyo
8796,2022-12-13,471.23,Product D,894663,New York
1190,2022-12-13,202.75,Product D,895140,London
4683,2022-12-13,522.45,Product A,894371,London
6077,2022-12-13,907.52,Product C,890694,Tokyo
4131,2022-12-13,646.64,Product D,892231,London
8195,2022-12-13,528.03,Product A,890873,New York
2681,2022-12-13,280.24,Product B,893314,New York
1086,2022-12-13,128.79,Product D,896584,New York
3522,2022-12-13,347.65,Product C,894109,Paris
6295,2022-12-13,879.68,Product C,897257,Tokyo
5583,2022-12-13,234.94,Product C,890212,Tokyo
3203,2022-12-14,975.48,Product C,897427,Tokyo
4765,2022-12-14,699.11,Product A,893224,Tokyo
2879,2022-12-14,697.91,Product C,895375,Tokyo
5583,2022-12-14,284.96,Product A,890211,London
9444,2022-12-14,426.09,Product D,893301,New York
4164,2022-12-14,885.23,Product C,891327,London
6416,2022-12-14,115.75,Product D,891775,New York
7785,2022-12-14,385.92,Product D,892148,Paris
9210,2022-12-14,691.52,Product B,894161,New York
5923,2022-12-14,423.9,Product B,895953,Tokyo
3676,2022-12-14,934.12,Product A,890361,London
4762,2022-12-14,1609.28,Product B,891858,Tokyo
4617,2022-12-14,944.3,Product B,894917,Tokyo
7224,2022-12-14,697.7,Product D,890754,Tokyo
1828,2022-12-14,305.04,Product C,895161,New York
1612,2022-12-14,481.43,Product A,895816,Paris
1509,2022-12-14,286.04,Product B,897599,London
5371,2022-12-14,482.0,Product B,891249,London
1120,2022-12-15,1720.85,Product D,894235,New York
7418,2022-12-15,562.11,Product A,892312,Tokyo
7865,2022-12-15,537.93,Product C,894401,Paris
3150,2022-12-15,965.33,Product C,894299,Tokyo
6096,2022-12-15,900.84,Product D,890831,Paris
8273,2022-12-15,975.25,Product C,896244,London
1753,2022-12-15,612.31,Product D,890536,Tokyo
6303,2022-12-15,315.7,Product B,895865,Tokyo
9950,2022-12-15,734.59,Product B,892872,New York
9576,2022-12-15,434.71,Product A,892993,Paris
7785,2022-12-15,510.44,Product D,892144,New York
2669,2022-12-15,476.09,Product C,895568,New York
8685,2022-12-15,545.15,Product D,893623,New York
4630,2022-12-15,179.51,Product D,892746,Tokyo
3607,2022-12-15,1629.77,Product A,896019,New York
6210,2022-12-15,1005.99,Product C,896612,Paris
6582,2022-12-15,934.95,Product D,895631,London
4990,2022-12-15,276.16,Product A,890959,London
4608,2022-12-15,893.69,Product D,890023,Paris
9510,2022-12-15,1488.69,Product B,895483,New York
3704,2022-12-15,859.46,Product D,896826,New York
5809,2022-12-16,127.59,Product D,891548,Tokyo
7461,2022-12-16,413.26,Product B,890485,Paris
8123,2022-12-16,269.7,Product A,891148,Tokyo
8269,2022-12-16,1666.31,Product C,891140,New York
8135,2022-12-16,1294.16,Product D,891369,London
2404,2022-12-16,1764.32,Product C,896340,London
2502,2022-12-16,768.2,Product A,897591,Tokyo
2035,2022-12-16,944.96,Product B,895014,Tokyo
6077,2022-12-16,604.51,Product A,890696,Tokyo
7022,2022-12-16,721.59,Product C,897370,Paris
8758,2022-12-16,636.03,Product D,895258,Tokyo
9331,2022-12-16,336.41,Product C,893077,Paris
3724,2022-12-16,124.68,Product C,893448,London
6688,2022-12-16,579.45,Product A,894362,Paris
1104,2022-12-16,832.75,Product C,893441,Paris
5477,2022-12-16,373.26,Product C,895530,Paris
7965,2022-12-16,215.06,Product B,890785,Tokyo
5215,2022-12-16,560.28,Product B,895645,Tokyo
3223,2022-12-16,538.86,Product C,897290,New York
5201,2022-12-16,407.95,Product D,896083,London
2063,2022-12-16,832.04,Product B,894413,New York
2341,2022-12-17,512.69,Product A,894278,London
3230,2022-12-17,929.13,Product B,896303,London
6295,2022-12-17,584.52,Product B,897254,Paris
6614,2022-12-17,862.75,Product D,893499,London
5803,2022-12-17,199.74,Product C,896773,Paris
3148,2022-12-17,288.99,Product D,894658,London
8879,2022-12-17,1107.93,Product C,894537,New York
7807,2022-12-17,1138.42,Product A,896780,Paris
5499,2022-12-17,608.84,Product C,893729,Paris
2753,2022-12-17,268.08,Product D,896090,Tokyo
2118,2022-12-17,237.97,Product A,893983,London
6614,2022-12-17,933.43,Product B,893490,Tokyo
3435,2022-12-17,624.73,Product C,892999,Paris
6295,2022-12-17,886.84,Product A,897242,Tokyo
5281,2022-12-17,1135.33,Product C,896959,Tokyo
9622,2022-12-17,549.87,Product D,897224,London
3832,2022-12-17,614.94,Product C,894084,Paris
7275,2022-12-17,1730.49,Product C,895157,Paris
8370,2022-12-17,650.15,Product B,895976,Paris
8542,2022-12-17,1248.95,Product D,892891,Tokyo
2468,2022-12-17,124.19,Product B,892829,Tokyo
1753,2022-12-17,856.76,Product A,890531,London
6898,2022-12-17,632.05,Product B,893721,Tokyo
7955,2022-12-18,620.16,Product A,890629,Tokyo
5179,2022-12-18,379.09,Product B,896366,Tokyo
2041,2022-12-18,1663.03,Product B,894032,Tokyo
4562,2022-12-18,877.03,Product C,895832,Tokyo
8370,2022-12-18,856.61,Product B,895972,London
2443,2022-12-18,346.34,Product A,893574,New York
2843,2022-12-18,603.22,Product A,893401,New York
7242,2022-12-18,97.27,Product D,896745,New York
2180,2022-12-18,172.81,Product C,893281,Paris
8542,2022-12-18,1014.78,Product B,892897,Tokyo
3131,2022-12-18,928.72,Product D,891238,London
9595,2022-12-18,285.38,Product D,891501,Tokyo
5499,2022-12-18,850.76,Product B,893736,London
8951,2022-12-18,442.86,Product B,896523,London
4510,2022-12-18,624.77,Product D,894376,New York
4762,2022-12-19,1403.68,Product A,891859,Tokyo
3852,2022-12-19,447.3,Product A,896515,Paris
4700,2022-12-19,166.91,Product A,892375,Paris
9747,2022-12-19,828.88,Product C,892330,Paris
5521,2022-12-19,293.3,Product B,893392,Paris
9751,2022-12-19,797.25,Product C,895754,Paris
5215,2022-12-19,376.03,Product D,895646,Tokyo
4868,2022-12-19,1582.61,Product A,897015,London
7670,2022-12-19,1436.08,Product A,894209,Paris
8149,2022-12-19,319.05,Product D,894844,London
5444,2022-12-19,139.87,Product D,896716,Paris
8490,2022-12-19,539.26,Product B,890858,Paris
2679,2022-12-19,399.63,Product C,895467,Tokyo
6295,2022-12-19,1159.95,Product B,897250,Paris
8273,2022-12-20,1752.18,Product C,896237,London
6077,2022-12-20,738.22,Product D,890687,Tokyo
8381,2022-12-20,728.17,Product D,897469,Tokyo
4150,2022-12-20,561.02,Product D,891813,Paris
9622,2022-12-20,574.57,Product A,897230,Paris
5557,2022-12-20,335.07,Product A,890465,London
5511,2022-12-20,571.95,Product B,893594,Tokyo
4517,2022-12-20,585.31,Product D,897449,Tokyo
2389,2022-12-20,145.93,Product C,892238,London
9756,2022-12-20,263.63,Product D,893379,Paris
7334,2022-12-20,514.58,Product A,892725,Tokyo
2524,2022-12-20,463.07,Product C,890286,London
5281,2022-12-20,988.57,Product C,896952,New York
5150,2022-12-20,292.14,Product D,893935,New York
9064,2022-12-20,490.39,Product B,894343,London
7809,2022-12-20,1055.55,Product B,895671,London
2848,2022-12-20,1401.54,Product B,890326,Tokyo
5471,2022-12-20,730.39,Product B,893545,Paris
1753,2022-12-20,869.24,Product D,890544,Tokyo
9669,2022-12-20,571.56,Product D,891971,New York
3879,2022-12-20,385.66,Product D,895164,London
8414,2022-12-20,934.99,Product A,890910,Paris
8061,2022-12-21,227.55,Product A,893712,Tokyo
3676,2022-12-21,585.04,Product C,890364,London
9510,2022-12-21,938.21,Product C,895486,New York
4617,2022-12-21,1364.33,Product B,894941,London
7916,2022-12-21,756.52,Product A,894809,New York
6873,2022-12-21,297.09,Product A,894267,Paris
5819,2022-12-21,1180.29,Product D,893647,Tokyo
1120,2022-12-21,1076.9,Product D,894242,New York
7997,2022-12-21,489.82,Product D,897361,New York
1480,2022-12-21,363.5,Product A,892748,Tokyo
8239,2022-12-21,240.36,Product C,890738,New York
6399,2022-12-21,869.29,Product A,893692,Tokyo
3846,2022-12-21,312.04,Product D,891426,Tokyo
6439,2022-12-21,674.87,Product B,894425,London
3406,2022-12-21,1742.95,Product B,890440,London
5687,2022-12-21,1199.95,Product B,897171,Paris
9210,2022-12-21,799.62,Product A,894143,New York
2658,2022-12-21,837.85,Product A,895907,London
4751,2022-12-21,587.66,Product A,893166,New York
7883,2022-12-21,1607.98,Product A,893190,New York
8982,2022-12-21,883.56,Product C,895227,Paris
2195,2022-12-21,604.3,Product C,895592,Tokyo
8195,2022-12-21,1010.61,Product C,890865,London
2843,2022-12-21,481.97,Product A,893425,New York
7437,2022-12-21,1082.25,Product A,892935,Paris
8758,2022-12-21,732.51,Product D,895254,Tokyo
7809,2022-12-22,1689.48,Product D,895670,London
6439,2022-12-22,630.24,Product A,894430,London
2133,2022-12-22,176.22,Product C,896178,New York
9482,2022-12-22,1153.93,Product C,890034,Tokyo
6277,2022-12-22,1550.67,Product C,894768,New York
3662,2022-12-22,705.51,Product C,893374,New York
7753,2022-12-22,1179.16,Product C,892016,Tokyo
9105,2022-12-22,1141.79,Product D,892063,London
5719,2022-12-22,221.41,Product B,893661,Tokyo
3747,2022-12-22,475.91,Product D,895731,Tokyo
9674,2022-12-22,1812.31,Product A,892846,New York
6967,2022-12-22,409.94,Product B,893577,London
1480,2022-12-22,337.78,Product D,892749,Paris
3463,2022-12-22,700.24,Product C,892673,New York
5687,2022-12-22,1317.33,Product C,897178,Paris
2035,2022-12-22,599.2,Product C,895016,Tokyo
5438,2022-12-22,1574.29,Product A,892423,London
2041,2022-12-22,1358.46,Product C,894054,London
1049,2022-12-22,246.39,Product D,896110,London
2848,2022-12-22,1671.66,Product D,890350,Tokyo
3223,2022-12-22,343.83,Product B,897288,London
6939,2022-12-22,566.44,Product A,894506,New York
5272,2022-12-23,554.3,Product C,891557,London
8609,2022-12-23,851.34,Product C,891564,London
8244,2022-12-23,128.55,Product C,895505,New York
2582,2022-12-23,675.74,Product C,896107,London
5933,2022-12-23,176.56,Product B,892167,Paris
9266,2022-12-23,1505.06,Product A,895103,Tokyo
4608,2022-12-23,803.76,Product B,890016,Paris
1212,2022-12-23,507.77,Product A,895999,Tokyo
4232,2022-12-23,952.33,Product A,893681,New York
4510,2022-12-23,759.84,Product A,894380,Tokyo
3150,2022-12-23,1674.97,Product C,894297,Tokyo
1029,2022-12-23,998.88,Product D,897636,Tokyo
5582,2022-12-23,610.77,Product D,896663,London
3926,2022-12-23,878.21,Product C,897273,London
1029,2022-12-23,607.55,Product A,897624,Tokyo
1711,2022-12-23,519.7,Product B,895745,Paris
8657,2022-12-23,861.29,Product B,896570,Tokyo
6168,2022-12-23,700.1,Product B,893246,New York
7678,2022-12-23,99.11,Product C,892704,New York
9510,2022-12-23,1533.04,Product B,895499,Paris
3837,2022-12-23,240.59,Product B,894849,Tokyo
8542,2022-12-23,660.78,Product B,892899,Paris
2118,2022-12-23,270.59,Product C,893982,New York
4751,2022-12-23,790.5,Product D,893154,New York
5060,2022-12-23,234.73,Product A,895339,New York
9892,2022-12-24,284.77,Product A,895572,Tokyo
2417,2022-12-24,1088.71,Product B,892245,Paris
8724,2022-12-24,481.55,Product B,890089,London
6967,2022-12-24,619.73,Product C,893586,Tokyo
1530,2022-12-24,1022.95,Product B,894823,Tokyo
1833,2022-12-24,253.9,Product C,896273,New York
7807,2022-12-24,917.3,Product B,896792,New York
3983,2022-12-24,170.37,Product B,894862,Paris
5308,2022-12-24,347.67,Product C,895694,Paris
8490,2022-12-24,649.14,Product A,890848,New York
2747,2022-12-24,959.69,Product A,891826,New York
7484,2022-12-24,595.87,Product C,890989,London
2041,2022-12-24,1659.09,Product A,894046,London
3267,2022-12-24,909.29,Product B,897211,Paris
7431,2022-12-24,233.82,Product A,894710,New York
8736,2022-12-24,127.3,Product C,897309,New York
9897,2022-12-24,851.04,Product B,894701,Tokyo
4982,2022-12-25,1695.29,Product A,897697,Tokyo
8612,2022-12-25,669.8,Product B,895605,Paris
2679,2022-12-25,534.79,Product A,895459,New York
5049,2022-12-25,301.4,Product A,895989,Paris
3203,2022-12-25,552.45,Product A,897420,New York
7606,2022-12-25,1188.52,Product D,893037,Paris
6781,2022-12-25,200.03,Product C,896757,London
4765,2022-12-25,489.76,Product B,893215,London
1567,2022-12-25,474.23,Product C,894901,London
7670,2022-12-25,1550.78,Product C,894208,Paris
9689,2022-12-25,1068.37,Product C,896041,Paris
6134,2022-12-25,644.57,Product A,895064,London
1323,2022-12-25,335.51,Product C,890454,New York
4164,2022-12-25,544.78,Product D,891334,New York
9288,2022-12-25,361.97,Product A,892000,Paris
6431,2022-12-25,234.53,Product C,895541,Paris
8770,2022-12-25,1295.63,Product B,890570,Tokyo
2342,2022-12-25,268.7,Product D,894057,New York
6411,2022-12-25,299.66,Product B,895697,Paris
3173,2022-12-25,485.06,Product C,895689,Tokyo
4617,2022-12-25,1703.44,Product A,894940,London
3709,2022-12-25,1091.57,Product B,890512,Tokyo
1265,2022-12-25,250.17,Product B,892041,New York
6499,2022-12-25,525.61,Product A,895110,London
1120,2022-12-25,796.34,Product C,894229,Tokyo
1990,2022-12-25,1541.68,Product C,897669,Tokyo
2035,2022-12-26,883.05,Product B,895021,Paris
9393,2022-12-26,306.74,Product C,892484,Paris
6134,2022-12-26,551.86,Product A,895061,London
8369,2022-12-26,369.6,Product A,896940,London
8532,2022-12-26,414.27,Product C,897462,New York
5469,2022-12-26,1035.46,Product B,893612,New York
8370,2022-12-26,1078.17,Product A,895966,Paris
3024,2022-12-26,901.5,Product C,894462,Paris
2075,2022-12-26,1159.62,Product A,892414,London
6236,2022-12-26,1341.85,Product A,895428,Tokyo
1828,2022-12-26,344.34,Product C,895159,Paris
2438,2022-12-26,835.97,Product C,895784,Tokyo
3656,2022-12-26,218.04,Product C,897108,New York
8414,2022-12-26,676.82,Product D,890904,Paris
4275,2022-12-26,1041.12,Product A,892180,New York
1430,2022-12-26,616.15,Product A,894851,Tokyo
7939,2022-12-26,474.17,Product D,892965,Tokyo
2761,2022-12-26,585.56,Product D,893571,Paris
4892,2022-12-26,329.72,Product D,894260,New York
8925,2022-12-26,501.23,Product A,892037,New York
9008,2022-12-26,987.65,Product C,890673,Paris
6582,2022-12-26,957.31,Product A,895628,Tokyo
7484,2022-12-26,564.99,Product A,890990,Tokyo
4743,2022-12-26,581.39,Product C,893474,New York
9105,2022-12-26,1162.87,Product B,892077,London
3826,2022-12-26,176.68,Product D,896748,London
3221,2022-12-27,1546.53,Product A,896206,Tokyo
9689,2022-12-27,932.79,Product C,896028,London
9700,2022-12-27,1087.79,Product C,891667,Paris
6742,2022-12-27,630.57,Product A,891918,Paris
8951,2022-12-27,373.11,Product D,896525,New York
8511,2022-12-27,322.0,Product B,896060,Paris
5903,2022-12-27,756.2,Product D,892508,Tokyo
9044,2022-12-27,289.88,Product D,894688,New York
8807,2022-12-27,357.55,Product B,892499,Paris
2336,2022-12-27,554.64,Product C,892108,New York
6399,2022-12-27,555.0,Product B,893700,New York
1029,2022-12-27,863.86,Product A,897617,New York
8369,2022-12-27,554.89,Product D,896941,Tokyo
4371,2022-12-27,1390.46,Product B,892196,London
8715,2022-12-27,283.61,Product A,894079,Paris
1230,2022-12-27,593.79,Product D,897412,New York
2438,2022-12-27,944.95,Product D,895788,London
1011,2022-12-27,623.08,Product B,892726,Tokyo
7296,2022-12-27,172.28,Product D,897483,New York
4054,2022-12-27,570.92,Product C,891433,London
2911,2022-12-27,501.37,Product B,890969,New York
6829,2022-12-27,960.42,Product A,894487,New York
8273,2022-12-27,1249.35,Product B,896239,Paris
2582,2022-12-27,644.84,Product C,896096,Paris
7291,2022-12-27,471.01,Product B,892799,Paris
1182,2022-12-27,630.07,Product A,894628,Tokyo
7821,2022-12-28,1099.12,Product B,893515,Paris
8542,2022-12-28,673.51,Product D,892895,Paris
9173,2022-12-28,690.92,Product C,893458,New York
8273,2022-12-28,1363.21,Product C,896226,Paris
9482,2022-12-28,804.72,Product A,890043,New York
4291,2022-12-28,595.78,Product A,891526,Paris
3607,2022-12-28,1441.12,Product B,896004,New York
4302,2022-12-28,391.58,Product D,890259,New York
6614,2022-12-28,955.05,Product C,893488,Tokyo
2501,2022-12-28,298.35,Product C,895361,New York
1919,2022-12-28,638.57,Product B,892347,Tokyo
4290,2022-12-28,278.82,Product D,893970,Tokyo
9311,2022-12-28,419.5,Product C,896915,London
6638,2022-12-28,1461.65,Product C,890173,New York
5033,2022-12-28,400.38,Product C,894725,Paris
7955,2022-12-28,810.28,Product D,890623,Tokyo
9005,2022-12-28,318.49,Product B,890076,Tokyo
2551,2022-12-28,569.21,Product A,893797,London
5105,2022-12-28,474.91,Product B,891452,Tokyo
4762,2022-12-28,1688.31,Product A,891862,New York
7606,2022-12-28,1082.32,Product B,893051,London
6236,2022-12-28,1377.47,Product C,895452,Tokyo
2296,2022-12-28,1843.77,Product C,891274,Tokyo
9693,2022-12-28,716.21,Product C,894219,London
5285,2022-12-28,532.54,Product B,895073,Tokyo
4131,2022-12-28,688.32,Product D,892228,London
8622,2022-12-28,601.29,Product C,897391,Tokyo
2988,2022-12-28,1356.16,Product A,893896,Paris
2033,2022-12-28,189.53,Product D,895651,Tokyo
7666,2022-12-28,327.74,Product B,895079,New York
9821,2022-12-28,593.94,Product B,891351,London
6416,2022-12-28,93.72,Product A,891774,Paris
6939,2022-12-28,462.92,Product C,894504,New York
1029,2022-12-28,1122.19,Product B,897621,New York
1645,2022-12-28,749.23,Product A,892372,Tokyo
5660,2022-12-29,282.22,Product A,894762,Tokyo
2444,2022-12-29,349.32,Product B,890504,London
4751,2022-12-29,667.49,Product A,893153,New York
5272,2022-12-29,978.11,Product C,891552,London
6598,2022-12-29,1788.9,Product D,897581,Paris
8736,2022-12-29,263.73,Product D,897310,Tokyo
8135,2022-12-29,1865.97,Product D,891366,London
8414,2022-12-29,984.65,Product B,890917,Tokyo
7434,2022-12-29,638.13,Product A,894097,Paris
4559,2022-12-29,514.94,Product D,890724,Tokyo
3945,2022-12-29,1113.13,Product A,896381,Tokyo
7821,2022-12-29,873.68,Product A,893516,Tokyo
4475,2022-12-29,346.29,Product B,892811,Tokyo
7797,2022-12-29,821.85,Product D,890418,Tokyo
4048,2022-12-29,126.06,Product B,894096,Paris
8871,2022-12-29,403.26,Product D,891101,Tokyo
9064,2022-12-29,529.43,Product D,894336,Paris
8620,2022-12-29,245.48,Product B,897102,London
4291,2022-12-29,566.95,Product C,891527,Paris
7981,2022-12-29,868.74,Product B,891166,London
6770,2022-12-29,285.62,Product C,891205,Tokyo
8429,2022-12-29,719.82,Product A,891032,London
6816,2022-12-29,1680.49,Product A,891212,New York
8310,2022-12-29,101.41,Product A,891178,London
6869,2022-12-29,565.59,Product B,896475,New York
5938,2022-12-29,837.87,Product C,897640,New York
4868,2022-12-29,874.92,Product C,896993,London
5438,2022-12-29,1722.48,Product A,892439,Tokyo
8796,2022-12-30,718.46,Product A,894667,Tokyo
6570,2022-12-30,898.82,Product B,897610,Paris
8848,2022-12-30,202.97,Product D,891521,London
8342,2022-12-30,625.99,Product D,896433,Tokyo
2389,2022-12-30,274.15,Product A,892240,Paris
7179,2022-12-30,219.25,Product B,895478,New York
2617,2022-12-30,1033.56,Product D,890233,Tokyo
8369,2022-12-30,742.21,Product A,896934,London
6934,2022-12-30,366.11,Product D,894998,London
2531,2022-12-30,1091.26,Product B,893343,Tokyo
3793,2022-12-30,547.22,Product C,892710,London
4863,2022-12-30,908.4,Product A,894526,New York
2767,2022-12-30,215.71,Product D,890109,Paris
7670,2022-12-30,1699.61,Product A,894201,Paris
9700,2022-12-30,1117.49,Product D,891647,New York
8370,2022-12-30,570.91,Product C,895969,Paris
5837,2022-12-30,600.71,Product B,890097,Paris
5762,2022-12-30,937.76,Product C,895275,London
6598,2022-12-30,1478.85,Product C,897562,Tokyo
5533,2022-12-30,337.77,Product D,890184,London
8362,2022-12-30,846.35,Product C,892296,Tokyo
6400,2022-12-30,1506.06,Product A,895317,Paris
8625,2022-12-31,696.04,Product B,892390,New York
7291,2022-12-31,322.51,Product D,892798,Tokyo
3406,2022-12-31,1849.8,Product B,890439,Paris
1645,2022-12-31,806.75,Product C,892367,Tokyo
1225,2022-12-31,256.84,Product C,892696,Tokyo
3906,2022-12-31,271.45,Product C,893763,Paris
2425,2022-12-31,711.11,Product C,893120,London
4562,2022-12-31,878.28,Product B,895831,New York
8355,2022-12-31,316.84,Product B,891593,Paris
2679,2022-12-31,354.36,Product C,895464,New York
4624,2022-12-31,572.72,Product C,897354,Paris
8982,2022-12-31,1169.9,Product D,895246,Paris
7809,2022-12-31,1628.21,Product B,895656,London
7670,2022-12-31,1287.74,Product A,894195,Paris
9821,2022-12-31,866.67,Product D,891349,London
8161,2022-12-31,143.65,Product A,893266,London
3877,2022-12-31,827.36,Product B,891403,London
9210,2023-01-01,860.04,Product B,894167,New York
2824,2023-01-01,298.06,Product B,890112,Paris
8254,2023-01-01,566.94,Product A,893207,Tokyo
8609,2023-01-01,578.99,Product B,891571,London
5469,2023-01-01,906.16,Product C,893615,New York
8195,2023-01-01,1019.99,Product B,890864,London
9564,2023-01-01,906.47,Product A,890817,Paris
3148,2023-01-01,141.69,Product A,894662,New York
6008,2023-01-01,540.59,Product A,895582,Tokyo
6168,2023-01-01,681.47,Product C,893243,London
2036,2023-01-01,1307.67,Product D,896159,New York
7785,2023-01-01,601.52,Product D,892147,Paris
5938,2023-01-01,770.74,Product A,897656,New York
8135,2023-01-01,1061.14,Product C,891373,London
6420,2023-01-01,1170.69,Product A,892861,Paris
9821,2023-01-01,453.04,Product B,891354,London
9108,2023-01-01,207.45,Product D,894757,Tokyo
9307,2023-01-01,399.81,Product B,893109,Tokyo
7670,2023-01-01,1467.34,Product A,894207,Paris
1715,2023-01-01,1502.8,Product C,892541,London
8418,2023-01-02,166.95,Product A,892061,London
5438,2023-01-02,1162.77,Product C,892425,Tokyo
3417,2023-01-02,778.33,Product C,895184,London
8982,2023-01-02,680.98,Product A,895236,Paris
2582,2023-01-02,475.5,Product D,896104,London
4879,2023-01-02,308.04,Product D,892235,Paris
9564,2023-01-02,809.56,Product C,890816,Paris
2296,2023-01-02,1212.91,Product C,891282,London
8429,2023-01-02,1083.88,Product D,891028,London
5011,2023-01-02,429.58,Product D,893963,Tokyo
8724,2023-01-02,470.81,Product D,890090,London
5938,2023-01-02,860.63,Product B,897645,London
5349,2023-01-02,730.39,Product A,890245,London
9128,2023-01-02,476.49,Product A,890119,London
1207,2023-01-02,545.33,Product B,897077,Tokyo
5923,2023-01-02,375.77,Product D,895944,Tokyo
3287,2023-01-02,702.56,Product D,891779,Paris
6582,2023-01-02,990.74,Product C,895624,Tokyo
4185,2023-01-03,490.94,Product B,895705,New York
6829,2023-01-03,1485.06,Product C,894499,Tokyo
9482,2023-01-03,617.24,Product D,890046,New York
7622,2023-01-03,248.13,Product A,897303,Paris
1891,2023-01-03,753.13,Product D,896930,Tokyo
1392,2023-01-03,547.34,Product B,893852,New York
4290,2023-01-03,562.93,Product D,893972,Paris
1803,2023-01-03,552.7,Product C,890776,New York
7753,2023-01-03,1688.57,Product A,892007,New York
8595,2023-01-03,577.42,Product D,896902,Paris
2655,2023-01-03,887.62,Product C,892686,New York
9669,2023-01-03,805.29,Product C,891969,Paris
2633,2023-01-03,118.47,Product C,894276,New York
5011,2023-01-03,578.25,Product A,893961,Tokyo
8195,2023-01-03,919.03,Product A,890872,New York
4532,2023-01-03,981.33,Product C,893861,New York
5664,2023-01-03,794.07,Product B,895216,Paris
6085,2023-01-03,715.49,Product B,891607,Paris
6482,2023-01-03,483.33,Product B,890581,London
1643,2023-01-03,601.16,Product C,894485,Tokyo
7955,2023-01-03,856.52,Product D,890617,Tokyo
3435,2023-01-03,566.8,Product C,893001,London
3024,2023-01-03,781.38,Product B,894465,Paris
6885,2023-01-03,292.31,Product A,896115,Tokyo
6267,2023-01-03,335.68,Product C,894866,New York
5920,2023-01-03,865.3,Product B,891630,Tokyo
8324,2023-01-04,1611.09,Product D,892583,New York
9824,2023-01-04,256.03,Product B,891473,Paris
7821,2023-01-04,680.71,Product C,893508,Tokyo
4982,2023-01-04,1456.21,Product C,897710,Tokyo
4727,2023-01-04,450.19,Product C,895933,New York
1715,2023-01-04,1003.99,Product A,892549,Tokyo
5861,2023-01-04,939.72,Product C,891484,Paris
8105,2023-01-04,120.96,Product C,897308,Tokyo
8094,2023-01-04,1067.33,Product B,892615,Paris
1530,2023-01-04,944.47,Product A,894819,Tokyo
8598,2023-01-04,725.77,Product D,897063,London
6005,2023-01-04,126.58,Product D,895773,Paris
1225,2023-01-04,363.9,Product C,892694,New York
8616,2023-01-04,341.4,Product D,893541,Tokyo
6638,2023-01-04,875.54,Product B,890160,Paris
7885,2023-01-04,265.03,Product C,892463,London
8685,2023-01-04,912.45,Product B,893628,New York
9849,2023-01-04,333.85,Product B,892040,Paris
9004,2023-01-04,1436.37,Product B,894571,Tokyo
1990,2023-01-04,909.36,Product B,897690,Paris
6323,2023-01-04,309.34,Product B,897101,New York
2970,2023-01-05,788.87,Product A,897719,New York
2869,2023-01-05,502.84,Product D,896742,New York
7981,2023-01-05,1031.6,Product A,891169,Paris
5059,2023-01-05,966.46,Product C,892131,New York
6267,2023-01-05,498.08,Product D,894865,New York
5254,2023-01-05,587.88,Product B,891389,London
4510,2023-01-05,512.06,Product D,894385,New York
2468,2023-01-05,145.45,Product B,892830,Tokyo
6295,2023-01-05,621.04,Product B,897260,Tokyo
1200,2023-01-05,508.34,Product C,893755,Tokyo
6761,2023-01-05,209.46,Product C,897550,Paris
1392,2023-01-05,1010.51,Product A,893856,New York
6614,2023-01-05,1285.31,Product D,893496,London
5477,2023-01-05,521.39,Product C,895536,New York
1514,2023-01-05,885.13,Product C,897167,Tokyo
8225,2023-01-05,258.53,Product D,892662,New York
1104,2023-01-05,510.42,Product B,893432,New York
4624,2023-01-05,999.26,Product B,897347,Paris
6071,2023-01-05,400.71,Product B,895716,Paris
2658,2023-01-05,936.66,Product A,895892,Paris
8517,2023-01-06,273.9,Product B,895454,Tokyo
1212,2023-01-06,485.41,Product D,896001,Tokyo
4765,2023-01-06,636.94,Product D,893221,London
3150,2023-01-06,1212.66,Product A,894304,Tokyo
2747,2023-01-06,860.26,Product D,891831,Tokyo
3937,2023-01-06,647.9,Product D,890800,New York
7434,2023-01-06,481.84,Product B,894107,New York
6822,2023-01-06,630.83,Product B,894983,Paris
8324,2023-01-06,937.21,Product D,892568,Paris
3223,2023-01-06,428.87,Product A,897291,New York
1108,2023-01-06,917.56,Product C,894138,New York
5201,2023-01-06,378.46,Product D,896082,Tokyo
9266,2023-01-06,1592.61,Product A,895100,Paris
7717,2023-01-06,187.93,Product C,897213,New York
4675,2023-01-06,905.39,Product A,895921,Paris
6236,2023-01-06,1514.99,Product B,895429,Tokyo
5059,2023-01-06,1089.96,Product B,892137,New York
4626,2023-01-06,369.43,Product A,895200,London
2702,2023-01-06,372.13,Product A,891479,Paris
6822,2023-01-06,642.35,Product D,894976,Paris
8001,2023-01-06,469.61,Product D,896829,New York
5173,2023-01-07,213.44,Product B,890254,Paris
6850,2023-01-07,779.62,Product C,896556,New York
1430,2023-01-07,551.05,Product D,894850,New York
5670,2023-01-07,516.1,Product C,890087,London
8770,2023-01-07,803.75,Product A,890559,Tokyo
2988,2023-01-07,1307.12,Product B,893903,Paris
7418,2023-01-07,576.58,Product D,892323,Tokyo
9897,2023-01-07,831.21,Product D,894692,Tokyo
6828,2023-01-07,574.79,Product B,893293,New York
1753,2023-01-07,962.91,Product D,890534,London
6499,2023-01-07,481.38,Product D,895119,Paris
6071,2023-01-07,628.1,Product B,895713,London
9761,2023-01-07,1007.91,Product A,894953,Paris
5438,2023-01-07,1412.04,Product B,892431,Tokyo
5438,2023-01-07,1669.41,Product B,892435,Tokyo
7543,2023-01-07,447.65,Product B,892946,Tokyo
4944,2023-01-07,456.45,Product C,891583,Tokyo
1120,2023-01-07,981.23,Product C,894236,New York
5102,2023-01-07,390.44,Product B,890730,Paris
9442,2023-01-08,273.25,Product C,892529,London
2847,2023-01-08,510.1,Product C,891767,Paris
2041,2023-01-08,1715.3,Product D,894049,London
7678,2023-01-08,220.09,Product B,892705,Tokyo
4401,2023-01-08,689.12,Product A,890378,Paris
2847,2023-01-08,521.98,Product D,891758,Paris
5281,2023-01-08,1130.81,Product C,896958,New York
5067,2023-01-08,831.16,Product A,892362,London
4371,2023-01-08,821.53,Product C,892205,New York
5747,2023-01-08,643.07,Product D,896491,London
8848,2023-01-08,248.97,Product C,891520,London
3662,2023-01-08,913.28,Product A,893353,Tokyo
3230,2023-01-08,681.75,Product B,896297,London
8269,2023-01-08,1228.47,Product D,891119,New York
6050,2023-01-08,480.11,Product B,893089,London
5067,2023-01-08,961.95,Product C,892353,London
4022,2023-01-08,630.75,Product C,891299,Paris
9328,2023-01-08,561.89,Product C,893261,Paris
8370,2023-01-08,553.26,Product B,895965,Paris
5033,2023-01-08,611.68,Product A,894728,Tokyo
3203,2023-01-08,981.41,Product B,897418,New York
8982,2023-01-08,1336.99,Product B,895224,New York
9689,2023-01-08,1464.51,Product A,896054,Paris
5371,2023-01-09,778.0,Product C,891250,Tokyo
1193,2023-01-09,1671.05,Product B,895400,Tokyo
6293,2023-01-09,453.48,Product A,891115,Tokyo
2749,2023-01-09,191.21,Product C,890979,London
7408,2023-01-09,77.14,Product C,893877,Paris
9669,2023-01-09,1312.51,Product A,891958,Paris
6570,2023-01-09,596.41,Product C,897612,Paris
6295,2023-01-09,1278.88,Product C,897238,Paris
2011,2023-01-09,188.54,Product D,896864,London
2404,2023-01-09,986.89,Product B,896329,Tokyo
3267,2023-01-09,1059.55,Product D,897210,London
2843,2023-01-09,743.15,Product C,893399,New York
5920,2023-01-09,1439.94,Product A,891621,London
2041,2023-01-09,1124.72,Product A,894037,Tokyo
5460,2023-01-09,536.44,Product A,894175,Tokyo
3945,2023-01-09,794.38,Product B,896390,Paris
2425,2023-01-09,972.98,Product B,893116,New York
9761,2023-01-10,1729.63,Product D,894963,Paris
2679,2023-01-10,506.28,Product D,895456,Tokyo
9444,2023-01-10,409.85,Product C,893303,Tokyo
9363,2023-01-10,309.46,Product B,894071,London
5670,2023-01-10,853.6,Product A,890084,London
7916,2023-01-10,731.61,Product A,894811,Tokyo
8685,2023-01-10,797.26,Product D,893627,Paris
6439,2023-01-10,570.09,Product B,894436,New York
2669,2023-01-10,509.03,Product C,895559,New York
8372,2023-01-10,496.94,Product D,893881,London
5920,2023-01-10,1784.93,Product B,891628,Tokyo
8135,2023-01-10,1030.89,Product D,891368,London
7025,2023-01-10,321.19,Product C,896180,London
7809,2023-01-10,1803.98,Product C,895660,London
8719,2023-01-10,837.8,Product C,890133,Tokyo
4052,2023-01-10,594.67,Product B,897525,Tokyo
2624,2023-01-10,545.66,Product C,896527,New York
3578,2023-01-10,797.81,Product D,893014,Paris
4475,2023-01-11,368.13,Product A,892809,Paris
4555,2023-01-11,1193.56,Product D,894003,Tokyo
6829,2023-01-11,1467.14,Product D,894500,New York
6574,2023-01-11,238.92,Product D,892100,Paris
2747,2023-01-11,679.08,Product A,891832,New York
8078,2023-01-11,303.83,Product A,895986,London
4116,2023-01-11,606.01,Product D,894394,Paris
5438,2023-01-11,998.41,Product C,892436,London
6614,2023-01-11,1400.18,Product A,893500,London
2075,2023-01-11,1035.78,Product D,892418,Paris
1136,2023-01-11,809.27,Product A,890593,Paris
8770,2023-01-11,1453.32,Product A,890551,Tokyo
4185,2023-01-11,504.2,Product B,895700,Paris
8199,2023-01-11,919.44,Product A,894314,Paris
8657,2023-01-11,1086.11,Product D,896577,Tokyo
9700,2023-01-11,1022.39,Product A,891655,Paris
1108,2023-01-11,1190.79,Product D,894130,New York
4863,2023-01-11,964.51,Product C,894523,Tokyo
5520,2023-01-11,1286.16,Product D,896285,London
6345,2023-01-11,586.74,Product D,892658,Paris
4510,2023-01-12,469.42,Product A,894383,New York
2752,2023-01-12,489.01,Product D,891909,Paris
1990,2023-01-12,822.48,Product B,897672,Paris
8269,2023-01-12,939.12,Product B,891130,New York
4727,2023-01-12,588.08,Product A,895935,New York
8552,2023-01-12,147.27,Product D,890390,London
9538,2023-01-12,998.92,Product A,895349,Tokyo
9673,2023-01-12,407.07,Product D,895800,Paris
2791,2023-01-12,675.89,Product D,895419,Paris
7955,2023-01-12,653.16,Product B,890622,Tokyo
3858,2023-01-12,184.7,Product A,890945,Tokyo
1753,2023-01-12,871.26,Product B,890545,Tokyo
2337,2023-01-12,761.04,Product B,892976,Tokyo
5837,2023-01-13,500.3,Product D,890102,Paris
6295,2023-01-13,628.15,Product B,897244,Paris
5747,2023-01-13,1040.77,Product C,896498,Tokyo
6071,2023-01-13,775.41,Product B,895725,Paris
6234,2023-01-13,223.02,Product A,891189,London
4770,2023-01-13,314.74,Product D,894836,New York
2902,2023-01-13,493.76,Product D,890761,Paris
4232,2023-01-13,1495.88,Product D,893671,Tokyo
8612,2023-01-13,537.01,Product D,895601,Paris
9148,2023-01-13,306.93,Product B,890093,Paris
3634,2023-01-13,461.03,Product B,892780,New York
6295,2023-01-13,965.73,Product C,897243,Paris
2063,2023-01-13,903.54,Product A,894420,London
1108,2023-01-13,1677.09,Product B,894131,London
8094,2023-01-13,1230.35,Product B,892617,Tokyo
7916,2023-01-13,764.99,Product C,894810,Tokyo
4483,2023-01-13,708.49,Product A,895194,London
6911,2023-01-13,222.04,Product D,890070,New York
3878,2023-01-13,992.42,Product D,891044,Tokyo
9054,2023-01-13,294.27,Product B,897046,Paris
2010,2023-01-13,248.59,Product A,896802,Paris
9317,2023-01-13,557.6,Product C,897453,New York
3578,2023-01-13,787.11,Product A,893015,Paris
4150,2023-01-14,734.92,Product B,891816,New York
2940,2023-01-14,1056.02,Product A,894597,Tokyo
4052,2023-01-14,595.02,Product D,897537,Tokyo
2404,2023-01-14,1825.11,Product D,896319,Tokyo
9761,2023-01-14,1682.5,Product B,894967,London
3221,2023-01-14,1194.83,Product A,896216,Paris
7342,2023-01-14,300.23,Product A,896762,London
2337,2023-01-14,407.78,Product A,892977,Tokyo
3742,2023-01-14,275.84,Product C,896412,London
3041,2023-01-14,254.53,Product A,895791,London
2617,2023-01-14,878.9,Product B,890235,Tokyo
2035,2023-01-14,787.26,Product D,895006,Paris
8542,2023-01-14,675.11,Product C,892900,Tokyo
8094,2023-01-14,1536.55,Product A,892627,Paris
3676,2023-01-14,605.47,Product A,890355,Tokyo
2077,2023-01-14,483.89,Product D,892494,Tokyo
8595,2023-01-14,375.49,Product C,896910,London
3676,2023-01-14,831.67,Product B,890363,Tokyo
8405,2023-01-14,191.41,Product C,894170,London
6818,2023-01-14,212.86,Product A,896769,New York
8324,2023-01-15,1244.87,Product A,892573,Paris
5334,2023-01-15,1528.99,Product B,896442,Paris
7049,2023-01-15,193.18,Product A,894720,New York
9669,2023-01-15,1283.67,Product D,891956,Paris
6068,2023-01-15,515.25,Product D,891674,Tokyo
6730,2023-01-15,741.01,Product B,892815,Tokyo
4788,2023-01-15,254.98,Product B,893124,London
3213,2023-01-15,190.72,Product A,897553,Paris
3406,2023-01-15,1704.19,Product C,890451,London
4751,2023-01-15,839.81,Product B,893140,New York
3634,2023-01-15,728.4,Product B,892771,New York
9802,2023-01-15,93.62,Product A,893300,New York
3880,2023-01-15,609.09,Product C,897540,Paris
3880,2023-01-15,777.68,Product D,897541,Paris
6963,2023-01-15,163.76,Product D,893170,London
3399,2023-01-15,1342.92,Product C,892276,Paris
2121,2023-01-15,163.3,Product D,891319,London
1891,2023-01-15,664.36,Product A,896924,Tokyo
3647,2023-01-15,130.75,Product A,896063,London
7437,2023-01-15,1212.93,Product C,892924,London
4054,2023-01-15,667.73,Product A,891427,Tokyo
4923,2023-01-15,295.71,Product A,890476,London
8149,2023-01-16,259.33,Product C,894846,London
1990,2023-01-16,1410.8,Product C,897675,Paris
4616,2023-01-16,797.28,Product A,894802,New York
3662,2023-01-16,695.93,Product D,893350,New York
9266,2023-01-16,1600.88,Product D,895105,Tokyo
5349,2023-01-16,874.59,Product A,890246,London
8879,2023-01-16,1266.23,Product C,894555,New York
6850,2023-01-16,886.36,Product B,896545,New York
4371,2023-01-16,1328.46,Product C,892184,London
3041,2023-01-16,280.47,Product A,895792,Paris
4751,2023-01-16,554.87,Product C,893156,Paris
4863,2023-01-16,736.17,Product D,894524,New York
2975,2023-01-16,774.5,Product A,897127,Paris
4271,2023-01-16,235.11,Product B,890746,London
8399,2023-01-16,483.66,Product D,893777,Tokyo
5281,2023-01-16,1384.64,Product C,896961,Tokyo
8719,2023-01-17,528.42,Product D,890135,Tokyo
3906,2023-01-17,432.82,Product C,893764,Tokyo
1166,2023-01-17,447.59,Product A,894326,Paris
6570,2023-01-17,762.34,Product C,897605,Paris
5762,2023-01-17,1187.62,Product D,895267,London
8269,2023-01-17,1442.79,Product C,891134,New York
1990,2023-01-17,1701.82,Product A,897670,Tokyo
3024,2023-01-17,773.48,Product D,894472,Paris
7566,2023-01-17,128.48,Product C,894344,Paris
3399,2023-01-17,1049.46,Product A,892279,Paris
9328,2023-01-17,961.22,Product B,893263,London
8126,2023-01-17,391.5,Product C,894305,London
3578,2023-01-17,970.15,Product B,893031,New York
4150,2023-01-17,705.22,Product D,891818,Paris
4401,2023-01-17,668.75,Product C,890376,Paris
3369,2023-01-17,504.75,Product B,893131,Tokyo
4762,2023-01-17,886.44,Product B,891864,Tokyo
6267,2023-01-17,445.88,Product A,894875,New York
6614,2023-01-17,804.6,Product C,893498,Tokyo
1685,2023-01-17,212.42,Product D,894858,Paris
9363,2023-01-17,244.64,Product C,894073,Tokyo
9268,2023-01-17,493.72,Product C,892754,New York
2843,2023-01-17,650.13,Product A,893421,New York
5861,2023-01-17,678.14,Product D,891497,Paris
6482,2023-01-17,707.32,Product C,890583,London
8149,2023-01-17,208.05,Product C,894845,New York
3509,2023-01-18,1205.64,Product C,893911,Paris
7862,2023-01-18,1487.55,Product C,896885,Tokyo
8210,2023-01-18,558.13,Product B,892826,Tokyo
8616,2023-01-18,335.94,Product B,893540,Tokyo
3248,2023-01-18,445.74,Product C,895580,Paris
1993,2023-01-18,257.6,Product A,893309,Paris
5521,2023-01-18,202.98,Product C,893393,Tokyo
6776,2023-01-18,431.1,Product D,894892,Tokyo
2658,2023-01-18,1012.73,Product B,895891,Paris
7821,2023-01-18,888.17,Product B,893527,Tokyo
9950,2023-01-18,926.39,Product D,892876,Tokyo
3521,2023-01-18,737.49,Product A,895555,Paris
7418,2023-01-18,969.61,Product B,892316,Tokyo
4387,2023-01-18,1074.56,Product D,895128,Tokyo
3230,2023-01-18,1011.4,Product C,896313,London
7981,2023-01-18,1078.08,Product A,891171,London
7606,2023-01-18,1211.61,Product D,893038,Paris
7457,2023-01-18,407.93,Product C,894889,London
6399,2023-01-18,680.17,Product C,893691,Tokyo
2310,2023-01-18,76.42,Product A,893873,Paris
8871,2023-01-18,318.92,Product D,891104,New York
1193,2023-01-18,1397.18,Product C,895395,Paris
8821,2023-01-18,289.92,Product B,893234,New York
9008,2023-01-18,1200.4,Product C,890674,Paris
8195,2023-01-18,502.76,Product B,890877,London
9008,2023-01-18,1159.17,Product A,890670,Paris
9482,2023-01-19,684.53,Product D,890052,New York
5221,2023-01-19,598.9,Product D,897316,New York
2669,2023-01-19,508.33,Product B,895566,London
8552,2023-01-19,103.98,Product A,890389,London
4232,2023-01-19,1284.01,Product B,893667,Tokyo
9740,2023-01-19,1208.68,Product A,890640,New York
7824,2023-01-19,467.76,Product C,894736,Paris
2296,2023-01-19,1385.02,Product D,891271,London
5938,2023-01-19,1154.85,Product B,897652,London
5938,2023-01-19,767.19,Product C,897644,London
3938,2023-01-19,229.13,Product C,891597,New York
6828,2023-01-19,977.49,Product C,893284,New York
4608,2023-01-19,1094.34,Product C,890011,Tokyo
6210,2023-01-19,1405.16,Product A,896600,New York
4116,2023-01-19,568.58,Product B,894392,New York
2489,2023-01-19,546.17,Product C,896121,London
2337,2023-01-19,877.18,Product D,892981,London
2617,2023-01-19,824.69,Product D,890232,New York
9128,2023-01-19,511.94,Product D,890118,London
2617,2023-01-19,619.19,Product B,890238,New York
5254,2023-01-19,474.79,Product B,891385,Tokyo
1225,2023-01-19,396.5,Product D,892691,Tokyo
8807,2023-01-19,233.73,Product A,892501,Paris
9880,2023-01-19,580.32,Product C,896651,London
1502,2023-01-20,262.13,Product D,890610,London
9740,2023-01-20,1118.61,Product A,890647,New York
4510,2023-01-20,640.19,Product A,894384,New York
1200,2023-01-20,481.0,Product A,893759,New York
4164,2023-01-20,854.16,Product A,891339,New York
8043,2023-01-20,472.68,Product A,896502,London
9899,2023-01-20,338.89,Product B,893198,Tokyo
7883,2023-01-20,1823.92,Product C,893187,Tokyo
1146,2023-01-20,73.44,Product B,890195,Paris
1392,2023-01-20,878.03,Product C,893837,London
3230,2023-01-20,840.12,Product B,896301,London
5533,2023-01-20,277.36,Product D,890185,London
3308,2023-01-20,159.97,Product C,890825,Tokyo
2036,2023-01-20,878.6,Product D,896153,London
9674,2023-01-20,811.24,Product D,892845,New York
9210,2023-01-20,656.11,Product D,894163,London
7670,2023-01-20,1435.01,Product D,894198,Tokyo
6303,2023-01-20,354.65,Product D,895864,New York
3937,2023-01-20,558.2,Product C,890807,London
6482,2023-01-21,446.25,Product D,890574,Paris
8595,2023-01-21,392.55,Product A,896905,Paris
3747,2023-01-21,567.36,Product B,895737,London
2551,2023-01-21,501.5,Product B,893794,London
1753,2023-01-21,688.32,Product C,890543,London
9175,2023-01-21,373.3,Product A,895942,Tokyo
3719,2023-01-21,190.76,Product C,894878,Paris
9267,2023-01-21,468.67,Product D,891187,New York
5308,2023-01-21,293.7,Product A,895692,London
1919,2023-01-21,303.55,Product C,892344,Tokyo
1891,2023-01-21,587.61,Product C,896928,Paris
7224,2023-01-21,828.01,Product A,890750,Paris
3877,2023-01-21,402.86,Product D,891399,Paris
1193,2023-01-21,1079.48,Product D,895399,Tokyo
5179,2023-01-21,458.96,Product D,896369,New York
3196,2023-01-21,207.7,Product A,894249,New York
3280,2023-01-21,467.78,Product C,895049,New York
8179,2023-01-21,304.45,Product B,895841,Tokyo
8195,2023-01-21,830.65,Product B,890859,London
3024,2023-01-21,1014.79,Product B,894473,Paris
7204,2023-01-21,150.32,Product A,892882,Tokyo
7809,2023-01-21,862.86,Product B,895665,London
7807,2023-01-21,814.72,Product A,896777,Paris
5349,2023-01-21,797.5,Product A,890248,New York
8483,2023-01-21,863.81,Product A,890061,New York
9289,2023-01-21,769.97,Product B,893177,Tokyo
1207,2023-01-21,385.54,Product B,897087,Tokyo
9954,2023-01-22,621.16,Product B,896136,New York
1212,2023-01-22,497.77,Product B,895997,New York
8622,2023-01-22,286.89,Product D,897390,Tokyo
5558,2023-01-22,877.92,Product A,896194,Paris
1029,2023-01-22,1268.18,Product C,897627,Tokyo
6303,2023-01-22,585.16,Product B,895853,New York
2624,2023-01-22,525.55,Product C,896530,New York
4759,2023-01-22,203.36,Product C,897740,New York
5499,2023-01-22,723.32,Product B,893733,London
9129,2023-01-22,592.78,Product A,891065,New York
5105,2023-01-22,725.68,Product A,891455,Tokyo
4912,2023-01-22,107.64,Product B,892666,London
9409,2023-01-22,127.11,Product B,890078,London
7563,2023-01-22,493.85,Product D,892951,Paris
4943,2023-01-22,636.05,Product D,891508,Tokyo
7437,2023-01-22,1046.57,Product A,892918,London
8796,2023-01-23,471.76,Product D,894672,New York
3140,2023-01-23,861.5,Product B,893950,London
8609,2023-01-23,590.13,Product B,891563,London
3793,2023-01-23,524.61,Product C,892711,Paris
8692,2023-01-23,279.08,Product B,896263,Tokyo
8324,2023-01-23,1621.78,Product A,892582,New York
9443,2023-01-23,394.85,Product C,894651,London
3832,2023-01-23,298.41,Product D,894092,New York
6381,2023-01-23,478.29,Product A,896690,New York
5512,2023-01-23,624.99,Product B,893328,New York
8579,2023-01-23,1223.03,Product B,891746,London
9008,2023-01-23,966.29,Product B,890681,Paris
7418,2023-01-23,974.61,Product A,892319,London
8879,2023-01-23,913.92,Product C,894558,New York
4762,2023-01-23,752.61,Product D,891865,New York
8199,2023-01-23,840.71,Product D,894310,Paris
4190,2023-01-23,278.69,Product D,890207,Tokyo
5107,2023-01-23,326.6,Product D,897413,Paris
3945,2023-01-23,633.18,Product D,896385,Tokyo
6916,2023-01-23,214.15,Product D,897478,London
4630,2023-01-23,273.56,Product A,892743,Tokyo
6210,2023-01-23,691.27,Product C,896595,New York
5512,2023-01-23,818.08,Product C,893322,New York
1721,2023-01-23,689.83,Product D,897036,London
4608,2023-01-23,891.98,Product B,890014,Paris
4868,2023-01-23,1635.43,Product C,897006,Tokyo
3363,2023-01-23,671.89,Product B,891445,New York
6967,2023-01-23,653.88,Product D,893583,Tokyo
7981,2023-01-23,818.66,Product C,891175,London
2502,2023-01-24,841.49,Product B,897586,London
8405,2023-01-24,363.08,Product B,894169,New York
2752,2023-01-24,440.28,Product C,891913,Tokyo
9307,2023-01-24,282.79,Product B,893108,Paris
6399,2023-01-24,1061.98,Product D,893693,Tokyo
3308,2023-01-24,73.61,Product B,890826,New York
8179,2023-01-24,294.2,Product A,895840,Tokyo
1011,2023-01-24,795.06,Product A,892732,Tokyo
7606,2023-01-24,1317.47,Product D,893042,Paris
1464,2023-01-24,562.37,Product D,890659,New York
2669,2023-01-24,640.81,Product A,895570,London
3267,2023-01-24,631.14,Product A,897194,Paris
6085,2023-01-24,653.82,Product B,891609,Paris
2083,2023-01-24,198.28,Product C,891295,Paris
9561,2023-01-24,757.25,Product A,890932,New York
5285,2023-01-24,799.36,Product D,895075,New York
6420,2023-01-24,1167.44,Product D,892862,New York
1464,2023-01-25,812.69,Product C,890656,Tokyo
3131,2023-01-25,1317.41,Product A,891240,London
2879,2023-01-25,725.81,Product C,895374,Tokyo
8094,2023-01-25,1459.8,Product A,892638,Paris
4909,2023-01-25,366.48,Product D,890393,Tokyo
5067,2023-01-25,890.73,Product C,892355,Tokyo
2658,2023-01-25,982.43,Product A,895882,Paris
5334,2023-01-25,959.47,Product D,896456,New York
6850,2023-01-25,1240.61,Product A,896547,Paris
9582,2023-01-25,513.4,Product B,897440,London
4150,2023-01-25,731.12,Product C,891817,Paris
2010,2023-01-25,302.69,Product A,896803,London
8692,2023-01-25,202.67,Product A,896261,New York
7557,2023-01-25,1550.37,Product B,893830,Paris
7807,2023-01-25,589.11,Product C,896782,New York
9824,2023-01-25,228.43,Product B,891475,Paris
4770,2023-01-26,329.37,Product C,894835,New York
6085,2023-01-26,544.23,Product D,891611,Paris
1719,2023-01-26,138.71,Product B,896393,Paris
9128,2023-01-26,793.71,Product A,890114,London
4275,2023-01-26,776.11,Product D,892168,Tokyo
7521,2023-01-26,411.71,Product A,892652,London
4196,2023-01-26,1162.62,Product D,896710,Paris
3131,2023-01-26,1638.72,Product A,891227,London
8542,2023-01-26,810.91,Product C,892892,Paris
1645,2023-01-26,682.99,Product D,892371,Tokyo
8429,2023-01-26,1353.59,Product C,891041,Tokyo
4944,2023-01-26,389.72,Product C,891580,Tokyo
3662,2023-01-26,1004.68,Product B,893363,New York
2761,2023-01-26,474.51,Product A,893562,New York
2582,2023-01-26,634.55,Product C,896091,London
1711,2023-01-26,785.12,Product D,895746,London
8359,2023-01-26,255.47,Product B,894761,New York
1120,2023-01-26,1564.41,Product D,894230,Tokyo
6399,2023-01-26,887.35,Product C,893684,New York
9426,2023-01-26,790.32,Product A,896636,London
4185,2023-01-26,754.5,Product D,895709,New York
1993,2023-01-27,301.19,Product B,893308,New York
7557,2023-01-27,859.09,Product D,893826,Paris
2741,2023-01-27,189.63,Product C,890294,Tokyo
6420,2023-01-27,528.18,Product B,892858,Paris
7807,2023-01-27,680.1,Product C,896789,New York
3287,2023-01-27,604.01,Product C,891783,Tokyo
8370,2023-01-27,912.49,Product C,895978,Paris
5762,2023-01-27,977.79,Product A,895271,Tokyo
2848,2023-01-27,888.31,Product D,890339,Tokyo
5221,2023-01-27,900.87,Product D,897320,London
3704,2023-01-27,1272.87,Product A,896820,Tokyo
5254,2023-01-27,580.29,Product A,891379,Tokyo
2296,2023-01-27,1324.11,Product D,891281,London
7606,2023-01-27,871.39,Product D,893044,Paris
6850,2023-01-27,1424.62,Product D,896562,Paris
1046,2023-01-27,176.75,Product B,892208,Tokyo
1891,2023-01-27,1084.18,Product C,896923,Tokyo
9561,2023-01-27,1009.51,Product A,890939,Tokyo
3747,2023-01-27,348.45,Product D,895728,London
2344,2023-01-27,682.14,Product C,892161,New York
3704,2023-01-27,822.85,Product B,896818,New York
2582,2023-01-27,688.54,Product A,896108,London
6638,2023-01-27,1111.63,Product C,890171,New York
4161,2023-01-27,610.76,Product C,890149,London
2617,2023-01-28,570.16,Product C,890227,New York
6077,2023-01-28,757.95,Product B,890698,Paris
2036,2023-01-28,1256.71,Product C,896144,London
4111,2023-01-28,674.41,Product B,892740,Tokyo
3521,2023-01-28,629.92,Product B,895548,Paris
7821,2023-01-28,1025.95,Product C,893512,Paris
4616,2023-01-28,434.6,Product D,894796,New York
4616,2023-01-28,818.98,Product D,894795,New York
3024,2023-01-28,1086.48,Product D,894461,Paris
9674,2023-01-28,810.93,Product C,892849,New York
5557,2023-01-28,260.78,Product D,890468,London
9747,2023-01-28,836.75,Product A,892340,Paris
3647,2023-01-28,236.49,Product B,896062,Tokyo
3535,2023-01-28,586.65,Product D,895302,London
2296,2023-01-28,1518.36,Product A,891279,London
2342,2023-01-28,377.99,Product D,894059,New York
6172,2023-01-28,348.01,Product B,893384,Tokyo
6707,2023-01-28,213.41,Product B,892400,Tokyo
9747,2023-01-29,1298.04,Product D,892339,New York
9129,2023-01-29,454.61,Product C,891066,Paris
2843,2023-01-29,900.95,Product C,893400,New York
6967,2023-01-29,502.84,Product B,893575,London
9482,2023-01-29,1029.85,Product B,890041,New York
6816,2023-01-29,1549.75,Product B,891210,New York
6303,2023-01-29,349.68,Product A,895863,New York
8504,2023-01-29,850.59,Product A,895204,London
8094,2023-01-29,1661.09,Product A,892624,Tokyo
9465,2023-01-29,1408.68,Product D,891943,London
5558,2023-01-29,543.5,Product A,896197,Paris
7434,2023-01-29,383.03,Product C,894098,Paris
1972,2023-01-29,562.29,Product D,894679,Tokyo
9266,2023-01-29,1651.51,Product B,895104,Tokyo
1803,2023-01-29,558.08,Product B,890774,London
2843,2023-01-29,1012.04,Product D,893419,London
2902,2023-01-29,686.61,Product C,890770,Paris
6210,2023-01-29,953.88,Product C,896590,Paris
2035,2023-01-29,728.93,Product B,895023,Paris
9756,2023-01-29,340.44,Product C,893377,Tokyo
7821,2023-01-30,978.4,Product B,893523,Tokyo
5837,2023-01-30,499.8,Product A,890096,Paris
5949,2023-01-30,528.99,Product A,893940,Tokyo
7770,2023-01-30,526.67,Product C,890411,Paris
9841,2023-01-30,557.38,Product A,891688,Paris
6085,2023-01-30,466.82,Product D,891606,Tokyo
6071,2023-01-30,570.37,Product A,895721,Paris
1530,2023-01-30,1027.69,Product D,894822,New York
6644,2023-01-30,989.95,Product C,895522,Paris
6420,2023-01-30,821.34,Product C,892864,New York
2153,2023-01-30,543.54,Product A,896842,Tokyo
7275,2023-01-30,1419.9,Product C,895153,London
7606,2023-01-30,1104.77,Product B,893057,Paris
8370,2023-01-30,951.71,Product C,895981,Paris
4116,2023-01-30,539.33,Product D,894396,Paris
7022,2023-01-30,1094.79,Product A,897381,Tokyo
9268,2023-01-30,498.33,Product C,892758,London
7932,2023-01-30,192.26,Product D,896466,Tokyo
7521,2023-01-30,362.42,Product C,892653,New York
2035,2023-01-30,1285.94,Product C,895011,Paris
8043,2023-01-30,839.24,Product A,896507,Paris
5903,2023-01-31,794.14,Product B,892509,Paris
7557,2023-01-31,1059.8,Product B,893824,Paris
7563,2023-01-31,583.6,Product B,892954,New York
6399,2023-01-31,1032.92,Product D,893703,New York
6542,2023-01-31,242.46,Product D,894283,Tokyo
6822,2023-01-31,700.93,Product A,894973,Paris
1721,2023-01-31,774.28,Product A,897028,London
4762,2023-01-31,1446.8,Product D,891846,Tokyo
6168,2023-01-31,454.9,Product B,893249,London
2118,2023-01-31,441.82,Product D,893981,Tokyo
6420,2023-01-31,837.04,Product B,892866,New York
6303,2023-01-31,528.57,Product C,895860,New York
6582,2023-01-31,932.82,Product D,895630,Tokyo
4743,2023-01-31,610.06,Product C,893469,Paris
3463,2023-01-31,418.01,Product A,892669,New York
3878,2023-01-31,984.67,Product D,891047,Tokyo
9328,2023-01-31,895.28,Product A,893258,London
2010,2023-01-31,226.27,Product B,896800,Tokyo
9897,2023-02-01,841.2,Product D,894694,New York
7461,2023-02-01,692.8,Product B,890492,Paris
6850,2023-02-01,907.69,Product A,896542,Paris
6850,2023-02-01,1665.47,Product D,896543,Paris
1029,2023-02-01,1138.6,Product C,897633,New York
9689,2023-02-01,1579.09,Product A,896038,London
5334,2023-02-01,815.77,Product C,896463,New York
9328,2023-02-01,967.22,Product D,893264,London
2438,2023-02-01,647.01,Product B,895787,Tokyo
2438,2023-02-01,811.53,Product A,895786,London
9328,2023-02-01,683.21,Product B,893255,Paris
9289,2023-02-01,581.99,Product C,893178,New York
4568,2023-02-01,373.46,Product C,890927,Tokyo
2153,2023-02-01,276.07,Product B,896847,Tokyo
6669,2023-02-01,216.7,Product A,897728,London
8369,2023-02-01,576.02,Product D,896939,London
7199,2023-02-01,103.7,Product A,892389,Paris
7793,2023-02-01,265.53,Product B,893431,Tokyo
5923,2023-02-01,305.11,Product C,895945,Tokyo
2988,2023-02-01,1080.47,Product B,893898,Paris
5349,2023-02-01,914.24,Product D,890249,New York
8370,2023-02-01,584.77,Product B,895956,London
8199,2023-02-01,496.36,Product A,894323,New York
3230,2023-02-01,862.97,Product D,896298,London
9004,2023-02-01,1193.37,Product D,894573,London
7797,2023-02-01,626.9,Product C,890426,Tokyo
6934,2023-02-02,542.73,Product C,894989,New York
1207,2023-02-02,409.3,Product A,897088,Tokyo
8269,2023-02-02,1546.89,Product D,891123,Paris
7054,2023-02-02,250.22,Product B,892217,Paris
4804,2023-02-02,736.54,Product D,891700,Paris
2101,2023-02-02,274.89,Product C,891791,Paris
8821,2023-02-02,343.51,Product A,893237,Paris
2526,2023-02-02,702.84,Product B,893987,Tokyo
2494,2023-02-02,474.4,Product D,890948,London
3858,2023-02-02,330.26,Product A,890944,London
4555,2023-02-02,960.51,Product B,894026,London
1891,2023-02-02,926.32,Product C,896926,Tokyo
1643,2023-02-02,496.34,Product A,894484,Tokyo
2791,2023-02-02,565.66,Product B,895414,Tokyo
1193,2023-02-02,912.17,Product B,895411,Paris
1440,2023-02-02,827.88,Product D,897734,Paris
3832,2023-02-02,296.6,Product C,894085,Paris
9514,2023-02-02,842.48,Product B,893748,Paris
7785,2023-02-02,668.22,Product D,892145,New York
9510,2023-02-02,1716.73,Product A,895482,New York
2752,2023-02-02,321.01,Product D,891910,Tokyo
3392,2023-02-02,456.99,Product A,890962,Paris
1104,2023-02-02,758.6,Product C,893439,Paris
2041,2023-02-03,1022.11,Product B,894043,Tokyo
1753,2023-02-03,1231.04,Product C,890541,Tokyo
9907,2023-02-03,167.49,Product D,896472,London
5694,2023-02-03,562.52,Product B,893790,London
9673,2023-02-03,616.47,Product B,895801,London
6293,2023-02-03,358.77,Product A,891112,New York
9950,2023-02-03,854.62,Product B,892875,Tokyo
4387,2023-02-03,1536.57,Product B,895123,Tokyo
8790,2023-02-03,437.19,Product A,892096,London
2843,2023-02-03,974.88,Product B,893413,New York
2404,2023-02-03,1346.35,Product D,896331,London
3024,2023-02-03,779.82,Product A,894476,London
8324,2023-02-03,1149.94,Product B,892569,Paris
3705,2023-02-03,131.91,Product B,892048,New York
3926,2023-02-03,483.83,Product A,897277,New York
2658,2023-02-03,912.96,Product A,895888,London
2624,2023-02-04,510.62,Product A,896535,New York
4617,2023-02-04,1846.03,Product D,894926,Tokyo
2296,2023-02-04,915.54,Product A,891286,London
6876,2023-02-04,742.88,Product B,896664,Tokyo
4728,2023-02-04,235.14,Product B,891692,New York
3521,2023-02-04,481.88,Product B,895547,Paris
8269,2023-02-04,1910.16,Product A,891143,New York
2691,2023-02-04,317.25,Product C,895632,London
2557,2023-02-04,166.78,Product C,892559,Tokyo
4291,2023-02-04,730.24,Product D,891531,London
3877,2023-02-04,602.12,Product A,891396,London
9442,2023-02-04,502.47,Product D,892533,Tokyo
9571,2023-02-04,804.64,Product D,891406,Tokyo
4616,2023-02-04,533.14,Product B,894801,New York
1715,2023-02-04,1292.0,Product C,892550,London
7862,2023-02-04,1664.93,Product A,896880,Tokyo
1828,2023-02-04,575.47,Product D,895158,London
9426,2023-02-04,1781.73,Product B,896637,London
7865,2023-02-04,469.71,Product B,894403,Paris
1509,2023-02-04,318.09,Product C,897601,New York
1833,2023-02-04,478.46,Product C,896271,Paris
9376,2023-02-04,1030.3,Product A,894622,Paris
6860,2023-02-04,203.79,Product B,897522,London
9418,2023-02-05,492.19,Product B,890898,Paris
5477,2023-02-05,672.37,Product A,895534,Paris
3695,2023-02-05,447.55,Product A,891934,Tokyo
9538,2023-02-05,835.11,Product A,895346,London
7275,2023-02-05,916.87,Product D,895143,Paris
2843,2023-02-05,1041.49,Product C,893408,New York
6096,2023-02-05,539.88,Product D,890837,Paris
6730,2023-02-05,766.16,Product A,892820,Paris
8719,2023-02-05,511.55,Product C,890137,Tokyo
5107,2023-02-05,309.53,Product B,897414,Tokyo
5298,2023-02-05,387.94,Product A,895377,Paris
4770,2023-02-05,394.67,Product B,894841,New York
7606,2023-02-05,1082.04,Product A,893052,London
9210,2023-02-05,798.53,Product A,894142,New York
3527,2023-02-05,85.31,Product D,891244,New York
7358,2023-02-05,167.72,Product A,894068,London
2679,2023-02-05,510.9,Product D,895462,Tokyo
1082,2023-02-05,142.99,Product D,894630,London
6633,2023-02-05,306.51,Product D,891500,Paris
5634,2023-02-05,130.06,Product A,893226,Paris
7334,2023-02-05,696.87,Product C,892718,New York
7735,2023-02-05,123.78,Product B,893924,Tokyo
5920,2023-02-05,1288.93,Product D,891636,Tokyo
2444,2023-02-06,675.63,Product D,890499,Paris
8504,2023-02-06,543.87,Product B,895207,Paris
5520,2023-02-06,1108.88,Product B,896287,London
6614,2023-02-06,1437.69,Product D,893491,London
9426,2023-02-06,1756.34,Product D,896625,Paris
1029,2023-02-06,1092.53,Product A,897622,Tokyo
3463,2023-02-06,652.71,Product A,892675,London
3937,2023-02-06,579.87,Product A,890798,New York
5331,2023-02-06,474.67,Product C,893007,Paris
5742,2023-02-06,889.9,Product A,892521,New York
4532,2023-02-06,544.63,Product A,893869,New York
1193,2023-02-06,1537.84,Product D,895402,Paris
7821,2023-02-06,1065.48,Product B,893524,Paris
1820,2023-02-06,149.57,Product B,890808,London
9482,2023-02-06,508.79,Product C,890028,Tokyo
5694,2023-02-06,578.07,Product D,893785,Paris
4164,2023-02-06,714.57,Product C,891331,London
6934,2023-02-06,580.75,Product D,894994,New York
6499,2023-02-06,773.19,Product B,895111,Paris
4614,2023-02-06,1535.95,Product B,891996,Tokyo
6482,2023-02-06,536.57,Product B,890582,Paris
6502,2023-02-06,245.2,Product C,892613,New York
1612,2023-02-07,576.57,Product D,895807,Paris
2681,2023-02-07,298.27,Product D,893310,Paris
6633,2023-02-07,239.03,Product C,891499,Paris
7981,2023-02-07,1093.21,Product B,891164,London
4178,2023-02-07,158.31,Product D,892983,New York
6399,2023-02-07,1171.22,Product B,893695,Tokyo
4982,2023-02-07,1915.9,Product A,897699,Paris
3926,2023-02-07,1065.24,Product A,897280,New York
9066,2023-02-07,268.44,Product A,897384,London
6661,2023-02-07,388.79,Product B,894754,London
5059,2023-02-07,782.74,Product A,892133,Paris
2940,2023-02-07,935.14,Product C,894584,New York
6295,2023-02-07,1169.21,Product C,897237,Paris
4161,2023-02-07,423.8,Product A,890148,Tokyo
7557,2023-02-07,1504.21,Product C,893810,Paris
5905,2023-02-07,211.46,Product C,897488,Tokyo
3213,2023-02-07,168.9,Product D,897555,Paris
4522,2023-02-07,627.54,Product D,896857,New York
1711,2023-02-07,777.88,Product B,895748,London
1514,2023-02-07,1067.57,Product D,897163,Tokyo
7453,2023-02-07,959.4,Product C,893065,London
4944,2023-02-07,668.89,Product B,891585,Tokyo
8370,2023-02-07,584.88,Product C,895962,Paris
4814,2023-02-07,664.35,Product B,890664,Tokyo
4232,2023-02-07,1635.78,Product D,893675,New York
4617,2023-02-08,1532.39,Product B,894933,Tokyo
6876,2023-02-08,1403.56,Product D,896681,Tokyo
7209,2023-02-08,419.3,Product C,892784,Paris
8450,2023-02-08,719.62,Product C,897503,London
7809,2023-02-08,1350.15,Product A,895662,Paris
7084,2023-02-08,644.07,Product A,896362,Paris
1612,2023-02-08,537.58,Product A,895812,Tokyo
6295,2023-02-08,1152.9,Product B,897239,Paris
8982,2023-02-08,920.07,Product D,895225,New York
3880,2023-02-08,416.15,Product C,897547,Paris
8598,2023-02-08,522.16,Product D,897053,New York
4743,2023-02-08,998.82,Product A,893475,Paris
6770,2023-02-08,559.39,Product B,891202,London
8078,2023-02-08,315.31,Product B,895988,New York
3879,2023-02-08,566.96,Product C,895175,New York
5469,2023-02-08,1847.51,Product D,893619,Paris
3880,2023-02-08,523.45,Product B,897542,Paris
4751,2023-02-08,472.13,Product D,893162,Paris
8803,2023-02-09,351.03,Product B,892474,New York
5254,2023-02-09,387.46,Product A,891381,Tokyo
7955,2023-02-09,673.74,Product B,890630,Paris
6188,2023-02-09,231.65,Product B,892941,London
4868,2023-02-09,1232.79,Product C,897007,Tokyo
2502,2023-02-09,812.01,Product D,897587,Tokyo
3267,2023-02-09,760.37,Product A,897212,Paris
5920,2023-02-09,1538.96,Product C,891640,London
5920,2023-02-09,1667.2,Product C,891635,Tokyo
8273,2023-02-09,926.76,Product C,896236,London
5201,2023-02-09,416.14,Product D,896085,London
4522,2023-02-09,702.9,Product C,896862,New York
9985,2023-02-09,231.95,Product D,890400,Tokyo
1972,2023-02-09,305.58,Product B,894678,Paris
8982,2023-02-09,782.64,Product D,895234,Paris
8609,2023-02-09,704.51,Product D,891569,London
4154,2023-02-09,580.99,Product D,892585,New York
3399,2023-02-09,1357.02,Product D,892272,London
1207,2023-02-09,460.22,Product B,897079,Tokyo
5837,2023-02-09,422.1,Product B,890098,New York
2337,2023-02-10,492.86,Product B,892980,London
6822,2023-02-10,378.37,Product C,894982,Paris
4882,2023-02-10,302.7,Product B,891539,New York
5088,2023-02-10,140.1,Product B,895326,New York
8372,2023-02-10,236.31,Product A,893878,New York
2691,2023-02-10,302.96,Product C,895635,London
9576,2023-02-10,807.25,Product C,892989,London
6816,2023-02-10,1629.67,Product C,891219,New York
5087,2023-02-10,1388.37,Product B,890278,Paris
4532,2023-02-10,785.06,Product D,893860,Paris
5687,2023-02-10,1255.22,Product B,897187,Tokyo
6499,2023-02-10,1080.2,Product C,895112,Paris
4559,2023-02-10,368.95,Product A,890718,London
6168,2023-02-10,621.89,Product D,893241,New York
4190,2023-02-10,333.89,Product B,890206,London
9740,2023-02-10,1510.98,Product C,890643,London
4483,2023-02-10,838.55,Product C,895190,London
1659,2023-02-10,324.65,Product A,896166,New York
2617,2023-02-10,1164.44,Product C,890213,New York
7883,2023-02-10,1331.51,Product D,893191,Tokyo
4727,2023-02-11,376.44,Product D,895931,New York
4982,2023-02-11,1437.25,Product B,897714,Tokyo
9289,2023-02-11,753.35,Product D,893176,Tokyo
5905,2023-02-11,202.65,Product D,897490,New York
4909,2023-02-11,733.35,Product D,890397,Paris
5533,2023-02-11,358.65,Product C,890183,Tokyo
6598,2023-02-11,1571.01,Product B,897577,Tokyo
3945,2023-02-11,1158.29,Product C,896374,Paris
1120,2023-02-11,1106.32,Product D,894231,Tokyo
8399,2023-02-11,502.5,Product B,893776,Paris
9173,2023-02-11,422.37,Product C,893459,Paris
1685,2023-02-11,384.12,Product C,894859,Tokyo
4371,2023-02-11,730.37,Product C,892190,New York
3793,2023-02-11,373.56,Product B,892717,London
6077,2023-02-11,688.37,Product D,890691,Paris
6319,2023-02-11,547.71,Product A,896974,London
3709,2023-02-11,1440.38,Product C,890516,Tokyo
1372,2023-02-11,614.62,Product C,892452,Paris
3535,2023-02-11,787.45,Product B,895293,London
9452,2023-02-11,677.71,Product B,896987,New York
1530,2023-02-11,818.56,Product B,894827,New York
5735,2023-02-11,165.9,Product A,895677,London
1612,2023-02-11,728.29,Product A,895817,Paris
9897,2023-02-12,821.57,Product C,894696,Tokyo
5915,2023-02-12,121.47,Product C,891916,Paris
5819,2023-02-12,1390.07,Product B,893642,New York
5285,2023-02-12,887.64,Product D,895068,New York
6816,2023-02-12,905.53,Product C,891223,New York
3926,2023-02-12,755.38,Product D,897276,London
6295,2023-02-12,1265.44,Product A,897241,Paris
6071,2023-02-12,487.73,Product C,895722,Paris
7511,2023-02-12,236.58,Product C,896266,New York
8123,2023-02-12,168.66,Product A,891147,Tokyo
8625,2023-02-12,714.89,Product B,892395,London
9210,2023-02-12,615.55,Product B,894146,New York
1104,2023-02-12,811.03,Product D,893438,Paris
1960,2023-02-12,192.92,Product C,897604,Tokyo
5970,2023-02-12,247.49,Product A,893602,New York
8310,2023-02-12,81.54,Product B,891177,Paris
5660,2023-02-12,215.25,Product C,894763,London
4275,2023-02-12,597.47,Product D,892178,Tokyo
2624,2023-02-12,503.39,Product D,896529,London
8269,2023-02-12,1399.44,Product B,891122,New York
4522,2023-02-13,720.31,Product B,896856,Paris
8925,2023-02-13,341.77,Product D,892035,London
4943,2023-02-13,705.49,Product C,891513,New York
2791,2023-02-13,434.98,Product A,895421,Paris
2655,2023-02-13,655.1,Product D,892688,New York
3832,2023-02-13,331.88,Product C,894080,New York
6570,2023-02-13,612.73,Product A,897606,Tokyo
1936,2023-02-13,261.93,Product B,890478,Tokyo
3709,2023-02-13,1411.33,Product D,890508,Tokyo
9376,2023-02-13,1622.42,Product A,894607,London
4157,2023-02-13,445.61,Product B,891008,Paris
3871,2023-02-13,1451.75,Product A,895038,Paris
8242,2023-02-13,328.77,Product B,896163,New York
2124,2023-02-13,1627.93,Product B,896353,Tokyo
5512,2023-02-13,1009.18,Product B,893334,New York
8145,2023-02-13,74.75,Product D,892163,Paris
3221,2023-02-13,1614.31,Product D,896212,Tokyo
6598,2023-02-13,1371.25,Product A,897564,Paris
6850,2023-02-13,782.94,Product D,896558,Paris
5349,2023-02-13,556.08,Product A,890247,London
1721,2023-02-13,855.34,Product D,897034,London
4555,2023-02-13,912.6,Product C,894023,London
4257,2023-02-13,247.24,Product B,895674,Paris
2063,2023-02-13,883.22,Product D,894421,London
8780,2023-02-13,303.37,Product B,896755,Paris
2582,2023-02-13,554.33,Product D,896106,London
3406,2023-02-14,1380.37,Product B,890443,Paris
5051,2023-02-14,868.16,Product D,891471,Paris
9008,2023-02-14,1002.14,Product D,890666,Paris
9418,2023-02-14,563.81,Product D,890890,New York
1530,2023-02-14,1098.01,Product D,894828,Tokyo
7865,2023-02-14,762.65,Product A,894399,London
5861,2023-02-14,644.44,Product C,891495,New York
9897,2023-02-14,584.67,Product B,894705,Tokyo
4048,2023-02-14,124.27,Product C,894094,Tokyo
2902,2023-02-14,589.06,Product A,890768,New York
2624,2023-02-14,255.8,Product A,896532,New York
4555,2023-02-14,749.32,Product A,894015,London
8324,2023-02-14,1636.5,Product D,892562,New York
4858,2023-02-14,282.44,Product B,893725,London
2489,2023-02-14,453.23,Product B,896125,Tokyo
3804,2023-02-14,347.56,Product D,895331,Paris
1514,2023-02-14,740.45,Product B,897162,Tokyo
4909,2023-02-14,507.07,Product B,890399,Tokyo
5543,2023-02-14,357.86,Product D,896406,Paris
4804,2023-02-14,771.83,Product D,891702,Paris
9674,2023-02-15,1175.18,Product C,892844,Tokyo
3880,2023-02-15,772.04,Product B,897539,London
4948,2023-02-15,340.73,Product D,897050,Tokyo
8292,2023-02-15,355.57,Product D,890635,Paris
4817,2023-02-15,319.18,Product D,891905,Paris
9584,2023-02-15,562.09,Product A,890313,New York
3634,2023-02-15,452.08,Product A,892770,New York
3945,2023-02-15,765.46,Product A,896387,Tokyo
5888,2023-02-15,295.46,Product D,894642,Paris
2389,2023-02-15,199.09,Product C,892239,Tokyo
9393,2023-02-15,222.29,Product A,892480,London
1108,2023-02-15,1950.68,Product A,894118,New York
9700,2023-02-15,564.61,Product A,891657,Paris
3140,2023-02-15,615.47,Product C,893956,London
9700,2023-02-15,823.99,Product A,891659,Paris
2809,2023-02-15,177.87,Product D,890846,Paris
6381,2023-02-15,379.26,Product A,896689,Tokyo
4533,2023-02-15,291.78,Product D,896799,Tokyo
7865,2023-02-15,693.31,Product B,894402,London
7543,2023-02-15,582.77,Product C,892949,New York
4150,2023-02-16,995.31,Product D,891806,New York
2010,2023-02-16,227.75,Product D,896805,London
2911,2023-02-16,518.63,Product C,890977,London
5201,2023-02-16,627.67,Product D,896076,Tokyo
7781,2023-02-16,493.62,Product C,890311,Paris
2527,2023-02-16,1127.9,Product D,891722,New York
9426,2023-02-16,1050.71,Product A,896633,London
9740,2023-02-16,667.71,Product A,890650,London
4387,2023-02-16,799.03,Product C,895126,New York
2041,2023-02-16,1584.68,Product D,894038,London
5460,2023-02-16,1038.92,Product D,894182,New York
3535,2023-02-16,976.33,Product A,895292,London
5460,2023-02-16,642.73,Product C,894183,New York
9576,2023-02-16,590.27,Product B,892994,Paris
9331,2023-02-16,704.42,Product A,893082,Tokyo
1500,2023-02-17,736.01,Product B,891892,New York
2582,2023-02-17,710.47,Product A,896109,London
4868,2023-02-17,1714.68,Product A,897004,Tokyo
6399,2023-02-17,564.86,Product A,893689,New York
2200,2023-02-17,213.69,Product A,890463,Paris
1136,2023-02-17,432.48,Product A,890588,Tokyo
2153,2023-02-17,325.05,Product D,896849,Tokyo
6482,2023-02-17,588.03,Product B,890580,Paris
4675,2023-02-17,986.49,Product C,895920,Tokyo
9897,2023-02-17,764.58,Product D,894704,New York
3509,2023-02-17,1165.98,Product C,893918,Paris
5861,2023-02-17,655.42,Product D,891487,New York
1992,2023-02-17,715.66,Product B,893269,London
5938,2023-02-17,550.63,Product B,897643,New York
4812,2023-02-17,710.68,Product D,892608,London
8542,2023-02-17,714.8,Product B,892884,Paris
1517,2023-02-18,615.91,Product D,894647,New York
9008,2023-02-18,906.22,Product C,890678,Tokyo
5342,2023-02-18,365.57,Product A,892703,Tokyo
7807,2023-02-18,768.47,Product D,896785,Paris
7445,2023-02-18,403.19,Product A,896068,New York
6085,2023-02-18,435.38,Product D,891605,Paris
9004,2023-02-18,1315.27,Product A,894570,Tokyo
7521,2023-02-18,620.48,Product C,892651,London
5762,2023-02-18,1263.09,Product C,895280,London
5512,2023-02-18,981.18,Product A,893325,Paris
8758,2023-02-18,762.12,Product B,895255,Tokyo
3676,2023-02-18,852.56,Product B,890358,London
9054,2023-02-18,155.66,Product B,897044,London
5622,2023-02-18,252.74,Product C,892102,Tokyo
5087,2023-02-18,801.13,Product D,890273,Paris
8657,2023-02-18,853.87,Product B,896579,Tokyo
6730,2023-02-18,790.02,Product A,892824,Paris
6175,2023-02-18,147.35,Product D,893445,London
6517,2023-02-19,633.86,Product D,897337,Tokyo
3406,2023-02-19,1221.6,Product D,890448,Paris
9482,2023-02-19,653.29,Product D,890039,New York
9452,2023-02-19,643.78,Product C,896986,London
5903,2023-02-19,885.47,Product D,892504,Tokyo
4562,2023-02-19,526.61,Product C,895828,Tokyo
4909,2023-02-19,550.93,Product C,890392,Tokyo
9418,2023-02-19,516.05,Product A,890899,New York
2970,2023-02-19,878.19,Product D,897725,Tokyo
9561,2023-02-19,538.91,Product B,890934,Tokyo
7862,2023-02-19,780.6,Product B,896870,Paris
8951,2023-02-19,517.61,Product B,896524,Tokyo
6201,2023-02-19,214.22,Product C,890603,Paris
9689,2023-02-20,1697.36,Product D,896046,Paris
3219,2023-02-20,169.13,Product D,892380,London
5272,2023-02-20,853.88,Product B,891559,London
4944,2023-02-20,469.74,Product B,891584,Tokyo
1331,2023-02-20,253.4,Product B,892762,Tokyo
3662,2023-02-20,805.87,Product D,893352,New York
6703,2023-02-20,618.74,Product D,892795,Tokyo
7606,2023-02-20,1199.32,Product D,893047,London
6210,2023-02-20,713.71,Product A,896606,Paris
1744,2023-02-20,562.68,Product A,891668,Tokyo
9841,2023-02-20,769.74,Product C,891685,Paris
2296,2023-02-20,910.83,Product A,891278,Tokyo
3852,2023-02-20,349.76,Product A,896518,Paris
4532,2023-02-20,506.14,Product C,893870,Paris
9418,2023-02-20,974.7,Product C,890897,Paris
2526,2023-02-20,668.41,Product A,893985,Tokyo
6400,2023-02-20,1052.91,Product D,895311,Tokyo
9538,2023-02-20,717.15,Product C,895351,Tokyo
2848,2023-02-20,1792.4,Product C,890322,New York
6499,2023-02-20,765.99,Product B,895115,London
3878,2023-02-20,1420.84,Product C,891052,Tokyo
7911,2023-02-20,371.53,Product A,895001,New York
8719,2023-02-20,902.84,Product A,890139,New York
6236,2023-02-20,1087.91,Product A,895450,Tokyo
3140,2023-02-20,869.37,Product A,893952,London
1464,2023-02-20,870.71,Product D,890655,New York
2902,2023-02-20,830.58,Product A,890762,New York
5664,2023-02-20,597.74,Product B,895217,Paris
3140,2023-02-20,477.06,Product C,893948,London
9482,2023-02-20,794.45,Product B,890035,New York
1430,2023-02-20,624.61,Product D,894852,London
7981,2023-02-20,1353.43,Product A,891173,London
7770,2023-02-21,406.0,Product B,890408,Paris
6916,2023-02-21,165.32,Product B,897479,New York
4401,2023-02-21,496.69,Product B,890379,Paris
9317,2023-02-21,401.91,Product D,897450,Paris
6939,2023-02-21,646.89,Product C,894505,Tokyo
8871,2023-02-21,235.72,Product C,891106,New York
2194,2023-02-21,475.63,Product A,896420,Tokyo
9288,2023-02-21,367.59,Product A,892002,London
7932,2023-02-21,278.32,Product D,896465,Tokyo
3926,2023-02-21,486.24,Product A,897268,London
4695,2023-02-21,302.66,Product B,891095,Paris
4150,2023-02-21,703.32,Product C,891809,Paris
5331,2023-02-21,1014.78,Product D,893012,London
3676,2023-02-21,624.95,Product A,890366,Tokyo
4401,2023-02-21,904.77,Product A,890381,London
1207,2023-02-21,573.88,Product B,897078,Tokyo
2940,2023-02-21,1293.48,Product A,894585,New York
6598,2023-02-21,1080.16,Product A,897579,Tokyo
6638,2023-02-21,1418.96,Product C,890169,Paris
4154,2023-02-21,854.72,Product D,892590,London
6420,2023-02-21,610.04,Product D,892850,New York
1990,2023-02-21,1370.48,Product C,897684,Paris
5471,2023-02-21,409.27,Product B,893546,Paris
9954,2023-02-21,901.54,Product A,896135,London
5694,2023-02-21,924.86,Product D,893787,London
7981,2023-02-21,1150.4,Product A,891172,Paris
4700,2023-02-21,230.6,Product A,892376,New York
5469,2023-02-22,1409.65,Product A,893617,Paris
6107,2023-02-22,219.5,Product A,893318,New York
4817,2023-02-22,413.01,Product D,891901,New York
9841,2023-02-22,859.37,Product A,891684,Paris
9669,2023-02-22,1064.35,Product B,891970,Paris
7971,2023-02-22,184.73,Product A,890981,London
5762,2023-02-22,1272.5,Product D,895273,Tokyo
7807,2023-02-22,982.9,Product C,896784,Paris
3535,2023-02-22,583.62,Product A,895299,London
8001,2023-02-22,575.94,Product B,896834,New York
5819,2023-02-22,754.34,Product A,893651,Tokyo
6400,2023-02-22,1781.34,Product C,895306,Tokyo
2911,2023-02-22,341.32,Product B,890968,New York
5742,2023-02-22,492.71,Product D,892523,New York
5687,2023-02-22,864.52,Product B,897186,Paris
3024,2023-02-22,725.78,Product D,894452,London
3248,2023-02-22,401.82,Product D,895577,New York
8595,2023-02-22,391.47,Product D,896906,London
9004,2023-02-22,1669.38,Product B,894562,Tokyo
6085,2023-02-23,539.82,Product A,891613,Tokyo
3173,2023-02-23,591.63,Product A,895691,Paris
4291,2023-02-23,529.99,Product D,891524,Paris
9462,2023-02-23,438.79,Product D,897103,Tokyo
3392,2023-02-23,379.59,Product A,890963,Paris
6967,2023-02-23,532.23,Product C,893579,Tokyo
5060,2023-02-23,287.44,Product A,895337,London
6399,2023-02-23,998.15,Product B,893711,Tokyo
5819,2023-02-23,887.65,Product C,893639,Tokyo
4812,2023-02-23,610.32,Product D,892602,London
4154,2023-02-23,676.69,Product C,892588,New York
8254,2023-02-23,489.12,Product D,893211,Tokyo
3634,2023-02-23,582.39,Product B,892776,New York
4161,2023-02-23,561.88,Product D,890154,Tokyo
2940,2023-02-23,741.12,Product B,894591,New York
4743,2023-02-24,1041.42,Product A,893460,Paris
8532,2023-02-24,232.24,Product B,897459,London
4517,2023-02-24,402.45,Product D,897444,London
4626,2023-02-24,474.48,Product D,895198,Paris
3340,2023-02-24,231.76,Product D,890482,Paris
1510,2023-02-24,760.54,Product B,891084,New York
3634,2023-02-24,911.75,Product B,892768,Tokyo
6816,2023-02-24,1062.07,Product C,891224,Tokyo
9740,2023-02-24,722.1,Product A,890646,New York
5512,2023-02-24,763.59,Product C,893332,Paris
9064,2023-02-24,509.49,Product C,894338,Paris
8685,2023-02-24,953.66,Product C,893629,New York
2902,2023-02-24,836.81,Product A,890764,New York
6277,2023-02-24,1186.33,Product C,894793,Tokyo
9328,2023-02-24,1003.37,Product A,893252,Paris
4154,2023-02-24,924.49,Product D,892592,New York
6614,2023-02-24,879.19,Product D,893494,London
5919,2023-02-24,341.26,Product B,890302,Tokyo
4617,2023-02-25,1417.64,Product B,894938,London
3221,2023-02-25,1843.88,Product A,896202,Paris
3221,2023-02-25,1078.05,Product B,896203,Tokyo
8273,2023-02-25,1201.95,Product D,896231,London
8342,2023-02-25,878.81,Product C,896426,London
6085,2023-02-25,632.33,Product A,891610,Paris
9266,2023-02-25,1383.93,Product C,895106,Paris
3048,2023-02-25,169.8,Product D,895869,Paris
5843,2023-02-25,843.35,Product C,892026,Paris
9418,2023-02-25,601.37,Product B,890889,New York
3662,2023-02-25,546.41,Product C,893367,Tokyo
8657,2023-02-25,604.77,Product A,896573,Paris
9880,2023-02-25,676.19,Product C,896654,New York
9751,2023-02-25,862.19,Product B,895769,Tokyo
6077,2023-02-25,954.17,Product A,890710,Tokyo
4150,2023-02-25,836.68,Product D,891810,Paris
6210,2023-02-25,804.87,Product A,896613,New York
3280,2023-02-25,561.06,Product A,895048,New York
4157,2023-02-25,629.17,Product D,891007,London
6850,2023-02-25,1239.96,Product D,896553,New York
7557,2023-02-25,1713.4,Product A,893809,Paris
6770,2023-02-25,417.84,Product B,891197,Tokyo
1510,2023-02-25,729.1,Product C,891090,Paris
5469,2023-02-25,1522.75,Product C,893609,New York
5511,2023-02-25,389.85,Product C,893593,Tokyo
2791,2023-02-25,687.56,Product C,895416,Tokyo
3521,2023-02-25,512.91,Product C,895553,Paris
8450,2023-02-26,459.93,Product C,897494,London
3221,2023-02-26,1667.96,Product D,896199,Tokyo
5938,2023-02-26,1093.97,Product C,897660,London
2843,2023-02-26,1117.16,Product B,893415,London
1514,2023-02-26,1001.58,Product D,897159,Tokyo
3945,2023-02-26,1131.65,Product D,896389,Tokyo
9761,2023-02-26,953.85,Product D,894960,London
4675,2023-02-26,823.95,Product A,895927,Paris
7322,2023-02-26,210.54,Product C,891981,London
8210,2023-02-26,521.28,Product D,892828,New York
3709,2023-02-26,1507.03,Product B,890517,Tokyo
4743,2023-02-26,802.64,Product B,893477,Paris
9576,2023-02-26,732.64,Product B,892990,London
2342,2023-02-26,290.8,Product D,894058,New York
6850,2023-02-26,1536.15,Product C,896538,New York
4893,2023-02-26,538.83,Product D,892491,Paris
9482,2023-02-26,1072.79,Product D,890032,New York
1990,2023-02-26,870.07,Product D,897676,Paris
5762,2023-02-26,957.57,Product D,895279,Tokyo
1029,2023-02-26,843.52,Product A,897616,Tokyo
5512,2023-02-26,972.1,Product D,893331,Paris
6598,2023-02-26,1230.03,Product D,897580,Tokyo
8848,2023-02-27,215.82,Product B,891518,Tokyo
3196,2023-02-27,334.52,Product B,894251,London
2524,2023-02-27,360.03,Product C,890288,Tokyo
1715,2023-02-27,1229.73,Product B,892537,Tokyo
8595,2023-02-27,399.67,Product D,896904,London
5543,2023-02-27,535.26,Product C,896408,Tokyo
3221,2023-02-27,1501.68,Product B,896221,Paris
7046,2023-02-27,234.76,Product D,893875,Tokyo
3485,2023-02-27,266.23,Product C,891081,Tokyo
5087,2023-02-27,895.09,Product D,890267,Tokyo
5469,2023-02-27,1345.25,Product A,893611,New York
5254,2023-02-27,447.62,Product A,891380,Tokyo
6876,2023-02-27,1578.16,Product D,896677,Tokyo
7146,2023-02-27,521.84,Product C,893742,New York
8450,2023-02-27,713.14,Product B,897495,New York
6730,2023-02-27,775.67,Product A,892813,Tokyo
3203,2023-02-27,901.49,Product A,897430,Tokyo
2036,2023-02-28,636.44,Product A,896150,London
7146,2023-02-28,580.85,Product D,893739,London
1992,2023-02-28,732.55,Product A,893271,London
1120,2023-02-28,1009.1,Product B,894226,Tokyo
5687,2023-02-28,1492.76,Product D,897185,Paris
2083,2023-02-28,169.79,Product D,891296,Paris
9673,2023-02-28,366.94,Product A,895798,London
2468,2023-02-28,195.08,Product B,892831,Tokyo
7275,2023-02-28,1652.98,Product B,895155,Paris
3131,2023-02-28,1068.84,Product D,891230,New York
6574,2023-02-28,257.95,Product A,892099,London
5543,2023-02-28,402.11,Product C,896409,Paris
6885,2023-02-28,200.69,Product A,896119,Tokyo
8616,2023-02-28,342.49,Product D,893536,New York
2526,2023-02-28,383.94,Product C,893995,Tokyo
6478,2023-02-28,223.19,Product C,892785,Tokyo
4770,2023-02-28,644.79,Product B,894839,Tokyo
5105,2023-03-01,579.33,Product B,891450,Tokyo
6077,2023-03-01,927.88,Product A,890700,Paris
3406,2023-03-01,1687.11,Product A,890438,Paris
9693,2023-03-01,751.37,Product A,894221,London
9452,2023-03-01,550.48,Product D,896990,New York
6381,2023-03-01,363.07,Product D,896693,Tokyo
2336,2023-03-01,291.46,Product C,892106,New York
8362,2023-03-01,958.25,Product A,892294,Tokyo
4164,2023-03-01,1076.13,Product D,891332,New York
6939,2023-03-01,604.82,Product C,894513,Tokyo
9584,2023-03-01,365.58,Product D,890318,Tokyo
5334,2023-03-01,1289.52,Product A,896440,New York
3945,2023-03-01,1132.01,Product C,896376,Paris
8770,2023-03-01,1179.99,Product D,890555,London
4913,2023-03-01,398.9,Product C,897072,Tokyo
3196,2023-03-01,296.99,Product A,894250,Paris
8179,2023-03-02,251.28,Product A,895837,New York
9985,2023-03-02,130.5,Product A,890401,Paris
7224,2023-03-02,809.62,Product D,890753,Paris
4185,2023-03-02,436.35,Product B,895703,New York
6071,2023-03-02,779.48,Product D,895718,Paris
6277,2023-03-02,850.38,Product D,894775,New York
3110,2023-03-02,137.2,Product D,890744,London
6482,2023-03-02,483.95,Product C,890573,London
9740,2023-03-02,955.33,Product A,890637,New York
2526,2023-03-02,368.03,Product D,893986,Paris
1992,2023-03-02,783.6,Product C,893268,London
2940,2023-03-02,749.16,Product A,894593,New York
2557,2023-03-02,199.66,Product B,892555,Paris
1149,2023-03-02,348.7,Product C,891515,New York
6439,2023-03-02,716.36,Product D,894447,New York
1653,2023-03-02,204.72,Product B,895385,London
3521,2023-03-02,559.22,Product C,895552,Paris
5331,2023-03-02,602.54,Product C,893009,Paris
3221,2023-03-02,1644.89,Product D,896205,Tokyo
9374,2023-03-02,674.45,Product A,892057,Paris
5281,2023-03-02,986.59,Product B,896947,New York
4637,2023-03-02,93.01,Product B,894186,London
5281,2023-03-02,1060.88,Product B,896960,New York
8269,2023-03-03,1136.42,Product C,891135,Paris
2180,2023-03-03,152.8,Product C,893282,New York
2527,2023-03-03,1278.21,Product D,891729,New York
6730,2023-03-03,614.68,Product C,892822,Tokyo
5990,2023-03-03,377.83,Product D,897344,London
6439,2023-03-03,518.08,Product D,894446,New York
2926,2023-03-03,134.01,Product C,897395,Paris
4675,2023-03-03,966.53,Product A,895918,Tokyo
3221,2023-03-03,1623.79,Product C,896213,Paris
8579,2023-03-03,907.21,Product A,891742,Tokyo
7334,2023-03-03,468.55,Product A,892724,New York
2843,2023-03-03,1119.19,Product D,893417,New York
5471,2023-03-03,573.22,Product C,893548,Paris
8001,2023-03-03,841.44,Product C,896830,Tokyo
5051,2023-03-03,408.97,Product A,891470,London
5201,2023-03-03,435.9,Product A,896084,London
3114,2023-03-03,118.59,Product A,893557,New York
9954,2023-03-03,541.96,Product A,896137,New York
8612,2023-03-03,988.7,Product B,895598,Paris
9369,2023-03-03,191.35,Product A,890929,New York
1567,2023-03-03,276.74,Product B,894905,London
4868,2023-03-04,1609.23,Product A,897000,Tokyo
8542,2023-03-04,741.69,Product B,892887,Tokyo
4683,2023-03-04,549.53,Product A,894369,Tokyo
5469,2023-03-04,1142.36,Product B,893610,Paris
8254,2023-03-04,560.36,Product B,893203,Tokyo
9821,2023-03-04,755.02,Product D,891356,London
4387,2023-03-04,1091.27,Product A,895133,New York
3954,2023-03-04,303.44,Product B,896398,Tokyo
7275,2023-03-04,1838.31,Product C,895145,Paris
3024,2023-03-04,732.09,Product D,894467,Paris
9482,2023-03-04,583.4,Product D,890040,New York
7543,2023-03-04,442.4,Product B,892947,Tokyo
1392,2023-03-04,700.03,Product C,893849,London
8254,2023-03-04,480.71,Product B,893205,Tokyo
6302,2023-03-04,506.1,Product D,895710,Paris
1936,2023-03-04,145.32,Product A,890477,London
9482,2023-03-04,995.31,Product B,890033,Tokyo
7939,2023-03-04,725.19,Product C,892959,Tokyo
9922,2023-03-04,112.43,Product B,891679,Tokyo
1108,2023-03-04,1945.5,Product C,894114,New York
6400,2023-03-04,1372.0,Product C,895315,Tokyo
1104,2023-03-05,771.2,Product A,893434,Paris
3485,2023-03-05,328.62,Product A,891082,Paris
3485,2023-03-05,425.67,Product B,891078,London
4157,2023-03-05,693.62,Product D,891003,Paris
9444,2023-03-05,403.32,Product B,893302,Paris
1225,2023-03-05,340.4,Product C,892695,Tokyo
9508,2023-03-05,782.08,Product A,893933,Paris
3131,2023-03-05,1100.0,Product C,891233,London
5833,2023-03-05,136.55,Product B,893094,New York
9589,2023-03-05,407.36,Product D,891883,New York
4617,2023-03-05,1365.27,Product A,894932,London
2444,2023-03-05,685.0,Product A,890502,London
4743,2023-03-05,659.6,Product B,893470,New York
2404,2023-03-05,1100.31,Product D,896325,London
3521,2023-03-05,734.32,Product C,895546,Paris
6688,2023-03-05,775.99,Product A,894363,Paris
2153,2023-03-05,424.99,Product D,896852,Paris
1514,2023-03-05,855.76,Product B,897152,Paris
1136,2023-03-06,788.23,Product C,890589,Paris
9751,2023-03-06,1008.86,Product B,895771,Paris
3485,2023-03-06,322.9,Product D,891079,Tokyo
9488,2023-03-06,291.93,Product B,891063,Tokyo
5281,2023-03-06,1354.13,Product D,896951,Tokyo
9376,2023-03-06,1185.16,Product D,894615,Paris
7708,2023-03-06,629.18,Product D,896718,Tokyo
6077,2023-03-06,907.23,Product C,890695,Tokyo
5088,2023-03-06,169.96,Product A,895327,Paris
5105,2023-03-06,467.2,Product C,891448,New York
1029,2023-03-06,643.7,Product C,897619,New York
2562,2023-03-06,327.15,Product B,897400,New York
3656,2023-03-06,131.39,Product B,897109,Paris
6967,2023-03-06,577.25,Product C,893587,London
6071,2023-03-06,569.43,Product B,895717,Paris
4700,2023-03-06,314.38,Product C,892374,New York
4878,2023-03-06,129.67,Product C,897091,London
7342,2023-03-06,345.69,Product C,896765,London
1891,2023-03-07,992.55,Product D,896921,Paris
8414,2023-03-07,621.48,Product B,890912,Paris
2011,2023-03-07,238.11,Product D,896865,New York
9105,2023-03-07,1248.65,Product C,892092,Paris
7151,2023-03-07,173.05,Product B,891265,Paris
6383,2023-03-07,170.69,Product D,896966,Tokyo
9210,2023-03-07,688.05,Product D,894144,London
9508,2023-03-07,602.31,Product C,893928,Tokyo
8251,2023-03-07,81.45,Product A,894894,London
4559,2023-03-07,466.17,Product D,890725,London
3140,2023-03-07,702.46,Product A,893949,Paris
7807,2023-03-07,1049.18,Product C,896786,Paris
9950,2023-03-07,632.51,Product C,892877,Tokyo
9054,2023-03-07,240.14,Product A,897041,Paris
7797,2023-03-07,630.03,Product C,890422,Tokyo
8324,2023-03-07,1628.13,Product D,892571,New York
1464,2023-03-07,759.61,Product B,890660,New York
6277,2023-03-07,1430.25,Product B,894771,New York
2035,2023-03-07,1249.63,Product D,895020,Paris
6761,2023-03-08,375.48,Product D,897548,Paris
8269,2023-03-08,1357.73,Product A,891121,Paris
4022,2023-03-08,352.62,Product A,891304,Tokyo
6053,2023-03-08,271.3,Product D,891980,Paris
3945,2023-03-08,862.92,Product D,896392,Paris
7862,2023-03-08,1363.97,Product D,896884,Tokyo
4868,2023-03-08,1723.85,Product A,896999,London
2791,2023-03-08,449.1,Product D,895426,Tokyo
6107,2023-03-08,327.93,Product D,893320,London
5660,2023-03-08,147.64,Product A,894766,London
6302,2023-03-08,399.5,Product B,895711,New York
4154,2023-03-08,737.12,Product A,892586,London
8504,2023-03-08,934.79,Product C,895202,London
5106,2023-03-08,338.47,Product D,895475,London
4804,2023-03-08,611.61,Product A,891699,Paris
1504,2023-03-08,141.69,Product B,894056,Paris
6188,2023-03-08,215.14,Product C,892940,New York
6234,2023-03-08,276.46,Product B,891190,New York
2153,2023-03-08,556.6,Product A,896853,Tokyo
8871,2023-03-09,446.4,Product C,891103,Tokyo
4522,2023-03-09,658.65,Product C,896861,Paris
3280,2023-03-09,481.62,Product C,895047,Tokyo
7457,2023-03-09,382.96,Product B,894883,London
7770,2023-03-09,346.37,Product A,890404,London
7753,2023-03-09,982.55,Product D,892015,New York
7484,2023-03-09,465.26,Product C,890987,Tokyo
6295,2023-03-09,1219.71,Product C,897240,Tokyo
2444,2023-03-09,552.86,Product C,890498,Paris
8017,2023-03-09,238.13,Product C,891099,London
6499,2023-03-09,843.35,Product C,895118,London
2124,2023-03-09,1504.39,Product D,896350,Paris
7445,2023-03-09,486.44,Product C,896070,New York
2879,2023-03-09,479.52,Product C,895372,London
5334,2023-03-09,1304.22,Product C,896449,Paris
8705,2023-03-09,345.15,Product D,890143,Tokyo
8770,2023-03-09,729.54,Product D,890550,London
5938,2023-03-09,882.4,Product D,897649,London
4150,2023-03-09,483.5,Product A,891815,Paris
3024,2023-03-09,518.69,Product B,894464,London
6638,2023-03-09,796.49,Product A,890174,New York
3406,2023-03-09,1958.22,Product B,890434,London
7708,2023-03-09,829.1,Product D,896727,Paris
3463,2023-03-09,660.48,Product B,892670,New York
4275,2023-03-10,601.79,Product A,892174,New York
4986,2023-03-10,391.46,Product B,892446,Tokyo
2761,2023-03-10,895.09,Product D,893570,New York
4743,2023-03-10,1083.75,Product A,893465,Paris
6544,2023-03-10,291.52,Product C,897504,London
9331,2023-03-10,334.43,Product A,893075,Tokyo
9864,2023-03-10,367.37,Product D,890189,Paris
8982,2023-03-10,1311.29,Product A,895221,New York
4982,2023-03-10,1053.85,Product A,897712,Tokyo
2169,2023-03-10,348.77,Product A,890374,New York
2975,2023-03-10,655.76,Product B,897122,Tokyo
4401,2023-03-10,764.44,Product B,890377,Paris
7022,2023-03-10,1272.85,Product A,897380,Tokyo
9331,2023-03-10,403.57,Product C,893080,Paris
2341,2023-03-10,652.09,Product A,894277,London
7916,2023-03-10,588.82,Product D,894808,New York
6169,2023-03-10,227.4,Product D,890931,London
8370,2023-03-11,916.43,Product A,895964,London
3704,2023-03-11,889.85,Product A,896807,Tokyo
2417,2023-03-11,598.3,Product C,892248,Tokyo
6878,2023-03-11,87.08,Product B,890240,London
7421,2023-03-11,201.3,Product D,890998,Tokyo
8879,2023-03-11,1130.18,Product B,894548,New York
2752,2023-03-11,615.75,Product C,891912,Tokyo
5477,2023-03-11,703.43,Product A,895523,New York
9751,2023-03-11,738.26,Product A,895767,Paris
3110,2023-03-11,77.43,Product D,890743,Paris
1721,2023-03-11,966.65,Product A,897032,London
7770,2023-03-11,349.35,Product D,890403,Paris
8532,2023-03-11,495.86,Product A,897458,Paris
8450,2023-03-11,779.79,Product B,897501,London
9328,2023-03-11,980.33,Product A,893256,London
7557,2023-03-11,1278.29,Product D,893815,New York
7275,2023-03-11,1259.21,Product A,895148,London
7997,2023-03-11,595.33,Product B,897359,New York
4150,2023-03-11,576.87,Product B,891796,New York
9954,2023-03-11,980.78,Product C,896134,London
8414,2023-03-11,966.3,Product B,890914,Tokyo
5331,2023-03-12,928.1,Product B,893011,Paris
7862,2023-03-12,1526.05,Product A,896889,Paris
5350,2023-03-12,434.14,Product D,895083,Tokyo
2551,2023-03-12,589.49,Product C,893802,London
9008,2023-03-12,1699.22,Product B,890680,Paris
8622,2023-03-12,453.25,Product D,897388,Tokyo
7997,2023-03-12,444.59,Product B,897366,Tokyo
6688,2023-03-12,1008.18,Product A,894359,Paris
3555,2023-03-12,410.31,Product C,896188,Paris
8579,2023-03-12,1795.84,Product D,891741,London
7334,2023-03-12,793.97,Product B,892723,Tokyo
9288,2023-03-12,363.04,Product D,892001,New York
2527,2023-03-12,1052.19,Product B,891726,London
6071,2023-03-12,755.59,Product B,895720,London
7862,2023-03-12,789.98,Product D,896878,Paris
6850,2023-03-12,1247.7,Product D,896536,New York
4302,2023-03-12,287.4,Product C,890258,New York
3340,2023-03-12,270.12,Product C,890481,Paris
2669,2023-03-12,847.61,Product D,895560,London
5371,2023-03-12,500.66,Product D,891253,Tokyo
9538,2023-03-12,626.18,Product B,895340,London
7785,2023-03-13,566.61,Product B,892151,Paris
2337,2023-03-13,422.83,Product C,892970,Tokyo
3196,2023-03-13,219.37,Product B,894253,London
6669,2023-03-13,156.83,Product B,897729,Tokyo
2438,2023-03-13,752.05,Product A,895782,London
6502,2023-03-13,279.93,Product C,892614,London
2036,2023-03-13,1133.2,Product B,896155,London
3926,2023-03-13,1058.07,Product C,897279,London
6168,2023-03-13,808.67,Product A,893244,New York
6850,2023-03-13,1260.74,Product B,896541,New York
4695,2023-03-13,535.64,Product D,891097,New York
3793,2023-03-13,296.54,Product C,892715,London
2809,2023-03-13,300.26,Product A,890842,New York
8657,2023-03-13,767.71,Product B,896563,Tokyo
4290,2023-03-13,475.17,Product D,893969,Paris
3742,2023-03-13,382.7,Product D,896414,Paris
7291,2023-03-13,559.08,Product B,892803,Tokyo
1230,2023-03-13,901.43,Product D,897405,London
2063,2023-03-13,668.77,Product B,894414,New York
4387,2023-03-13,1704.84,Product C,895122,New York
8342,2023-03-13,892.22,Product D,896424,London
2617,2023-03-13,820.84,Product D,890223,New York
7862,2023-03-13,1472.48,Product B,896875,Tokyo
9442,2023-03-13,453.4,Product A,892530,New York
1514,2023-03-14,1032.88,Product D,897146,Tokyo
7781,2023-03-14,500.22,Product C,890309,Tokyo
1944,2023-03-14,142.95,Product B,894629,Paris
2869,2023-03-14,287.97,Product A,896740,New York
3926,2023-03-14,513.85,Product A,897271,New York
9266,2023-03-14,1940.89,Product D,895101,Tokyo
2669,2023-03-14,682.03,Product A,895569,London
5040,2023-03-14,593.08,Product A,895845,Paris
8490,2023-03-14,847.44,Product D,890852,Paris
4812,2023-03-14,521.75,Product D,892610,London
5558,2023-03-14,517.27,Product C,896192,Paris
3363,2023-03-14,614.76,Product B,891436,Paris
7563,2023-03-14,432.39,Product A,892953,Tokyo
5107,2023-03-14,325.9,Product B,897415,Tokyo
8790,2023-03-14,645.16,Product C,892094,Paris
6295,2023-03-14,640.76,Product C,897236,Paris
2658,2023-03-14,1307.77,Product A,895904,Paris
2879,2023-03-14,488.84,Product C,895369,London
9689,2023-03-14,1371.07,Product C,896037,Paris
8770,2023-03-14,1104.64,Product D,890569,London
5105,2023-03-14,593.87,Product A,891454,New York
2847,2023-03-14,534.67,Product A,891756,Paris
7434,2023-03-15,568.8,Product D,894101,Paris
9418,2023-03-15,975.68,Product A,890893,New York
3173,2023-03-15,741.67,Product D,895679,Paris
2556,2023-03-15,116.12,Product C,896969,Paris
3538,2023-03-15,446.5,Product D,890584,Paris
7054,2023-03-15,313.02,Product B,892219,New York
2035,2023-03-15,878.64,Product C,895003,Paris
7606,2023-03-15,1321.65,Product D,893060,Paris
9700,2023-03-15,642.94,Product C,891652,New York
8324,2023-03-15,1021.91,Product D,892575,New York
4755,2023-03-15,297.66,Product C,891413,Tokyo
7797,2023-03-15,613.35,Product D,890420,Tokyo
2752,2023-03-15,565.45,Product A,891914,Tokyo
8273,2023-03-15,1422.0,Product A,896247,Paris
8542,2023-03-16,1217.91,Product A,892886,Tokyo
1645,2023-03-16,733.47,Product C,892365,London
1440,2023-03-16,475.63,Product C,897735,Tokyo
8001,2023-03-16,476.28,Product B,896836,Tokyo
3926,2023-03-16,1035.31,Product C,897284,London
8300,2023-03-16,270.02,Product A,896248,New York
6850,2023-03-16,769.71,Product D,896552,New York
7883,2023-03-16,1785.19,Product D,893196,Tokyo
3578,2023-03-16,757.06,Product A,893029,New York
9622,2023-03-16,376.72,Product A,897227,Paris
6077,2023-03-16,1006.13,Product D,890704,Tokyo
7753,2023-03-16,1375.92,Product B,892019,Tokyo
4868,2023-03-16,1650.39,Product A,897010,Tokyo
2741,2023-03-16,240.16,Product D,890292,Tokyo
5819,2023-03-16,1112.04,Product A,893645,Tokyo
3173,2023-03-16,718.23,Product C,895682,Tokyo
2200,2023-03-16,154.12,Product B,890460,London
7334,2023-03-17,627.89,Product A,892722,Tokyo
4893,2023-03-17,436.26,Product D,892490,New York
6816,2023-03-17,1477.34,Product C,891213,Tokyo
7824,2023-03-17,468.07,Product D,894740,Paris
2293,2023-03-17,189.12,Product D,894912,Tokyo
7179,2023-03-17,316.22,Product B,895477,New York
5334,2023-03-17,1046.23,Product D,896446,Paris
2911,2023-03-17,502.9,Product C,890971,New York
3041,2023-03-17,258.71,Product B,895795,Tokyo
6742,2023-03-17,351.87,Product D,891919,Tokyo
9210,2023-03-17,974.84,Product A,894164,New York
9901,2023-03-17,520.63,Product B,894333,Paris
8001,2023-03-17,699.51,Product B,896835,New York
2194,2023-03-17,486.09,Product D,896419,London
2404,2023-03-17,1689.24,Product D,896341,London
9561,2023-03-17,1028.16,Product B,890935,New York
1108,2023-03-17,1277.09,Product A,894125,New York
1166,2023-03-17,314.72,Product B,894332,Paris
4788,2023-03-17,391.67,Product A,893123,New York
2658,2023-03-17,1328.24,Product D,895898,London
9740,2023-03-18,813.49,Product B,890648,New York
8225,2023-03-18,254.76,Product B,892664,Tokyo
4533,2023-03-18,288.77,Product D,896797,Paris
8179,2023-03-18,255.78,Product D,895842,New York
3578,2023-03-18,508.17,Product B,893028,Paris
7670,2023-03-18,986.05,Product B,894206,Tokyo
6439,2023-03-18,518.06,Product D,894429,London
2658,2023-03-18,1733.95,Product C,895895,London
5087,2023-03-18,1248.52,Product A,890269,Paris
3406,2023-03-18,1614.25,Product B,890446,Paris
7018,2023-03-18,427.44,Product A,897520,Paris
9693,2023-03-18,590.4,Product A,894214,London
3173,2023-03-18,626.2,Product A,895680,Tokyo
7809,2023-03-18,1614.56,Product C,895668,Paris
3695,2023-03-18,751.22,Product B,891935,Paris
4371,2023-03-18,1192.13,Product D,892188,New York
1046,2023-03-18,154.22,Product D,892209,New York
2527,2023-03-18,868.41,Product A,891727,New York
7807,2023-03-18,591.86,Product D,896795,Paris
2843,2023-03-18,1036.75,Product B,893406,New York
8178,2023-03-18,372.26,Product C,891324,Tokyo
9376,2023-03-18,1100.67,Product C,894613,Paris
5342,2023-03-19,255.31,Product A,892701,Tokyo
4714,2023-03-19,296.78,Product A,896025,London
3697,2023-03-19,95.29,Product C,893103,Paris
4762,2023-03-19,1578.67,Product D,891852,New York
2970,2023-03-19,663.95,Product B,897721,New York
9689,2023-03-19,1166.26,Product D,896039,Paris
3832,2023-03-19,322.14,Product A,894091,Paris
5076,2023-03-19,197.94,Product A,891599,Tokyo
4804,2023-03-19,707.97,Product D,891709,New York
9266,2023-03-19,1981.23,Product A,895102,Paris
2336,2023-03-19,417.42,Product B,892117,New York
6293,2023-03-19,648.38,Product A,891111,New York
5499,2023-03-19,424.39,Product A,893730,London
2075,2023-03-19,728.47,Product C,892419,Paris
7670,2023-03-20,1497.35,Product D,894211,Paris
1510,2023-03-20,738.54,Product D,891089,New York
7622,2023-03-20,496.61,Product A,897300,Tokyo
6400,2023-03-20,1283.83,Product B,895307,Tokyo
3267,2023-03-20,917.43,Product A,897196,Paris
2848,2023-03-20,1305.9,Product A,890337,Tokyo
4150,2023-03-20,525.47,Product C,891814,Paris
1514,2023-03-20,1012.51,Product C,897153,Tokyo
8736,2023-03-20,234.67,Product D,897312,Tokyo
6986,2023-03-20,508.13,Product A,894348,Paris
1990,2023-03-20,763.7,Product A,897696,Paris
3509,2023-03-20,1231.25,Product C,893912,New York
8199,2023-03-20,651.63,Product D,894309,Paris
2139,2023-03-20,394.98,Product C,890299,Paris
3578,2023-03-20,815.03,Product C,893030,New York
6869,2023-03-20,634.92,Product A,896481,New York
4401,2023-03-20,641.67,Product A,890387,London
9897,2023-03-20,504.03,Product C,894699,New York
3384,2023-03-20,510.58,Product D,895870,New York
5334,2023-03-20,779.35,Product A,896448,Paris
8982,2023-03-21,918.86,Product C,895240,Paris
2975,2023-03-21,1169.12,Product A,897134,Paris
9418,2023-03-21,806.1,Product A,890888,Paris
6399,2023-03-21,923.23,Product D,893697,New York
6107,2023-03-21,377.48,Product B,893319,Tokyo
4943,2023-03-21,383.02,Product D,891511,New York
7457,2023-03-21,309.16,Product D,894886,London
5476,2023-03-21,183.85,Product D,890847,Paris
5520,2023-03-21,1321.21,Product C,896286,Tokyo
9376,2023-03-21,894.68,Product C,894606,Paris
2124,2023-03-21,876.98,Product D,896344,Tokyo
1136,2023-03-21,509.7,Product A,890598,Paris
7797,2023-03-21,968.88,Product A,890416,London
5470,2023-03-21,556.42,Product D,891418,Tokyo
1230,2023-03-21,947.06,Product A,897411,London
5938,2023-03-21,552.33,Product A,897661,New York
5179,2023-03-21,398.01,Product B,896364,Tokyo
7865,2023-03-21,714.33,Product A,894404,London
8370,2023-03-21,1063.19,Product B,895971,London
6822,2023-03-21,414.34,Product A,894984,London
3287,2023-03-21,499.78,Product C,891778,Tokyo
8598,2023-03-21,860.39,Product B,897062,London
4475,2023-03-21,208.96,Product A,892812,Paris
6873,2023-03-21,335.0,Product A,894266,London
7807,2023-03-22,838.68,Product B,896787,Paris
7078,2023-03-22,347.67,Product B,895288,Tokyo
5272,2023-03-22,485.54,Product B,891558,Paris
4812,2023-03-22,694.59,Product C,892603,London
4090,2023-03-22,216.63,Product A,895575,Paris
4762,2023-03-22,764.59,Product A,891853,New York
2229,2023-03-22,458.04,Product C,895260,Paris
4401,2023-03-22,453.09,Product C,890375,Paris
2121,2023-03-22,160.1,Product D,891322,Paris
5087,2023-03-22,1093.7,Product D,890282,Tokyo
8925,2023-03-22,266.15,Product C,892039,Paris
7606,2023-03-22,1554.59,Product B,893050,London
2975,2023-03-22,723.72,Product B,897115,Paris
5033,2023-03-22,696.68,Product C,894726,Paris
8254,2023-03-22,262.15,Product B,893208,Tokyo
5664,2023-03-22,490.28,Product A,895215,Paris
8429,2023-03-22,1098.47,Product B,891024,Tokyo
6077,2023-03-22,945.78,Product D,890701,Tokyo
8511,2023-03-22,352.18,Product A,896058,Tokyo
1520,2023-03-22,491.09,Product D,890126,Paris
2296,2023-03-23,1372.64,Product B,891273,London
4608,2023-03-23,744.17,Product A,890008,Tokyo
3926,2023-03-23,741.77,Product D,897275,London
5582,2023-03-23,605.76,Product A,896656,Paris
4792,2023-03-23,677.47,Product D,892307,Paris
4909,2023-03-23,617.91,Product B,890396,Tokyo
3604,2023-03-23,137.61,Product D,897140,New York
5920,2023-03-23,1194.95,Product A,891638,London
2234,2023-03-23,301.71,Product C,891294,New York
8324,2023-03-23,1917.84,Product D,892572,New York
3926,2023-03-23,704.25,Product B,897283,London
1990,2023-03-23,1590.9,Product C,897668,Tokyo
5670,2023-03-23,591.69,Product A,890085,London
6638,2023-03-23,800.07,Product B,890168,New York
2153,2023-03-23,552.08,Product B,896845,Paris
4302,2023-03-23,446.16,Product B,890261,Paris
3555,2023-03-23,494.82,Product B,896190,New York
3719,2023-03-23,199.0,Product A,894879,Paris
8640,2023-03-23,207.1,Product C,895652,New York
1530,2023-03-23,620.21,Product C,894817,Tokyo
8715,2023-03-23,246.66,Product C,894076,Paris
5923,2023-03-23,677.38,Product B,895951,Paris
2551,2023-03-23,560.19,Product B,893801,London
1392,2023-03-23,886.99,Product B,893841,London
7916,2023-03-23,854.44,Product C,894812,Tokyo
8254,2023-03-23,382.82,Product D,893212,Tokyo
7557,2023-03-23,1610.32,Product D,893805,Paris
3945,2023-03-24,1033.03,Product C,896380,Paris
4164,2023-03-24,616.82,Product A,891335,New York
3945,2023-03-24,535.06,Product C,896388,Paris
2124,2023-03-24,1177.7,Product A,896345,Paris
7557,2023-03-24,1755.26,Product B,893811,Paris
6267,2023-03-24,278.22,Product B,894870,New York
8450,2023-03-24,393.06,Product A,897491,London
9510,2023-03-24,1749.45,Product B,895487,Paris
6319,2023-03-24,607.2,Product D,896982,London
1514,2023-03-24,706.72,Product A,897160,Tokyo
9508,2023-03-24,910.75,Product D,893932,Tokyo
9148,2023-03-24,349.28,Product C,890092,Paris
1212,2023-03-24,519.94,Product B,895995,New York
4185,2023-03-24,640.88,Product B,895707,New York
5557,2023-03-24,274.55,Product D,890466,Tokyo
8370,2023-03-24,526.27,Product A,895979,Paris
2139,2023-03-25,367.51,Product A,890298,Paris
8625,2023-03-25,468.67,Product D,892392,New York
1011,2023-03-25,793.31,Product D,892733,Tokyo
5938,2023-03-25,746.47,Product B,897657,London
8381,2023-03-25,706.99,Product B,897468,Tokyo
3945,2023-03-25,1084.48,Product D,896373,Paris
5670,2023-03-25,1077.88,Product C,890082,Tokyo
2296,2023-03-25,1354.35,Product A,891276,Tokyo
7735,2023-03-25,185.28,Product D,893926,London
4116,2023-03-25,604.14,Product A,894391,New York
7437,2023-03-25,838.72,Product C,892934,Paris
6934,2023-03-25,556.95,Product D,894992,New York
8532,2023-03-25,287.81,Product A,897461,London
5471,2023-03-25,380.9,Product B,893543,Paris
5033,2023-03-25,842.14,Product C,894727,Paris
9210,2023-03-25,876.9,Product C,894148,New York
2654,2023-03-25,167.15,Product D,893200,Tokyo
8355,2023-03-26,331.56,Product A,891592,London
6381,2023-03-26,407.83,Product C,896695,New York
5334,2023-03-26,1028.32,Product D,896459,Paris
4893,2023-03-26,272.37,Product B,892488,Paris
3230,2023-03-26,503.81,Product B,896307,Paris
5350,2023-03-26,397.55,Product B,895080,Tokyo
4990,2023-03-26,491.6,Product B,890956,Tokyo
9008,2023-03-26,1515.51,Product A,890684,Paris
5221,2023-03-26,858.09,Product B,897321,London
3443,2023-03-26,312.42,Product D,897595,Tokyo
8195,2023-03-26,778.86,Product D,890871,London
2940,2023-03-26,971.66,Product B,894583,Tokyo
9452,2023-03-26,530.59,Product C,896983,London
8517,2023-03-26,224.01,Product D,895455,London
3223,2023-03-26,652.47,Product D,897296,New York
2879,2023-03-26,517.07,Product D,895373,London
4232,2023-03-26,1884.69,Product D,893668,Tokyo
4483,2023-03-26,432.68,Product D,895197,New York
4743,2023-03-26,1193.42,Product B,893463,New York
9210,2023-03-26,490.93,Product B,894155,New York
7670,2023-03-26,1778.43,Product B,894203,Tokyo
3406,2023-03-26,1669.2,Product A,890452,London
6876,2023-03-26,1687.57,Product C,896667,London
5477,2023-03-26,591.05,Product C,895535,Paris
7521,2023-03-27,462.56,Product B,892648,New York
9510,2023-03-27,1617.93,Product C,895490,New York
6303,2023-03-27,366.73,Product A,895859,Tokyo
9841,2023-03-27,721.48,Product D,891690,Paris
2940,2023-03-27,830.35,Product C,894599,New York
3656,2023-03-27,143.59,Product A,897107,New York
7916,2023-03-27,420.92,Product D,894807,New York
3230,2023-03-27,731.35,Product B,896311,London
3219,2023-03-27,269.42,Product A,892379,London
8311,2023-03-27,197.34,Product B,891540,Paris
6876,2023-03-27,1190.41,Product C,896673,London
4029,2023-03-27,492.94,Product D,892913,Tokyo
7453,2023-03-27,747.52,Product D,893064,Tokyo
3704,2023-03-27,815.9,Product C,896815,New York
5334,2023-03-27,964.98,Product B,896452,Paris
4608,2023-03-27,930.66,Product D,890019,Paris
6638,2023-03-27,1200.65,Product D,890170,Paris
1803,2023-03-27,286.28,Product C,890778,New York
9689,2023-03-27,794.23,Product C,896050,Paris
8195,2023-03-27,727.13,Product B,890861,New York
9615,2023-03-27,199.6,Product B,894897,Tokyo
5558,2023-03-28,871.59,Product C,896191,Tokyo
6614,2023-03-28,1019.1,Product C,893497,London
6008,2023-03-28,630.46,Product A,895583,London
9582,2023-03-28,422.7,Product C,897442,Paris
9004,2023-03-28,1355.36,Product C,894576,Tokyo
3852,2023-03-28,722.95,Product C,896513,Paris
5920,2023-03-28,1652.64,Product D,891618,London
1120,2023-03-28,1496.59,Product C,894232,Tokyo
7484,2023-03-28,725.0,Product D,890994,London
5949,2023-03-28,592.46,Product B,893937,Tokyo
3880,2023-03-28,800.53,Product B,897545,Paris
8863,2023-03-28,254.69,Product B,893770,New York
8094,2023-03-28,1174.32,Product A,892618,Paris
8399,2023-03-28,401.85,Product D,893775,London
8982,2023-03-28,1111.53,Product D,895242,Paris
4762,2023-03-28,923.39,Product D,891849,New York
5201,2023-03-28,452.7,Product B,896088,London
8094,2023-03-28,1630.3,Product C,892631,Tokyo
5747,2023-03-28,470.83,Product C,896500,Tokyo
4614,2023-03-28,1460.41,Product D,891997,London
3926,2023-03-28,695.13,Product D,897267,London
3399,2023-03-28,1326.98,Product C,892280,Paris
6850,2023-03-29,1648.57,Product A,896559,Paris
2404,2023-03-29,1566.86,Product D,896338,London
7955,2023-03-29,877.86,Product C,890625,Paris
8324,2023-03-29,1714.88,Product B,892564,Paris
6617,2023-03-29,117.13,Product C,891542,New York
4161,2023-03-29,864.93,Product C,890155,London
9751,2023-03-29,496.4,Product B,895766,Paris
5853,2023-03-29,320.6,Product C,891698,Tokyo
1372,2023-03-29,439.43,Product A,892453,Tokyo
3555,2023-03-29,372.22,Product D,896189,New York
3443,2023-03-29,235.73,Product D,897596,New York
3697,2023-03-29,143.19,Product C,893102,New York
1651,2023-03-29,140.57,Product A,891754,London
4387,2023-03-29,1204.33,Product B,895136,New York
1891,2023-03-29,1097.66,Product D,896931,Tokyo
5558,2023-03-29,624.23,Product A,896196,Paris
6277,2023-03-29,1729.62,Product D,894789,Tokyo
7825,2023-03-29,308.22,Product B,894947,New York
7146,2023-03-29,373.39,Product B,893741,Tokyo
1612,2023-03-29,496.13,Product A,895809,Paris
9689,2023-03-29,1277.22,Product C,896047,Paris
6400,2023-03-30,1057.13,Product A,895313,Paris
1392,2023-03-30,591.56,Product C,893843,New York
4617,2023-03-30,1030.05,Product A,894931,London
4054,2023-03-30,619.15,Product A,891432,Tokyo
2999,2023-03-30,242.05,Product C,895537,Paris
2296,2023-03-30,1637.46,Product D,891289,London
5819,2023-03-30,1284.6,Product B,893655,Tokyo
4624,2023-03-30,899.07,Product B,897345,London
8135,2023-03-30,1409.35,Product D,891376,New York
8814,2023-03-30,396.08,Product A,890001,New York
8816,2023-03-30,139.21,Product B,892486,Tokyo
4743,2023-03-30,894.11,Product C,893478,Paris
2494,2023-03-30,303.32,Product D,890949,New York
1372,2023-03-30,374.48,Product A,892460,Paris
8179,2023-03-30,342.27,Product C,895844,Tokyo
6077,2023-03-30,461.02,Product C,890703,Paris
6644,2023-03-30,526.0,Product D,895513,Tokyo
6399,2023-03-31,569.26,Product B,893687,New York
3280,2023-03-31,748.3,Product D,895052,New York
9702,2023-03-31,101.23,Product A,893389,Tokyo
9004,2023-03-31,1559.95,Product A,894574,Tokyo
5843,2023-03-31,500.63,Product A,892031,New York
5520,2023-03-31,1498.32,Product D,896276,Tokyo
7984,2023-03-31,151.53,Product A,895471,Tokyo
4401,2023-03-31,930.45,Product B,890384,Paris
6829,2023-03-31,1295.29,Product B,894488,New York
7770,2023-03-31,365.42,Product D,890410,Paris
5067,2023-03-31,543.7,Product D,892358,London
9128,2023-03-31,624.87,Product A,890115,Paris
9289,2023-03-31,696.11,Product C,893172,Tokyo
2194,2023-03-31,581.9,Product B,896418,Paris
9901,2023-03-31,452.16,Product A,894335,London
4014,2023-03-31,152.5,Product A,897040,London
9210,2023-03-31,899.94,Product D,894165,London
9806,2023-03-31,156.54,Product C,896643,London
6482,2023-03-31,609.26,Product A,890571,London
9008,2023-03-31,1494.76,Product D,890667,Paris
1514,2023-03-31,1154.75,Product A,897157,Tokyo
2425,2023-03-31,972.24,Product B,893111,London
6714,2023-04-01,170.58,Product D,894530,Paris
6134,2023-04-01,463.68,Product B,895057,Paris
2344,2023-04-01,951.67,Product A,892157,Paris
3509,2023-04-01,819.41,Product A,893917,Paris
6828,2023-04-01,497.85,Product D,893286,New York
1984,2023-04-01,272.82,Product D,892326,Paris
1108,2023-04-01,1500.13,Product C,894132,London
2658,2023-04-01,1120.53,Product D,895906,London
6934,2023-04-01,396.12,Product C,894988,London
2658,2023-04-01,1566.42,Product A,895900,London
3704,2023-04-01,1183.13,Product B,896812,Tokyo
1992,2023-04-01,730.54,Product C,893273,London
4700,2023-04-01,161.47,Product C,892378,Paris
4022,2023-04-01,652.13,Product B,891308,Tokyo
6869,2023-04-01,557.69,Product C,896476,New York
1029,2023-04-01,1153.66,Product B,897635,New York
7781,2023-04-01,647.68,Product A,890308,Paris
4196,2023-04-01,1090.13,Product A,896701,London
7275,2023-04-02,1062.18,Product A,895144,Paris
9821,2023-04-02,558.36,Product D,891352,London
4990,2023-04-02,419.65,Product B,890958,Paris
3880,2023-04-02,625.13,Product A,897546,London
4232,2023-04-02,983.91,Product A,893674,Tokyo
6327,2023-04-02,440.63,Product B,897218,New York
6482,2023-04-02,588.12,Product D,890575,London
5011,2023-04-02,519.75,Product D,893962,Tokyo
1392,2023-04-02,649.9,Product B,893842,London
6850,2023-04-02,779.93,Product C,896539,Paris
4485,2023-04-02,203.86,Product D,897477,Tokyo
6781,2023-04-02,241.1,Product A,896758,New York
8598,2023-04-02,1018.7,Product D,897065,New York
5173,2023-04-02,227.48,Product D,890252,Paris
3878,2023-04-02,920.51,Product A,891048,Tokyo
8179,2023-04-02,297.31,Product C,895839,New York
2072,2023-04-02,148.65,Product A,891575,New York
6077,2023-04-02,574.06,Product C,890697,Paris
9105,2023-04-02,1356.66,Product D,892067,Paris
3463,2023-04-02,525.82,Product A,892674,New York
1011,2023-04-03,581.73,Product C,892727,Paris
8790,2023-04-03,383.01,Product B,892097,Tokyo
4111,2023-04-03,527.89,Product D,892735,New York
9751,2023-04-03,904.92,Product B,895764,Paris
4150,2023-04-03,683.2,Product B,891803,New York
3363,2023-04-03,617.11,Product D,891441,New York
8982,2023-04-03,1181.04,Product C,895243,Paris
7862,2023-04-03,1203.12,Product D,896896,Tokyo
5819,2023-04-03,1236.25,Product D,893637,Tokyo
6669,2023-04-03,246.31,Product D,897727,Tokyo
2011,2023-04-03,199.8,Product B,896866,Paris
7781,2023-04-03,356.23,Product C,890303,Tokyo
6439,2023-04-03,854.86,Product D,894426,London
3485,2023-04-03,489.63,Product B,891080,New York
4770,2023-04-03,447.81,Product B,894832,Tokyo
2527,2023-04-03,751.4,Product D,891732,London
1212,2023-04-03,464.07,Product C,895993,Tokyo
5742,2023-04-03,929.28,Product B,892520,London
9426,2023-04-03,1101.02,Product D,896632,London
5221,2023-04-04,806.18,Product B,897317,New York
7022,2023-04-04,1171.08,Product C,897379,Paris
8609,2023-04-04,600.89,Product C,891570,London
3287,2023-04-04,822.95,Product C,891788,Tokyo
4111,2023-04-04,652.98,Product D,892738,London
1715,2023-04-04,1015.64,Product B,892545,London
5905,2023-04-04,162.7,Product D,897486,New York
3509,2023-04-04,1009.25,Product B,893919,New York
5331,2023-04-04,442.08,Product D,893004,Paris
6582,2023-04-04,717.96,Product D,895615,Tokyo
2417,2023-04-04,702.57,Product B,892241,Paris
9444,2023-04-04,422.45,Product D,893306,London
8859,2023-04-04,163.41,Product B,894397,Tokyo
1120,2023-04-04,1352.05,Product D,894222,Tokyo
3369,2023-04-05,731.02,Product C,893130,London
5051,2023-04-05,517.98,Product B,891464,London
2988,2023-04-05,1068.63,Product C,893895,Paris
7453,2023-04-05,980.31,Product D,893070,Tokyo
6085,2023-04-05,403.94,Product A,891604,Paris
1742,2023-04-05,214.08,Product B,890353,Tokyo
2524,2023-04-05,258.0,Product A,890291,London
7753,2023-04-05,1273.02,Product C,892013,Tokyo
3267,2023-04-05,785.94,Product D,897205,London
9465,2023-04-05,1187.28,Product C,891942,London
1029,2023-04-05,639.03,Product C,897626,Tokyo
6420,2023-04-05,1050.29,Product A,892863,Paris
9363,2023-04-05,515.54,Product C,894072,New York
3858,2023-04-05,295.99,Product A,890947,London
5853,2023-04-05,438.4,Product A,891694,New York
4029,2023-04-05,339.64,Product A,892916,New York
8369,2023-04-05,504.09,Product D,896935,London
4196,2023-04-05,1209.31,Product D,896711,London
4630,2023-04-05,261.18,Product B,892742,London
9621,2023-04-05,131.13,Product C,895329,Tokyo
4291,2023-04-05,584.26,Product A,891536,London
7981,2023-04-06,964.08,Product B,891151,London
3369,2023-04-06,723.39,Product B,893136,London
2658,2023-04-06,921.16,Product C,895890,Paris
6730,2023-04-06,741.2,Product A,892818,Tokyo
2531,2023-04-06,1055.87,Product D,893335,New York
8612,2023-04-06,700.93,Product B,895600,Tokyo
4812,2023-04-06,726.63,Product B,892612,London
1612,2023-04-06,503.81,Product A,895815,Paris
6517,2023-04-06,517.91,Product B,897341,New York
6439,2023-04-06,506.71,Product C,894431,London
6986,2023-04-06,626.03,Product B,894346,New York
5747,2023-04-06,803.53,Product A,896490,Tokyo
2682,2023-04-06,313.87,Product A,893229,Tokyo
7543,2023-04-06,390.75,Product C,892950,London
7666,2023-04-06,317.95,Product B,895078,London
6638,2023-04-06,1012.82,Product A,890166,Paris
5371,2023-04-06,782.41,Product A,891245,London
4387,2023-04-06,1779.05,Product B,895134,New York
8490,2023-04-06,956.77,Product C,890849,New York
4982,2023-04-06,1589.89,Product D,897717,Paris
9426,2023-04-06,1774.27,Product B,896619,Paris
3793,2023-04-06,446.68,Product B,892708,London
4029,2023-04-07,502.44,Product D,892915,New York
2691,2023-04-07,385.73,Product A,895636,London
2988,2023-04-07,1046.26,Product D,893892,Paris
5521,2023-04-07,178.27,Product C,893391,New York
9625,2023-04-07,224.83,Product B,891955,New York
1990,2023-04-07,1539.66,Product B,897681,Tokyo
9369,2023-04-07,168.21,Product C,890928,London
9897,2023-04-07,999.87,Product D,894693,Tokyo
5511,2023-04-07,667.56,Product B,893597,Tokyo
7753,2023-04-07,1259.47,Product B,892010,New York
2617,2023-04-07,1141.71,Product B,890214,New York
5694,2023-04-07,567.31,Product A,893782,Paris
9444,2023-04-07,254.35,Product B,893305,New York
4470,2023-04-07,449.13,Product D,897509,Paris
8001,2023-04-07,488.54,Product D,896839,Tokyo
5087,2023-04-07,1105.53,Product C,890272,Paris
4475,2023-04-07,293.9,Product A,892807,New York
5469,2023-04-07,1481.84,Product B,893613,New York
8273,2023-04-07,1172.3,Product D,896245,Paris
7022,2023-04-07,872.14,Product D,897383,Paris
6411,2023-04-08,143.18,Product D,895696,New York
9897,2023-04-08,1102.67,Product B,894702,New York
5843,2023-04-08,484.37,Product A,892028,New York
5582,2023-04-08,726.66,Product A,896657,Paris
2843,2023-04-08,846.95,Product C,893420,New York
6850,2023-04-08,1272.81,Product D,896550,New York
9267,2023-04-08,613.32,Product B,891188,London
8871,2023-04-08,263.85,Product B,891102,Paris
1372,2023-04-08,582.9,Product C,892459,Paris
4608,2023-04-08,1093.78,Product B,890013,Tokyo
7557,2023-04-08,1771.95,Product B,893827,New York
3463,2023-04-08,426.67,Product B,892676,New York
3926,2023-04-08,841.65,Product A,897272,London
5460,2023-04-08,924.26,Product B,894172,New York
9538,2023-04-08,1157.22,Product A,895342,London
8094,2023-04-08,1530.75,Product D,892623,Tokyo
5664,2023-04-08,441.0,Product D,895219,London
8094,2023-04-08,1050.61,Product D,892635,Tokyo
3384,2023-04-08,812.49,Product D,895879,London
3623,2023-04-08,104.83,Product D,892759,Tokyo
6770,2023-04-08,573.69,Product C,891200,London
4555,2023-04-08,1260.9,Product B,894010,London
4714,2023-04-08,423.42,Product B,896026,Tokyo
7078,2023-04-08,326.14,Product C,895285,New York
5350,2023-04-09,321.73,Product D,895084,Paris
9700,2023-04-09,897.43,Product A,891656,Paris
7445,2023-04-09,512.23,Product A,896071,Tokyo
6898,2023-04-09,660.16,Product D,893724,Tokyo
9584,2023-04-09,382.49,Product D,890317,Tokyo
9514,2023-04-09,668.51,Product D,893745,Tokyo
9443,2023-04-09,350.58,Product C,894650,London
4196,2023-04-09,613.71,Product C,896703,Paris
3406,2023-04-09,1820.22,Product D,890447,London
2940,2023-04-09,1505.18,Product D,894594,New York
2982,2023-04-09,122.16,Product A,891772,New York
7498,2023-04-09,136.81,Product C,897592,London
8105,2023-04-09,115.04,Product A,897306,Tokyo
6869,2023-04-09,571.24,Product B,896483,Paris
6869,2023-04-09,471.66,Product C,896484,Paris
4868,2023-04-09,1558.92,Product B,897016,London
3926,2023-04-09,1084.09,Product B,897278,London
8803,2023-04-09,520.79,Product A,892472,Paris
2988,2023-04-09,978.28,Product A,893901,Paris
6134,2023-04-09,461.73,Product D,895065,London
3832,2023-04-09,337.35,Product D,894087,Paris
7670,2023-04-09,1527.15,Product B,894199,Tokyo
7939,2023-04-09,336.56,Product C,892960,Tokyo
9465,2023-04-09,754.62,Product C,891946,London
9465,2023-04-10,1443.32,Product C,891953,London
9689,2023-04-10,995.3,Product A,896031,Paris
1193,2023-04-10,1417.09,Product C,895404,Paris
3607,2023-04-10,1571.7,Product C,896014,New York
1025,2023-04-10,193.01,Product B,894908,New York
7981,2023-04-10,1221.04,Product B,891160,London
7557,2023-04-10,1623.21,Product A,893825,New York
3578,2023-04-10,584.36,Product D,893032,New York
6770,2023-04-10,290.18,Product A,891198,London
8542,2023-04-10,1016.72,Product A,892894,Paris
2438,2023-04-10,666.46,Product B,895780,London
7770,2023-04-10,359.42,Product D,890409,Paris
7708,2023-04-10,1149.07,Product B,896729,Paris
2296,2023-04-10,882.83,Product C,891280,Tokyo
2195,2023-04-10,715.51,Product C,895585,Tokyo
4762,2023-04-10,1524.59,Product B,891856,New York
5543,2023-04-10,357.91,Product B,896403,Paris
3024,2023-04-10,675.68,Product B,894459,Paris
9120,2023-04-10,156.79,Product D,890367,London
5201,2023-04-10,419.28,Product C,896086,Tokyo
4982,2023-04-11,2008.48,Product C,897715,Tokyo
2843,2023-04-11,719.53,Product A,893412,New York
3676,2023-04-11,960.87,Product C,890356,London
3392,2023-04-11,437.67,Product A,890961,New York
6077,2023-04-11,811.11,Product B,890690,Tokyo
2139,2023-04-11,378.71,Product D,890297,Paris
5706,2023-04-11,527.28,Product B,892552,New York
4943,2023-04-11,474.19,Product D,891514,New York
3937,2023-04-11,447.1,Product D,890799,London
9761,2023-04-11,880.52,Product A,894955,London
4575,2023-04-11,213.85,Product B,893767,Tokyo
8450,2023-04-11,365.97,Product A,897500,London
2404,2023-04-11,1355.93,Product C,896337,London
6172,2023-04-11,281.46,Product B,893388,London
2036,2023-04-11,986.64,Product C,896152,New York
6898,2023-04-11,418.84,Product D,893723,Paris
2035,2023-04-11,593.07,Product D,895012,Tokyo
1323,2023-04-11,226.82,Product B,890456,Paris
4868,2023-04-11,1143.65,Product C,896991,Tokyo
4575,2023-04-11,342.09,Product A,893768,Paris
7256,2023-04-12,362.66,Product C,894140,Tokyo
6267,2023-04-12,599.51,Product C,894867,New York
3852,2023-04-12,619.95,Product D,896521,Paris
2036,2023-04-12,1329.03,Product D,896151,New York
4150,2023-04-12,774.59,Product C,891804,New York
9210,2023-04-12,1015.27,Product C,894162,London
7043,2023-04-12,241.32,Product B,891258,London
3267,2023-04-12,621.41,Product B,897203,London
6829,2023-04-12,1393.05,Product B,894494,New York
8719,2023-04-12,828.47,Product D,890132,Tokyo
2417,2023-04-12,917.76,Product A,892243,Paris
5281,2023-04-12,1093.85,Product D,896963,Tokyo
6898,2023-04-12,618.87,Product D,893722,Tokyo
1878,2023-04-12,292.57,Product B,897235,Paris
3024,2023-04-12,620.42,Product A,894471,Paris
3662,2023-04-12,891.72,Product C,893365,New York
3662,2023-04-12,684.15,Product D,893357,Tokyo
5520,2023-04-12,1224.5,Product A,896284,Tokyo
3871,2023-04-12,982.82,Product D,895033,Tokyo
9105,2023-04-12,866.15,Product A,892076,Paris
6869,2023-04-12,430.97,Product D,896486,Paris
6598,2023-04-12,1681.68,Product B,897569,Tokyo
4727,2023-04-12,520.6,Product C,895929,New York
4909,2023-04-12,490.65,Product B,890395,Paris
3221,2023-04-12,1523.91,Product D,896217,Tokyo
3607,2023-04-12,1029.61,Product B,896021,New York
1029,2023-04-12,1053.19,Product A,897630,New York
4164,2023-04-13,499.36,Product B,891337,New York
5664,2023-04-13,935.02,Product B,895211,London
8879,2023-04-13,1153.08,Product C,894547,New York
7708,2023-04-13,835.96,Product C,896733,Tokyo
9584,2023-04-13,325.62,Product D,890314,Tokyo
5920,2023-04-13,1752.46,Product C,891624,London
9376,2023-04-13,896.1,Product A,894614,London
1193,2023-04-13,1526.33,Product A,895394,Tokyo
3709,2023-04-13,943.84,Product B,890530,Tokyo
9880,2023-04-13,867.5,Product B,896647,London
1120,2023-04-13,1706.39,Product C,894239,New York
6295,2023-04-13,720.63,Product A,897247,Paris
2438,2023-04-13,706.58,Product B,895781,Tokyo
9317,2023-04-13,339.61,Product C,897451,Paris
3230,2023-04-13,953.2,Product D,896312,London
2417,2023-04-13,959.32,Product A,892251,Paris
8803,2023-04-13,562.62,Product B,892475,New York
2036,2023-04-13,1266.4,Product A,896158,London
1519,2023-04-13,183.25,Product B,892299,New York
2419,2023-04-13,228.53,Product A,892050,Tokyo
7291,2023-04-13,534.75,Product C,892804,Tokyo
3578,2023-04-13,859.26,Product C,893025,New York
8450,2023-04-14,423.48,Product B,897499,New York
2765,2023-04-14,321.43,Product B,896252,Tokyo
5221,2023-04-14,574.48,Product D,897314,London
3877,2023-04-14,537.99,Product A,891398,Paris
8483,2023-04-14,524.14,Product C,890057,Tokyo
4157,2023-04-14,432.67,Product C,891004,Paris
3267,2023-04-14,923.94,Product D,897200,Paris
4470,2023-04-14,363.78,Product A,897507,New York
2229,2023-04-14,545.82,Product D,895264,London
7670,2023-04-14,1349.0,Product B,894205,Tokyo
9510,2023-04-14,1165.3,Product A,895494,Paris
2617,2023-04-14,736.13,Product B,890215,New York
9615,2023-04-14,160.18,Product C,894896,New York
1200,2023-04-14,694.63,Product D,893753,New York
4617,2023-04-14,1301.74,Product D,894918,Tokyo
9689,2023-04-14,1679.36,Product C,896034,Paris
9751,2023-04-15,921.52,Product A,895772,Tokyo
6598,2023-04-15,2012.67,Product C,897559,Paris
3399,2023-04-15,981.17,Product D,892277,Paris
2293,2023-04-15,344.44,Product A,894913,London
9954,2023-04-15,882.95,Product A,896132,London
8269,2023-04-15,1748.48,Product B,891136,New York
2679,2023-04-15,412.32,Product B,895458,New York
5747,2023-04-15,579.31,Product B,896499,London
1517,2023-04-15,650.01,Product C,894646,London
5819,2023-04-15,1230.75,Product D,893646,New York
1273,2023-04-15,221.64,Product B,894751,New York
3662,2023-04-15,649.55,Product C,893351,Tokyo
5087,2023-04-15,1264.61,Product A,890263,Tokyo
4675,2023-04-15,745.71,Product C,895928,Tokyo
4555,2023-04-15,952.65,Product D,894024,Tokyo
7453,2023-04-15,927.99,Product D,893071,Tokyo
7606,2023-04-16,1179.36,Product B,893045,London
4812,2023-04-16,692.31,Product C,892599,Tokyo
6400,2023-04-16,1374.12,Product A,895320,Tokyo
1228,2023-04-16,129.32,Product B,891937,New York
4555,2023-04-16,1188.23,Product C,894012,Tokyo
1567,2023-04-16,336.24,Product B,894902,London
1749,2023-04-16,508.03,Product A,892382,New York
1149,2023-04-16,539.96,Product A,891517,New York
3747,2023-04-16,600.1,Product D,895739,London
5471,2023-04-16,524.83,Product D,893552,Paris
4804,2023-04-16,787.44,Product D,891704,Paris
5694,2023-04-16,535.17,Product D,893783,London
6876,2023-04-16,1354.88,Product A,896674,Tokyo
9054,2023-04-17,197.78,Product A,897047,Tokyo
2975,2023-04-17,976.05,Product B,897130,Tokyo
9880,2023-04-17,693.06,Product C,896648,New York
6770,2023-04-17,555.35,Product B,891204,London
1392,2023-04-17,799.16,Product C,893840,London
9129,2023-04-17,323.29,Product C,891075,New York
2847,2023-04-17,450.27,Product A,891766,Paris
9576,2023-04-17,545.02,Product D,892986,Paris
6228,2023-04-17,195.2,Product A,891770,New York
9482,2023-04-17,693.25,Product B,890026,New York
4279,2023-04-17,134.81,Product B,890900,Paris
8542,2023-04-17,920.3,Product B,892906,Tokyo
1502,2023-04-17,535.62,Product D,890608,New York
6478,2023-04-17,265.87,Product B,892786,Paris
6638,2023-04-17,1206.88,Product A,890178,Paris
9595,2023-04-17,307.3,Product A,891504,Paris
5281,2023-04-17,700.61,Product A,896950,New York
6050,2023-04-17,398.44,Product D,893091,London
8429,2023-04-17,687.72,Product B,891039,London
6898,2023-04-17,667.11,Product D,893718,Tokyo
6517,2023-04-17,688.3,Product B,897335,New York
8094,2023-04-17,893.95,Product A,892622,Paris
4401,2023-04-17,579.09,Product A,890383,Paris
4371,2023-04-17,729.66,Product B,892182,New York
1612,2023-04-17,515.39,Product A,895808,Paris
6420,2023-04-17,756.48,Product C,892856,Paris
5106,2023-04-17,407.05,Product B,895473,Tokyo
9907,2023-04-17,133.67,Product A,896470,Tokyo
4154,2023-04-18,482.18,Product B,892598,London
2617,2023-04-18,1027.24,Product C,890216,Tokyo
5105,2023-04-18,406.5,Product A,891447,Tokyo
6876,2023-04-18,1714.12,Product C,896682,London
7708,2023-04-18,795.63,Product B,896720,Paris
9042,2023-04-18,100.84,Product C,890748,Tokyo
6381,2023-04-18,479.02,Product B,896688,Tokyo
7824,2023-04-18,564.86,Product C,894739,New York
2940,2023-04-18,1369.05,Product C,894600,New York
6399,2023-04-18,671.98,Product D,893696,Tokyo
4617,2023-04-18,1713.8,Product C,894930,Tokyo
8542,2023-04-18,1020.1,Product B,892902,Tokyo
7455,2023-04-18,227.62,Product B,894713,London
3230,2023-04-18,700.49,Product C,896302,Paris
9514,2023-04-18,857.58,Product A,893747,Paris
7025,2023-04-18,447.41,Product D,896182,London
4387,2023-04-18,1831.13,Product A,895138,Tokyo
2741,2023-04-18,169.58,Product D,890293,New York
6277,2023-04-18,957.38,Product B,894794,New York
4608,2023-04-18,718.66,Product D,890022,Tokyo
9821,2023-04-18,946.51,Product C,891353,Paris
2417,2023-04-18,1000.42,Product B,892250,Tokyo
7437,2023-04-18,1181.83,Product D,892919,Paris
2970,2023-04-18,468.82,Product D,897723,New York
6829,2023-04-18,1536.24,Product D,894496,New York
5861,2023-04-18,1078.08,Product A,891489,New York
8616,2023-04-18,557.78,Product C,893533,Tokyo
7821,2023-04-18,783.23,Product C,893509,Tokyo
8504,2023-04-18,778.91,Product D,895201,London
6614,2023-04-18,1055.15,Product A,893506,London
3804,2023-04-18,391.12,Product D,895330,London
2658,2023-04-18,1060.16,Product A,895884,Paris
8381,2023-04-18,741.3,Product A,897476,Tokyo
4751,2023-04-18,722.84,Product C,893146,New York
2494,2023-04-19,420.29,Product B,890951,New York
1715,2023-04-19,998.34,Product C,892539,Tokyo
1185,2023-04-19,169.58,Product D,895044,New York
9700,2023-04-19,933.95,Product B,891665,New York
9622,2023-04-19,660.34,Product A,897234,Paris
5009,2023-04-19,172.39,Product B,896066,Tokyo
1721,2023-04-19,665.34,Product C,897019,Paris
6381,2023-04-19,476.13,Product D,896698,New York
5469,2023-04-19,845.34,Product C,893618,New York
1992,2023-04-19,588.71,Product C,893272,London
7753,2023-04-19,1449.6,Product B,892018,Tokyo
6085,2023-04-19,539.03,Product A,891608,Paris
6901,2023-04-19,208.56,Product A,896586,Tokyo
4743,2023-04-19,1202.56,Product D,893472,New York
8982,2023-04-19,796.0,Product A,895232,Paris
9004,2023-04-19,1544.74,Product C,894577,Tokyo
8790,2023-04-19,548.75,Product D,892095,New York
5272,2023-04-19,696.26,Product B,891556,Paris
2791,2023-04-20,463.35,Product A,895425,Paris
2527,2023-04-20,722.77,Product C,891733,New York
8135,2023-04-20,1277.0,Product C,891370,London
2417,2023-04-20,873.34,Product D,892247,Paris
6706,2023-04-20,194.27,Product B,894064,Paris
6644,2023-04-20,649.43,Product B,895520,Paris
5511,2023-04-20,552.74,Product D,893598,Tokyo
8657,2023-04-20,719.81,Product A,896582,Paris
9908,2023-04-20,229.86,Product C,893444,Paris
6303,2023-04-20,562.56,Product A,895858,Tokyo
5809,2023-04-20,179.67,Product D,891551,New York
1715,2023-04-20,1165.88,Product C,892536,Tokyo
8807,2023-04-20,498.13,Product B,892500,London
8429,2023-04-20,1339.16,Product B,891027,Tokyo
2848,2023-04-20,1416.51,Product B,890335,New York
5216,2023-04-20,472.65,Product D,896175,New York
6967,2023-04-20,459.11,Product C,893584,Tokyo
3937,2023-04-21,305.2,Product D,890796,London
1108,2023-04-21,892.41,Product C,894121,New York
3871,2023-04-21,1016.12,Product C,895039,Tokyo
1108,2023-04-21,1892.08,Product C,894129,New York
7022,2023-04-21,913.28,Product C,897378,Paris
3607,2023-04-21,1727.69,Product B,896022,Tokyo
2417,2023-04-21,909.25,Product C,892253,Tokyo
9991,2023-04-21,191.84,Product D,893976,Tokyo
3150,2023-04-21,1016.22,Product C,894285,Tokyo
5494,2023-04-21,537.03,Product A,890201,Paris
1182,2023-04-21,655.38,Product C,894627,Tokyo
9443,2023-04-21,747.57,Product B,894656,London
9465,2023-04-21,1037.84,Product A,891951,London
3634,2023-04-21,455.32,Product D,892779,New York
5994,2023-04-21,349.14,Product D,891116,New York
4751,2023-04-21,866.89,Product A,893161,New York
1273,2023-04-21,277.64,Product A,894750,New York
6869,2023-04-21,301.19,Product C,896482,New York
5687,2023-04-21,1167.6,Product A,897180,Paris
3267,2023-04-22,1011.25,Product A,897204,London
2443,2023-04-22,588.2,Product B,893572,London
4868,2023-04-22,1589.2,Product D,897003,London
1193,2023-04-22,1079.87,Product D,895396,Paris
8579,2023-04-22,1103.92,Product D,891736,London
7883,2023-04-22,1682.57,Product A,893185,Tokyo
8094,2023-04-22,1657.65,Product A,892636,Paris
5488,2023-04-22,168.1,Product C,893096,Paris
3150,2023-04-22,1828.39,Product D,894290,London
3607,2023-04-22,895.05,Product C,896017,New York
3704,2023-04-22,737.39,Product A,896822,New York
6210,2023-04-22,723.9,Product A,896609,Paris
2404,2023-04-22,1340.56,Product A,896332,Tokyo
3878,2023-04-22,1526.62,Product D,891042,Tokyo
3024,2023-04-22,582.11,Product D,894477,Paris
3221,2023-04-22,1058.38,Product D,896210,Tokyo
8242,2023-04-22,173.19,Product C,896161,London
3695,2023-04-22,635.13,Product C,891928,Paris
1225,2023-04-22,262.89,Product A,892697,Tokyo
3793,2023-04-22,523.12,Product D,892714,London
4792,2023-04-23,660.28,Product A,892306,Tokyo
4291,2023-04-23,715.12,Product D,891523,Paris
7078,2023-04-23,174.34,Product D,895287,Paris
5819,2023-04-23,1444.91,Product B,893640,New York
5499,2023-04-23,536.53,Product B,893735,Paris
7955,2023-04-23,797.14,Product A,890631,Paris
9173,2023-04-23,425.84,Product C,893454,Paris
1659,2023-04-23,282.73,Product D,896164,Paris
2617,2023-04-23,1243.49,Product A,890226,New York
8895,2023-04-23,136.08,Product C,892910,Tokyo
4695,2023-04-23,473.96,Product D,891098,Paris
8803,2023-04-23,637.99,Product B,892470,Paris
6570,2023-04-23,808.76,Product D,897608,Paris
6876,2023-04-23,1357.73,Product B,896687,Tokyo
3024,2023-04-23,858.58,Product B,894451,London
2940,2023-04-23,675.99,Product C,894592,Tokyo
4871,2023-04-23,291.34,Product C,890786,Tokyo
3623,2023-04-23,98.35,Product B,892760,Tokyo
5477,2023-04-23,571.17,Product A,895524,Paris
6319,2023-04-23,543.38,Product C,896971,Paris
9747,2023-04-23,1010.65,Product C,892332,New York
1645,2023-04-23,702.81,Product D,892363,London
2531,2023-04-23,957.68,Product D,893338,Tokyo
6570,2023-04-24,542.62,Product C,897609,Tokyo
2531,2023-04-24,1067.73,Product C,893344,New York
4624,2023-04-24,637.37,Product C,897357,Paris
2975,2023-04-24,645.91,Product B,897132,Tokyo
1193,2023-04-24,955.21,Product D,895405,Tokyo
7971,2023-04-24,221.79,Product A,890982,London
1711,2023-04-24,632.33,Product A,895741,Paris
3417,2023-04-24,442.55,Product D,895186,London
4982,2023-04-24,1463.28,Product C,897711,Paris
2869,2023-04-24,378.24,Product D,896738,New York
1323,2023-04-24,389.26,Product C,890455,Tokyo
8879,2023-04-24,939.27,Product D,894545,New York
9508,2023-04-24,623.05,Product D,893927,Tokyo
3280,2023-04-24,859.26,Product A,895045,Tokyo
5990,2023-04-25,349.1,Product C,897343,New York
3280,2023-04-25,728.19,Product C,895050,New York
2847,2023-04-25,465.92,Product A,891757,Paris
8414,2023-04-25,874.43,Product A,890906,Tokyo
8598,2023-04-25,792.03,Product A,897059,London
8161,2023-04-25,139.01,Product C,893267,Paris
8239,2023-04-25,254.76,Product B,890739,Tokyo
7521,2023-04-25,518.5,Product B,892647,London
5670,2023-04-25,792.68,Product C,890080,Tokyo
8450,2023-04-25,536.21,Product A,897492,London
4555,2023-04-25,1038.2,Product C,894021,Tokyo
4562,2023-04-25,839.71,Product C,895821,New York
1331,2023-04-26,198.6,Product C,892763,Tokyo
6277,2023-04-26,1724.92,Product A,894769,Tokyo
5059,2023-04-26,1434.02,Product B,892122,Paris
4751,2023-04-26,972.26,Product B,893158,New York
3607,2023-04-26,961.25,Product D,896020,Tokyo
7445,2023-04-26,611.91,Product C,896072,London
1440,2023-04-26,802.43,Product C,897733,Paris
3223,2023-04-26,326.66,Product A,897293,New York
8399,2023-04-26,341.23,Product A,893778,London
2121,2023-04-26,181.88,Product D,891317,Tokyo
1108,2023-04-26,897.32,Product B,894133,New York
9210,2023-04-26,995.61,Product D,894158,New York
6400,2023-04-26,1218.35,Product D,895309,Paris
9669,2023-04-26,823.05,Product D,891963,New York
4804,2023-04-26,728.91,Product B,891708,New York
1713,2023-04-26,667.88,Product C,894969,Tokyo
7606,2023-04-26,1072.58,Product D,893043,London
2809,2023-04-26,308.0,Product D,890843,Paris
9105,2023-04-26,731.17,Product A,892079,Paris
5861,2023-04-26,1078.6,Product C,891485,Paris
9128,2023-04-26,560.32,Product D,890116,Paris
4555,2023-04-26,972.79,Product B,894022,London
2582,2023-04-26,843.03,Product C,896095,Paris
8362,2023-04-26,880.85,Product A,892292,Tokyo
7955,2023-04-27,494.83,Product C,890627,Tokyo
9084,2023-04-27,102.15,Product A,891820,Tokyo
9571,2023-04-27,650.41,Product C,891405,Tokyo
9821,2023-04-27,668.95,Product B,891360,Paris
8362,2023-04-27,440.21,Product D,892295,London
9452,2023-04-27,548.21,Product D,896984,London
2143,2023-04-27,265.47,Product A,897394,London
9751,2023-04-27,894.59,Product B,895762,Paris
5106,2023-04-27,454.37,Product D,895472,London
7626,2023-04-27,124.87,Product C,895612,Paris
2655,2023-04-27,571.81,Product D,892677,Paris
6221,2023-04-27,293.96,Product D,891923,London
6614,2023-04-27,1045.73,Product B,893501,London
4762,2023-04-27,1580.37,Product D,891854,New York
8982,2023-04-27,1025.01,Product A,895241,New York
6598,2023-04-27,1678.82,Product A,897571,Tokyo
5254,2023-04-28,684.14,Product A,891383,Tokyo
8719,2023-04-28,580.19,Product D,890129,Tokyo
4522,2023-04-28,637.42,Product C,896858,Paris
7862,2023-04-28,1242.59,Product C,896895,Paris
8770,2023-04-28,1279.59,Product D,890558,Tokyo
2988,2023-04-28,1292.4,Product D,893891,New York
9880,2023-04-28,949.61,Product B,896650,New York
7870,2023-04-28,141.65,Product B,891603,New York
6236,2023-04-28,1389.13,Product C,895434,Tokyo
6363,2023-04-28,209.33,Product A,891573,Paris
9700,2023-04-28,735.11,Product B,891660,Paris
2691,2023-04-28,458.78,Product D,895634,London
2617,2023-04-28,598.26,Product D,890228,Tokyo
6345,2023-04-28,622.03,Product B,892656,Tokyo
5920,2023-04-28,1308.51,Product D,891639,Tokyo
9693,2023-04-28,685.37,Product B,894215,London
2988,2023-04-28,666.69,Product D,893893,New York
6898,2023-04-28,453.08,Product C,893716,Tokyo
1803,2023-04-28,327.53,Product B,890772,New York
2658,2023-04-28,1102.61,Product D,895885,London
6614,2023-04-28,1299.31,Product C,893487,Tokyo
6898,2023-04-28,429.41,Product C,893717,Paris
9673,2023-04-28,409.34,Product C,895804,Paris
4817,2023-04-28,602.27,Product A,891898,New York
4291,2023-04-28,923.04,Product B,891532,Paris
7461,2023-04-28,345.09,Product D,890486,Paris
4614,2023-04-29,1249.7,Product D,891994,London
6068,2023-04-29,426.76,Product B,891675,Tokyo
2531,2023-04-29,985.4,Product D,893339,Tokyo
4893,2023-04-29,288.33,Product A,892489,London
9797,2023-04-29,387.52,Product B,896256,Tokyo
9796,2023-04-29,413.49,Product B,891394,London
4371,2023-04-29,1448.57,Product A,892194,London
2617,2023-04-29,852.12,Product B,890229,New York
1372,2023-04-29,586.67,Product A,892451,Tokyo
1500,2023-04-29,727.18,Product A,891886,New York
1509,2023-04-29,301.31,Product B,897598,Tokyo
1530,2023-04-29,889.93,Product C,894815,Tokyo
1182,2023-04-29,450.41,Product A,894623,Tokyo
9561,2023-04-29,650.09,Product C,890940,New York
3878,2023-04-29,1400.56,Product C,891053,Tokyo
8342,2023-04-29,1057.78,Product A,896434,Tokyo
4868,2023-04-29,1119.03,Product D,897009,London
1514,2023-04-29,602.99,Product A,897141,Paris
6096,2023-04-29,1023.61,Product B,890832,Tokyo
3384,2023-04-29,468.14,Product B,895878,London
2911,2023-04-30,601.94,Product C,890970,New York
9482,2023-04-30,1156.66,Product A,890048,New York
3406,2023-04-30,1076.01,Product C,890436,London
8370,2023-04-30,537.51,Product D,895958,Paris
5281,2023-04-30,1242.26,Product D,896946,Tokyo
8598,2023-04-30,1088.03,Product A,897060,New York
1212,2023-04-30,539.62,Product C,895994,New York
8269,2023-04-30,1561.11,Product B,891124,New York
3024,2023-04-30,613.67,Product B,894463,Paris
6582,2023-04-30,933.81,Product D,895618,Tokyo
9674,2023-04-30,1112.53,Product A,892848,New York
1212,2023-04-30,684.32,Product A,895998,New York
4555,2023-04-30,879.88,Product B,893999,Tokyo
1803,2023-04-30,389.46,Product A,890773,London
9266,2023-04-30,1654.39,Product A,895091,Paris
9475,2023-04-30,285.48,Product B,896224,Tokyo
3203,2023-05-01,826.72,Product C,897417,New York
7807,2023-05-01,676.69,Product D,896794,New York
4624,2023-05-01,455.16,Product A,897349,London
3435,2023-05-01,589.09,Product C,893002,Paris
4683,2023-05-01,291.82,Product D,894372,Paris
2747,2023-05-01,714.55,Product B,891827,New York
3150,2023-05-01,1556.96,Product B,894295,London
3173,2023-05-01,734.72,Product A,895683,Tokyo
2077,2023-05-01,402.75,Product B,892496,Paris
3406,2023-05-01,1909.62,Product D,890435,London
3858,2023-05-01,227.65,Product A,890941,Tokyo
4863,2023-05-01,484.45,Product D,894525,New York
7981,2023-05-01,793.73,Product B,891152,London
5521,2023-05-01,266.49,Product D,893394,Paris
2336,2023-05-01,338.96,Product B,892112,New York
8821,2023-05-01,459.98,Product D,893238,New York
3406,2023-05-01,1257.44,Product B,890453,Paris
2121,2023-05-01,295.32,Product A,891320,Paris
6439,2023-05-02,738.61,Product A,894441,London
8625,2023-05-02,401.29,Product C,892397,London
2988,2023-05-02,828.29,Product B,893887,Paris
4022,2023-05-02,618.55,Product D,891301,Tokyo
8803,2023-05-02,315.53,Product D,892476,Paris
1833,2023-05-02,491.33,Product C,896275,Paris
4555,2023-05-02,934.58,Product A,894007,London
4948,2023-05-02,213.66,Product A,897049,New York
8273,2023-05-02,1510.54,Product A,896227,London
1972,2023-05-02,404.57,Product B,894675,Paris
9693,2023-05-02,397.8,Product D,894212,London
8324,2023-05-02,1474.3,Product D,892567,Paris
2263,2023-05-02,167.48,Product B,894188,New York
8909,2023-05-02,184.85,Product C,890789,London
1146,2023-05-02,165.04,Product A,890196,Paris
4052,2023-05-02,355.47,Product D,897535,Tokyo
5477,2023-05-02,570.04,Product C,895532,New York
2669,2023-05-02,495.99,Product D,895565,New York
3420,2023-05-02,300.34,Product C,894746,New York
4562,2023-05-02,720.02,Product D,895830,Tokyo
3695,2023-05-02,498.62,Product D,891932,Paris
3704,2023-05-02,1199.65,Product A,896825,New York
8094,2023-05-02,1510.55,Product A,892629,Paris
9443,2023-05-02,713.53,Product B,894649,Tokyo
7099,2023-05-02,348.42,Product C,893098,Tokyo
8490,2023-05-02,793.86,Product C,890850,Paris
4614,2023-05-02,1008.61,Product B,891983,London
5438,2023-05-03,951.04,Product C,892444,Tokyo
7199,2023-05-03,98.78,Product B,892388,Paris
3832,2023-05-03,303.97,Product B,894088,New York
4743,2023-05-03,833.86,Product A,893467,New York
1439,2023-05-03,265.87,Product C,896943,New York
2296,2023-05-03,1913.93,Product A,891285,London
3399,2023-05-03,1283.34,Product B,892283,Paris
8195,2023-05-03,796.5,Product C,890863,London
6638,2023-05-03,1639.53,Product D,890176,New York
9538,2023-05-03,1154.89,Product B,895347,London
8179,2023-05-03,507.63,Product C,895835,New York
2404,2023-05-03,1206.93,Product D,896334,London
9797,2023-05-03,311.92,Product C,896258,Paris
7275,2023-05-03,1005.63,Product D,895150,Paris
9331,2023-05-03,517.07,Product A,893074,Paris
5843,2023-05-03,499.95,Product D,892032,Paris
9897,2023-05-03,842.16,Product A,894698,New York
2551,2023-05-03,454.86,Product A,893791,London
9374,2023-05-03,431.97,Product D,892055,Paris
5819,2023-05-03,888.38,Product D,893638,New York
3578,2023-05-03,859.67,Product A,893021,New York
5460,2023-05-03,529.9,Product B,894184,New York
9462,2023-05-03,598.39,Product A,897106,Tokyo
9374,2023-05-03,686.46,Product B,892058,London
3724,2023-05-03,195.79,Product D,893447,Paris
2195,2023-05-03,400.25,Product C,895597,Tokyo
5803,2023-05-04,446.64,Product B,896775,London
9918,2023-05-04,358.17,Product A,894634,London
9376,2023-05-04,977.56,Product B,894621,London
6381,2023-05-04,375.38,Product C,896692,New York
2911,2023-05-04,391.76,Product B,890975,New York
9288,2023-05-04,381.6,Product B,892003,London
3399,2023-05-04,1507.17,Product A,892263,London
6420,2023-05-04,560.49,Product A,892868,Paris
4291,2023-05-04,725.15,Product A,891534,London
7955,2023-05-04,964.35,Product B,890628,Tokyo
2562,2023-05-04,509.46,Product A,897399,Tokyo
6053,2023-05-04,394.82,Product B,891979,New York
3150,2023-05-04,975.4,Product D,894296,London
6633,2023-05-04,326.02,Product C,891498,London
8625,2023-05-04,468.74,Product D,892399,New York
4308,2023-05-04,341.35,Product D,896655,New York
1372,2023-05-04,457.61,Product A,892457,Paris
9899,2023-05-04,356.39,Product B,893199,Tokyo
4401,2023-05-04,756.02,Product C,890385,Paris
6850,2023-05-05,1314.55,Product C,896540,New York
6085,2023-05-05,555.93,Product B,891617,Paris
8239,2023-05-05,270.7,Product D,890735,London
7291,2023-05-05,625.96,Product C,892801,Paris
5819,2023-05-05,862.6,Product D,893656,Tokyo
9465,2023-05-05,876.79,Product C,891950,Paris
1612,2023-05-05,730.49,Product C,895813,Paris
4608,2023-05-05,772.29,Product C,890009,Tokyo
5949,2023-05-05,541.86,Product B,893938,London
1659,2023-05-05,380.29,Product C,896168,Paris
4116,2023-05-05,632.65,Product D,894395,New York
8780,2023-05-05,294.91,Product A,896754,Tokyo
3662,2023-05-05,883.49,Product C,893355,Tokyo
1265,2023-05-05,557.02,Product A,892043,Paris
2761,2023-05-05,618.18,Product B,893563,Paris
5861,2023-05-05,956.54,Product D,891493,Paris
2988,2023-05-05,1157.64,Product A,893906,New York
2809,2023-05-05,270.02,Product D,890840,Tokyo
5923,2023-05-05,547.18,Product D,895952,Paris
7043,2023-05-05,163.41,Product C,891257,Paris
5059,2023-05-05,952.61,Product C,892140,Paris
9564,2023-05-05,492.11,Product A,890812,Paris
2562,2023-05-06,448.28,Product D,897398,Paris
4562,2023-05-06,949.84,Product C,895822,New York
1643,2023-05-06,501.47,Product B,894479,Tokyo
5334,2023-05-06,1134.05,Product A,896444,New York
6236,2023-05-06,1435.18,Product A,895446,Tokyo
8595,2023-05-06,533.35,Product C,896897,London
6614,2023-05-06,805.13,Product B,893489,London
7606,2023-05-06,1720.56,Product D,893062,London
7753,2023-05-06,1534.74,Product B,892011,New York
7557,2023-05-06,798.61,Product C,893823,Paris
6517,2023-05-06,557.73,Product B,897339,Tokyo
9950,2023-05-06,449.99,Product C,892880,Tokyo
9210,2023-05-06,571.24,Product C,894147,London
7793,2023-05-06,276.04,Product B,893427,Tokyo
8273,2023-05-06,1412.27,Product D,896225,Paris
2765,2023-05-06,328.61,Product C,896253,Paris
9864,2023-05-06,374.54,Product B,890193,Paris
2809,2023-05-06,260.81,Product D,890841,London
5809,2023-05-06,260.77,Product A,891545,London
6439,2023-05-06,578.6,Product A,894439,New York
8369,2023-05-06,740.65,Product B,896936,London
1715,2023-05-06,1026.88,Product B,892542,Tokyo
6327,2023-05-06,380.18,Product D,897223,Paris
9376,2023-05-07,1101.73,Product C,894617,London
6168,2023-05-07,527.13,Product C,893248,London
9669,2023-05-07,666.85,Product D,891961,Paris
5033,2023-05-07,391.17,Product C,894723,Tokyo
3926,2023-05-07,512.16,Product B,897285,New York
8216,2023-05-07,149.01,Product B,890256,Paris
3634,2023-05-07,433.07,Product A,892769,Tokyo
4817,2023-05-07,669.98,Product B,891900,Paris
4770,2023-05-07,544.18,Product B,894840,New York
7862,2023-05-07,1066.42,Product D,896891,Paris
3174,2023-05-07,190.47,Product B,891881,New York
8094,2023-05-07,1277.07,Product A,892632,Tokyo
6439,2023-05-07,831.96,Product D,894435,London
8657,2023-05-07,503.63,Product C,896566,Tokyo
2425,2023-05-07,464.19,Product A,893117,London
7018,2023-05-07,734.69,Product B,897517,New York
2035,2023-05-07,743.9,Product D,895008,Tokyo
6298,2023-05-07,182.64,Product D,895501,London
9622,2023-05-07,476.47,Product C,897233,Paris
3527,2023-05-07,118.12,Product C,891243,Paris
6077,2023-05-07,793.2,Product B,890715,Tokyo
1514,2023-05-07,837.99,Product A,897151,Paris
6598,2023-05-07,1666.95,Product B,897578,Paris
5520,2023-05-07,1114.61,Product D,896290,London
1011,2023-05-07,924.29,Product C,892728,Tokyo
8657,2023-05-07,819.19,Product B,896569,Tokyo
9897,2023-05-08,554.21,Product A,894691,New York
9328,2023-05-08,621.44,Product B,893257,London
8317,2023-05-08,350.48,Product C,890064,New York
9740,2023-05-08,1323.48,Product B,890641,London
1530,2023-05-08,1131.21,Product C,894824,Tokyo
1108,2023-05-08,1020.93,Product D,894124,London
5861,2023-05-08,861.98,Product D,891486,Paris
6399,2023-05-08,922.57,Product C,893686,New York
9510,2023-05-08,863.77,Product D,895492,Paris
6303,2023-05-08,398.59,Product D,895866,New York
7723,2023-05-08,328.48,Product B,894246,London
3223,2023-05-08,594.26,Product B,897294,New York
4190,2023-05-08,152.48,Product D,890208,Tokyo
9105,2023-05-08,1432.52,Product B,892071,Paris
2194,2023-05-08,506.29,Product C,896423,Tokyo
8418,2023-05-08,106.05,Product D,892062,Tokyo
6876,2023-05-08,1496.5,Product A,896671,Tokyo
1108,2023-05-08,2006.85,Product A,894116,New York
8685,2023-05-08,1002.71,Product B,893632,Paris
8993,2023-05-08,161.29,Product D,890074,London
8126,2023-05-08,230.87,Product D,894308,New York
9622,2023-05-08,446.15,Product A,897228,London
5114,2023-05-08,246.68,Product D,897431,London
9128,2023-05-09,679.42,Product D,890113,Paris
3150,2023-05-09,1264.45,Product C,894294,London
5254,2023-05-09,412.62,Product D,891384,London
6644,2023-05-09,1001.27,Product B,895518,Tokyo
7865,2023-05-09,783.39,Product A,894408,Paris
2843,2023-05-09,1059.98,Product C,893422,London
3607,2023-05-09,1504.01,Product D,896012,New York
3463,2023-05-09,517.75,Product D,892671,London
9418,2023-05-09,679.52,Product B,890894,New York
9561,2023-05-09,579.1,Product C,890938,New York
6661,2023-05-09,378.47,Product D,894756,Paris
3110,2023-05-09,104.43,Product D,890742,London
4982,2023-05-09,1695.53,Product D,897698,Tokyo
6598,2023-05-09,1679.71,Product A,897570,Paris
3906,2023-05-09,345.74,Product C,893766,Paris
6277,2023-05-10,1606.03,Product D,894770,Tokyo
6400,2023-05-10,1797.55,Product C,895324,Paris
6638,2023-05-10,865.24,Product B,890172,New York
4804,2023-05-10,913.0,Product C,891706,New York
4743,2023-05-10,768.82,Product A,893483,New York
7730,2023-05-10,118.66,Product A,894843,London
6582,2023-05-10,814.39,Product D,895623,London
5747,2023-05-10,820.18,Product B,896501,London
7781,2023-05-10,645.02,Product A,890310,Paris
8579,2023-05-10,1304.56,Product A,891743,London
9266,2023-05-10,1328.99,Product B,895096,Tokyo
8269,2023-05-10,1374.73,Product C,891127,Paris
5051,2023-05-10,597.21,Product A,891465,London
7807,2023-05-10,866.36,Product B,896778,Paris
8195,2023-05-11,520.56,Product B,890869,London
6482,2023-05-11,456.57,Product A,890578,London
6482,2023-05-11,752.04,Product C,890577,London
8770,2023-05-11,1173.13,Product C,890552,London
8094,2023-05-11,1769.94,Product C,892630,Tokyo
9442,2023-05-11,303.85,Product D,892532,London
1464,2023-05-11,830.75,Product B,890654,New York
1643,2023-05-11,515.33,Product B,894481,New York
5920,2023-05-11,1572.38,Product C,891645,London
2702,2023-05-11,338.98,Product D,891481,New York
2617,2023-05-11,1102.77,Product C,890225,Tokyo
5673,2023-05-11,112.52,Product C,893558,Tokyo
4022,2023-05-11,620.66,Product B,891302,Paris
3024,2023-05-11,1037.24,Product B,894475,Paris
2035,2023-05-11,1350.95,Product B,895024,Tokyo
3945,2023-05-11,1050.66,Product D,896384,Paris
5905,2023-05-11,148.76,Product B,897489,London
6876,2023-05-11,1466.15,Product B,896676,Tokyo
9465,2023-05-11,1412.07,Product A,891939,Paris
4675,2023-05-11,835.29,Product A,895916,Tokyo
5819,2023-05-11,1341.91,Product B,893659,New York
7770,2023-05-11,289.15,Product D,890412,Paris
7862,2023-05-11,1473.47,Product A,896876,Tokyo
7708,2023-05-11,650.12,Product B,896728,Paris
8609,2023-05-11,774.26,Product B,891567,London
3871,2023-05-12,1371.55,Product C,895029,Paris
1715,2023-05-12,933.14,Product D,892548,Tokyo
6447,2023-05-12,98.86,Product B,890984,New York
6303,2023-05-12,422.05,Product B,895854,New York
6236,2023-05-12,1037.42,Product B,895435,Tokyo
6638,2023-05-12,1605.71,Product A,890167,New York
9115,2023-05-12,215.93,Product D,890198,Tokyo
5938,2023-05-12,707.35,Product D,897646,London
3747,2023-05-12,466.5,Product C,895736,London
9044,2023-05-12,326.15,Product C,894686,New York
2438,2023-05-12,862.06,Product B,895779,Tokyo
2195,2023-05-12,418.06,Product B,895588,Tokyo
7862,2023-05-13,1251.07,Product A,896888,Tokyo
8414,2023-05-13,973.56,Product C,890913,Tokyo
6582,2023-05-13,924.83,Product A,895622,Tokyo
3846,2023-05-13,494.0,Product A,891424,Paris
3267,2023-05-13,626.0,Product C,897206,London
3535,2023-05-13,435.49,Product C,895294,Paris
6327,2023-05-13,505.41,Product B,897216,New York
2010,2023-05-13,139.87,Product B,896801,New York
8001,2023-05-13,480.0,Product A,896838,New York
4022,2023-05-13,667.75,Product B,891303,Paris
5216,2023-05-13,486.05,Product A,896174,London
8370,2023-05-13,801.62,Product C,895959,Paris
3937,2023-05-13,284.84,Product B,890803,New York
9054,2023-05-13,200.1,Product C,897042,London
3926,2023-05-13,525.49,Product D,897286,New York
1108,2023-05-13,1582.36,Product C,894135,New York
2582,2023-05-13,505.56,Product D,896100,London
4150,2023-05-13,513.9,Product A,891798,Paris
9841,2023-05-13,737.32,Product D,891689,Paris
2982,2023-05-13,71.53,Product A,891773,Tokyo
4157,2023-05-13,692.72,Product D,891002,London
3709,2023-05-13,1486.6,Product C,890523,New York
2702,2023-05-14,442.94,Product A,891480,Paris
3747,2023-05-14,548.98,Product D,895729,London
6267,2023-05-14,421.27,Product D,894873,New York
4562,2023-05-14,847.67,Product D,895823,New York
4765,2023-05-14,577.43,Product A,893222,Tokyo
4863,2023-05-14,610.88,Product D,894519,Tokyo
8803,2023-05-14,638.23,Product C,892479,New York
9465,2023-05-14,1116.45,Product D,891952,London
8001,2023-05-14,976.6,Product A,896833,Tokyo
4450,2023-05-14,244.59,Product D,891259,Tokyo
3871,2023-05-14,778.97,Product A,895040,Tokyo
3676,2023-05-14,659.54,Product C,890362,Tokyo
4624,2023-05-14,643.65,Product D,897352,London
7821,2023-05-15,1182.9,Product D,893517,Tokyo
2200,2023-05-15,170.77,Product D,890462,New York
8145,2023-05-15,139.45,Product D,892164,Tokyo
4371,2023-05-15,1215.0,Product B,892183,London
1879,2023-05-15,112.23,Product C,890792,Paris
3832,2023-05-15,277.99,Product D,894093,New York
6818,2023-05-15,160.32,Product D,896770,London
3938,2023-05-15,287.8,Product A,891594,Paris
2695,2023-05-15,108.59,Product B,896646,London
6399,2023-05-15,1194.61,Product A,893702,New York
7286,2023-05-15,157.79,Product C,893553,New York
6876,2023-05-15,1413.72,Product D,896678,London
8579,2023-05-15,1824.36,Product C,891748,Tokyo
7606,2023-05-15,1332.85,Product B,893049,Paris
8504,2023-05-16,484.31,Product D,895209,London
1685,2023-05-16,369.81,Product C,894857,Paris
1502,2023-05-16,528.07,Product A,890607,New York
7563,2023-05-16,398.46,Product C,892955,Tokyo
2502,2023-05-16,868.46,Product D,897589,Tokyo
9105,2023-05-16,1187.32,Product B,892086,Paris
1108,2023-05-16,1069.24,Product A,894123,New York
7018,2023-05-16,525.0,Product B,897513,New York
2337,2023-05-16,868.82,Product C,892975,Tokyo
1108,2023-05-16,1313.67,Product B,894120,New York
2337,2023-05-16,486.2,Product B,892979,Tokyo
8195,2023-05-16,590.09,Product A,890875,London
5215,2023-05-16,449.62,Product C,895642,Paris
7288,2023-05-16,328.39,Product D,896126,Paris
5923,2023-05-16,531.28,Product B,895949,Tokyo
1645,2023-05-16,938.73,Product C,892366,London
8178,2023-05-16,304.93,Product A,891325,New York
4371,2023-05-16,685.86,Product A,892199,New York
4022,2023-05-16,790.88,Product A,891298,Paris
9510,2023-05-16,1646.49,Product B,895495,New York
8362,2023-05-16,865.28,Product C,892287,Tokyo
5438,2023-05-16,1649.0,Product A,892433,London
7437,2023-05-16,865.23,Product B,892923,London
6439,2023-05-16,686.95,Product C,894424,London
3267,2023-05-16,569.05,Product B,897191,Paris
4555,2023-05-16,1221.69,Product A,894002,London
3804,2023-05-17,421.43,Product A,895333,London
2988,2023-05-17,711.81,Product D,893894,New York
4111,2023-05-17,336.17,Product C,892737,New York
7146,2023-05-17,549.74,Product C,893738,London
3607,2023-05-17,1400.36,Product A,896018,New York
5809,2023-05-17,146.81,Product B,891547,Paris
8254,2023-05-17,507.5,Product C,893209,New York
5371,2023-05-17,923.81,Product D,891255,London
6096,2023-05-17,1019.74,Product B,890836,Paris
8210,2023-05-17,402.06,Product C,892825,Paris
2391,2023-05-17,198.6,Product B,897328,New York
3538,2023-05-17,441.62,Product D,890585,Paris
1514,2023-05-17,671.34,Product D,897164,Tokyo
2063,2023-05-17,866.73,Product D,894417,New York
1753,2023-05-17,908.2,Product B,890538,Tokyo
8269,2023-05-17,1977.94,Product A,891126,New York
9761,2023-05-17,1599.45,Product A,894962,Paris
8269,2023-05-17,1327.76,Product A,891131,New York
3120,2023-05-17,168.98,Product A,894877,Tokyo
8123,2023-05-17,181.16,Product C,891146,London
7670,2023-05-17,916.95,Product B,894200,Tokyo
3221,2023-05-17,1822.83,Product B,896215,Tokyo
8758,2023-05-17,600.17,Product B,895251,Tokyo
2848,2023-05-17,1359.69,Product D,890343,New York
9821,2023-05-17,956.89,Product D,891358,Paris
3463,2023-05-17,600.06,Product C,892668,London
4727,2023-05-17,709.42,Product D,895932,Paris
7455,2023-05-17,313.95,Product D,894714,Paris
7793,2023-05-17,406.38,Product C,893430,London
7434,2023-05-17,375.39,Product D,894102,New York
3267,2023-05-18,929.68,Product D,897195,Paris
3230,2023-05-18,925.95,Product C,896315,London
3871,2023-05-18,1568.55,Product A,895030,Tokyo
2655,2023-05-18,702.86,Product D,892685,New York
2229,2023-05-18,405.21,Product C,895262,Paris
2975,2023-05-18,1143.64,Product A,897124,Paris
7807,2023-05-18,1197.59,Product D,896779,New York
8821,2023-05-18,251.41,Product A,893236,London
7418,2023-05-18,633.57,Product A,892318,London
4913,2023-05-18,293.33,Product C,897076,Tokyo
3221,2023-05-18,906.64,Product C,896214,Tokyo
2011,2023-05-18,331.27,Product D,896867,Tokyo
3173,2023-05-18,411.82,Product C,895690,Tokyo
3535,2023-05-18,720.88,Product B,895305,Paris
6638,2023-05-18,995.67,Product C,890159,Paris
2624,2023-05-18,311.91,Product D,896531,New York
6829,2023-05-18,1584.17,Product C,894502,New York
2153,2023-05-18,518.37,Product A,896844,Paris
7862,2023-05-18,1552.42,Product B,896892,Paris
9462,2023-05-18,341.13,Product A,897104,Paris
6399,2023-05-18,722.92,Product B,893710,Tokyo
6829,2023-05-18,1515.57,Product C,894503,New York
2658,2023-05-18,1474.67,Product B,895887,London
7669,2023-05-18,217.71,Product D,891478,London
4279,2023-05-18,149.4,Product D,890902,Tokyo
3399,2023-05-18,1338.54,Product C,892261,Paris
2336,2023-05-18,456.89,Product A,892119,London
4517,2023-05-18,478.76,Product A,897443,New York
1502,2023-05-19,579.45,Product C,890611,London
9841,2023-05-19,971.17,Product D,891691,Paris
4555,2023-05-19,589.82,Product B,894019,London
7981,2023-05-19,960.16,Product D,891168,London
7981,2023-05-19,1366.53,Product B,891162,Paris
8370,2023-05-19,904.55,Product A,895980,London
2036,2023-05-19,1031.64,Product C,896141,New York
5470,2023-05-19,338.64,Product D,891419,New York
4196,2023-05-19,690.08,Product C,896704,London
6934,2023-05-19,442.94,Product B,894986,London
1992,2023-05-19,604.21,Product C,893277,London
3793,2023-05-19,594.31,Product C,892707,Paris
1230,2023-05-19,730.59,Product C,897408,New York
4765,2023-05-19,621.99,Product C,893225,Tokyo
4943,2023-05-19,368.46,Product C,891506,New York
3114,2023-05-19,79.8,Product A,893556,Paris
9747,2023-05-19,962.58,Product C,892334,New York
2679,2023-05-19,313.0,Product D,895460,New York
5469,2023-05-19,1235.58,Product D,893604,Paris
4762,2023-05-19,1311.36,Product A,891840,Tokyo
4157,2023-05-19,308.0,Product B,891010,Paris
9129,2023-05-19,537.26,Product C,891073,New York
9307,2023-05-20,259.44,Product D,893106,Paris
5460,2023-05-20,1079.13,Product B,894178,New York
8504,2023-05-20,798.6,Product D,895208,Paris
2847,2023-05-20,384.31,Product A,891764,Tokyo
5583,2023-05-20,177.74,Product C,890210,London
9680,2023-05-20,495.89,Product A,891876,Paris
1305,2023-05-20,444.17,Product A,897067,Paris
1440,2023-05-20,619.98,Product C,897739,Tokyo
6293,2023-05-20,611.24,Product B,891107,Tokyo
1166,2023-05-20,465.57,Product C,894328,Tokyo
9700,2023-05-20,1071.71,Product A,891654,Paris
8598,2023-05-20,950.72,Product A,897061,London
9564,2023-05-20,496.51,Product D,890813,Tokyo
7708,2023-05-20,632.9,Product B,896735,Paris
4743,2023-05-20,676.0,Product B,893482,New York
4943,2023-05-20,643.89,Product C,891512,Tokyo
6614,2023-05-20,718.22,Product C,893503,Tokyo
2036,2023-05-20,1037.4,Product A,896160,London
4868,2023-05-20,1201.49,Product C,897013,London
8450,2023-05-20,687.93,Product C,897498,London
3435,2023-05-20,301.25,Product D,893003,Paris
2462,2023-05-20,150.99,Product D,891456,Tokyo
2124,2023-05-20,1502.51,Product A,896357,Tokyo
4555,2023-05-20,975.03,Product C,894025,London
7981,2023-05-20,1131.73,Product B,891176,Paris
7862,2023-05-20,1631.17,Product D,896871,Tokyo
7606,2023-05-20,1621.71,Product B,893061,London
5254,2023-05-20,423.6,Product A,891388,Tokyo
5051,2023-05-20,820.3,Product A,891459,London
3024,2023-05-20,548.37,Product C,894458,Paris
7018,2023-05-21,694.41,Product B,897518,New York
6822,2023-05-21,394.94,Product C,894974,Paris
4617,2023-05-21,1651.08,Product B,894928,Tokyo
4892,2023-05-21,449.46,Product C,894257,London
2101,2023-05-21,181.51,Product B,891790,London
9115,2023-05-21,153.96,Product A,890197,Tokyo
8579,2023-05-21,964.6,Product A,891739,London
9669,2023-05-21,815.2,Product B,891962,Paris
5920,2023-05-21,1295.0,Product D,891623,London
8381,2023-05-21,1036.94,Product D,897470,Tokyo
6499,2023-05-21,984.86,Product D,895121,London
3607,2023-05-21,1042.1,Product C,896009,New York
6071,2023-05-21,693.58,Product D,895723,Paris
4614,2023-05-21,1922.03,Product A,891993,London
3709,2023-05-21,1478.5,Product D,890518,New York
1392,2023-05-22,835.92,Product A,893846,London
9907,2023-05-22,261.88,Product B,896474,London
7484,2023-05-22,536.44,Product D,890992,Tokyo
4614,2023-05-22,1650.69,Product B,891998,London
4751,2023-05-22,552.38,Product A,893155,Paris
9880,2023-05-22,998.59,Product C,896652,London
7753,2023-05-22,873.32,Product B,892017,New York
3275,2023-05-22,114.42,Product B,891771,New York
1653,2023-05-22,219.21,Product D,895383,Tokyo
1207,2023-05-22,350.82,Product C,897082,Tokyo
7606,2023-05-22,970.65,Product B,893048,Paris
6898,2023-05-22,723.3,Product A,893719,Paris
5272,2023-05-22,453.52,Product A,891555,Paris
3937,2023-05-22,614.54,Product C,890804,New York
9210,2023-05-22,539.54,Product C,894168,London
7865,2023-05-22,369.55,Product B,894410,London
9954,2023-05-22,492.84,Product C,896131,London
7865,2023-05-23,515.57,Product D,894407,London
4982,2023-05-23,1852.5,Product A,897705,Paris
5938,2023-05-23,1190.18,Product A,897654,New York
5837,2023-05-23,465.53,Product A,890100,New York
1520,2023-05-23,523.82,Product A,890128,New York
4022,2023-05-23,433.15,Product C,891311,Paris
7670,2023-05-23,1928.78,Product B,894193,Paris
3140,2023-05-23,744.63,Product D,893955,Paris
5331,2023-05-23,881.98,Product B,893005,Paris
5334,2023-05-23,1424.02,Product C,896457,Paris
5469,2023-05-23,1639.73,Product C,893616,New York
2975,2023-05-23,822.07,Product C,897116,Tokyo
4614,2023-05-23,1360.47,Product B,891984,Tokyo
6742,2023-05-23,311.51,Product D,891921,Paris
6634,2023-05-23,514.78,Product B,892225,Paris
4913,2023-05-23,337.14,Product B,897073,London
6210,2023-05-23,754.55,Product D,896597,New York
1200,2023-05-23,685.36,Product A,893757,New York
9609,2023-05-23,213.66,Product A,893233,Tokyo
8201,2023-05-23,123.48,Product C,893315,New York
2296,2023-05-23,1489.51,Product D,891270,Tokyo
6644,2023-05-23,760.23,Product A,895512,Paris
6644,2023-05-23,510.77,Product B,895521,Paris
9680,2023-05-23,373.8,Product A,891875,New York
9022,2023-05-23,514.61,Product C,892348,London
2975,2023-05-23,1006.66,Product B,897120,Paris
7025,2023-05-23,487.21,Product B,896185,New York
7670,2023-05-23,1066.85,Product B,894191,Tokyo
4090,2023-05-24,199.95,Product C,895574,London
4675,2023-05-24,1078.17,Product A,895923,Tokyo
4196,2023-05-24,1253.84,Product D,896702,London
9751,2023-05-24,1052.82,Product A,895770,Tokyo
5920,2023-05-24,1329.91,Product B,891641,London
6638,2023-05-24,1250.09,Product A,890180,Paris
2438,2023-05-24,975.69,Product D,895776,Tokyo
7437,2023-05-24,1376.85,Product C,892925,Paris
4792,2023-05-24,507.76,Product B,892304,Paris
4048,2023-05-24,97.9,Product B,894095,Paris
3607,2023-05-24,1367.45,Product D,896010,Tokyo
6172,2023-05-24,524.49,Product A,893383,New York
5179,2023-05-24,427.68,Product C,896365,New York
6303,2023-05-24,291.72,Product D,895862,Tokyo
4562,2023-05-24,865.43,Product D,895820,Tokyo
5890,2023-05-24,175.27,Product C,895392,New York
6295,2023-05-24,794.37,Product C,897262,Paris
9108,2023-05-24,218.81,Product B,894758,London
4982,2023-05-24,1358.96,Product B,897701,Paris
1653,2023-05-24,290.55,Product C,895382,London
6210,2023-05-24,1215.54,Product B,896608,Paris
4762,2023-05-24,1430.71,Product B,891861,New York
9740,2023-05-24,1053.58,Product B,890638,London
7084,2023-05-25,298.0,Product A,896363,Tokyo
4371,2023-05-25,1359.51,Product A,892200,New York
4762,2023-05-25,1543.21,Product C,891855,New York
2911,2023-05-25,765.96,Product A,890976,London
9689,2023-05-25,1588.83,Product A,896049,Paris
5450,2023-05-25,370.72,Product C,891014,Paris
7322,2023-05-25,229.0,Product D,891982,New York
8368,2023-05-25,290.28,Product B,891978,Paris
9625,2023-05-25,393.77,Product D,891954,Tokyo
9991,2023-05-25,213.37,Product A,893977,Paris
2263,2023-05-25,132.43,Product B,894190,New York
5557,2023-05-25,271.46,Product A,890467,New York
7955,2023-05-25,892.82,Product D,890613,Tokyo
9311,2023-05-25,372.67,Product A,896914,Tokyo
4131,2023-05-25,780.41,Product D,892227,London
4617,2023-05-25,1314.49,Product D,894939,Tokyo
8414,2023-05-25,950.53,Product C,890907,Tokyo
6582,2023-05-25,947.69,Product D,895627,Tokyo
8616,2023-05-25,578.51,Product C,893539,Tokyo
9008,2023-05-25,1794.29,Product C,890669,Tokyo
2035,2023-05-25,1193.23,Product A,895009,Paris
6400,2023-05-25,825.5,Product D,895312,Tokyo
7862,2023-05-26,891.36,Product A,896879,Tokyo
5920,2023-05-26,1340.04,Product D,891631,London
5833,2023-05-26,155.74,Product B,893095,London
8292,2023-05-26,395.29,Product B,890636,Tokyo
4878,2023-05-26,169.73,Product A,897092,New York
7342,2023-05-26,315.48,Product C,896767,Tokyo
6644,2023-05-26,1011.38,Product D,895515,Tokyo
1323,2023-05-26,303.54,Product D,890458,London
8895,2023-05-26,272.62,Product D,892909,New York
5285,2023-05-26,603.2,Product B,895070,Tokyo
4154,2023-05-26,591.68,Product A,892595,London
4371,2023-05-26,1290.33,Product A,892207,London
8490,2023-05-26,478.24,Product B,890855,Paris
9510,2023-05-26,1051.32,Product D,895488,New York
1990,2023-05-26,830.29,Product A,897679,Paris
1721,2023-05-26,540.65,Product B,897024,Paris
7785,2023-05-26,387.6,Product C,892149,Paris
4131,2023-05-26,856.16,Product A,892232,New York
6411,2023-05-26,155.12,Product A,895698,New York
4751,2023-05-26,506.99,Product C,893165,Paris
7543,2023-05-26,398.37,Product B,892948,New York
4450,2023-05-27,303.84,Product C,891262,New York
5254,2023-05-27,541.15,Product A,891387,Tokyo
7797,2023-05-27,546.16,Product D,890425,Tokyo
5438,2023-05-27,1274.37,Product B,892421,London
5706,2023-05-27,419.76,Product C,892554,New York
2902,2023-05-27,487.46,Product C,890767,Paris
7955,2023-05-27,501.32,Product B,890614,Paris
6096,2023-05-27,1012.47,Product B,890839,Paris
1990,2023-05-27,1469.72,Product B,897673,Tokyo
2041,2023-05-27,1584.13,Product B,894052,London
7563,2023-05-27,546.36,Product B,892957,Paris
3203,2023-05-27,865.8,Product C,897428,New York
9105,2023-05-27,1090.64,Product A,892091,London
4555,2023-05-27,1109.06,Product A,894020,Tokyo
6077,2023-05-27,1002.31,Product D,890711,Paris
1715,2023-05-27,767.46,Product D,892544,Tokyo
2879,2023-05-27,620.45,Product D,895366,London
5747,2023-05-28,657.93,Product C,896494,Tokyo
2404,2023-05-28,1967.47,Product D,896343,London
1960,2023-05-28,316.8,Product C,897603,Paris
6319,2023-05-28,524.02,Product B,896976,London
7296,2023-05-28,373.88,Product B,897481,Tokyo
8368,2023-05-28,258.68,Product B,891975,Paris
6542,2023-05-28,214.23,Product D,894281,Paris
2869,2023-05-28,610.7,Product C,896737,London
5938,2023-05-28,911.34,Product A,897658,London
4944,2023-05-28,537.85,Product A,891588,Tokyo
9954,2023-05-28,928.02,Product A,896133,New York
1514,2023-05-28,569.21,Product B,897161,Tokyo
7342,2023-05-28,441.48,Product D,896764,New York
9105,2023-05-28,1397.96,Product A,892072,London
8982,2023-05-28,885.89,Product C,895238,Paris
6236,2023-05-28,1438.93,Product A,895431,London
6934,2023-05-28,369.68,Product A,894987,New York
9918,2023-05-28,219.57,Product C,894637,Paris
8625,2023-05-28,567.63,Product A,892396,New York
2848,2023-05-28,1364.71,Product A,890330,New York
2747,2023-05-28,766.27,Product B,891824,New York
1049,2023-05-29,236.49,Product C,896111,London
4022,2023-05-29,791.77,Product A,891309,Tokyo
6542,2023-05-29,385.79,Product C,894282,Paris
9331,2023-05-29,467.44,Product C,893079,Paris
5281,2023-05-29,1342.21,Product A,896955,Tokyo
6277,2023-05-29,1266.39,Product C,894781,New York
4695,2023-05-29,288.79,Product C,891093,New York
7418,2023-05-29,721.59,Product B,892314,London
4052,2023-05-29,534.71,Product C,897533,New York
4559,2023-05-29,588.24,Product C,890720,Tokyo
8719,2023-05-29,480.11,Product B,890131,Tokyo
8598,2023-05-29,1016.81,Product D,897056,London
6850,2023-05-29,1260.1,Product C,896537,Paris
2444,2023-05-29,354.65,Product B,890505,Paris
5543,2023-05-29,319.55,Product A,896402,Tokyo
3399,2023-05-29,1489.1,Product C,892271,Paris
7997,2023-05-29,318.15,Product B,897362,New York
8381,2023-05-29,1019.87,Product C,897474,Paris
8982,2023-05-29,803.56,Product A,895233,New York
6400,2023-05-29,1714.16,Product D,895322,Paris
6168,2023-05-29,710.16,Product C,893242,New York
6598,2023-05-29,1136.04,Product D,897576,Tokyo
9426,2023-05-29,1026.01,Product C,896620,Paris
1919,2023-05-30,430.84,Product D,892345,New York
8924,2023-05-30,149.13,Product D,895750,Paris
5444,2023-05-30,104.64,Product B,896715,Tokyo
3573,2023-05-30,152.27,Product C,890370,Tokyo
4762,2023-05-30,1370.88,Product B,891848,New York
6420,2023-05-30,1161.1,Product C,892871,New York
6638,2023-05-30,919.69,Product A,890181,New York
1972,2023-05-30,540.73,Product D,894677,Paris
5938,2023-05-30,752.16,Product A,897663,New York
2869,2023-05-30,423.17,Product A,896741,New York
9673,2023-05-30,801.1,Product C,895799,London
2843,2023-05-30,1033.19,Product D,893404,New York
6873,2023-05-30,210.01,Product D,894270,London
2911,2023-05-30,673.29,Product A,890967,London
6295,2023-05-30,936.13,Product A,897263,Tokyo
3877,2023-05-30,616.78,Product C,891397,London
4683,2023-05-30,506.66,Product B,894370,Tokyo
6816,2023-05-30,782.89,Product D,891218,Tokyo
2041,2023-05-30,998.48,Product C,894028,Tokyo
5564,2023-05-30,260.08,Product D,897096,Tokyo
8195,2023-05-30,510.38,Product C,890870,London
9452,2023-05-31,420.51,Product A,896988,New York
9537,2023-05-31,175.81,Product C,891184,Tokyo
7981,2023-05-31,1250.18,Product B,891163,Paris
1500,2023-05-31,680.75,Product B,891888,London
3369,2023-05-31,395.57,Product A,893132,Tokyo
2310,2023-05-31,87.86,Product A,893874,New York
7151,2023-05-31,203.94,Product D,891264,Paris
2988,2023-05-31,1286.2,Product C,893902,Paris
1713,2023-05-31,333.83,Product D,894970,Tokyo
7275,2023-05-31,1189.81,Product D,895154,Paris
4371,2023-05-31,1318.79,Product D,892186,New York
7606,2023-05-31,954.93,Product B,893041,Paris
8195,2023-05-31,876.87,Product B,890867,New York
4893,2023-05-31,380.77,Product B,892487,Paris
2669,2023-05-31,829.33,Product B,895563,New York
3735,2023-05-31,405.18,Product B,892996,Paris
7807,2023-05-31,1143.15,Product A,896788,Paris
8879,2023-05-31,1692.25,Product A,894550,New York
5512,2023-06-01,626.51,Product A,893329,New York
4470,2023-06-01,416.66,Product B,897506,Paris
4052,2023-06-01,564.09,Product A,897534,New York
5949,2023-06-01,416.57,Product B,893939,London
2767,2023-06-01,275.06,Product C,890105,Tokyo
4166,2023-06-01,366.26,Product C,891671,Paris
5747,2023-06-01,1022.85,Product B,896495,Tokyo
3509,2023-06-01,616.68,Product A,893922,New York
1265,2023-06-01,384.8,Product C,892042,London
4555,2023-06-01,1253.96,Product C,894001,London
2975,2023-06-01,738.0,Product B,897131,Paris
2975,2023-06-01,743.76,Product D,897133,Tokyo
3945,2023-06-01,1182.98,Product D,896370,Tokyo
9538,2023-06-01,746.8,Product D,895343,Tokyo
4555,2023-06-01,1001.4,Product A,894009,London
8803,2023-06-01,697.07,Product C,892478,New York
9680,2023-06-01,367.56,Product B,891874,New York
4271,2023-06-01,199.91,Product B,890745,New York
5371,2023-06-01,913.59,Product C,891246,Tokyo
5920,2023-06-01,908.9,Product A,891637,London
5215,2023-06-01,363.41,Product D,895641,Paris
7455,2023-06-02,345.06,Product D,894715,New York
4232,2023-06-02,1863.82,Product B,893680,New York
4630,2023-06-02,281.68,Product A,892747,Paris
4555,2023-06-02,1172.9,Product D,894014,London
5051,2023-06-02,510.47,Product C,891469,London
3024,2023-06-02,1131.93,Product B,894456,Paris
2988,2023-06-02,1073.85,Product C,893888,Paris
6582,2023-06-02,995.11,Product C,895613,London
1520,2023-06-02,326.28,Product B,890127,New York
9689,2023-06-02,1667.1,Product D,896052,London
8490,2023-06-02,671.59,Product A,890853,New York
4116,2023-06-02,646.14,Product B,894389,New York
4616,2023-06-02,478.23,Product A,894797,Paris
6829,2023-06-02,1741.73,Product B,894490,New York
8542,2023-06-02,682.4,Product D,892889,Paris
2468,2023-06-02,261.23,Product B,892832,London
1256,2023-06-02,154.34,Product C,891544,New York
8625,2023-06-02,716.15,Product B,892398,London
9880,2023-06-03,884.34,Product B,896653,London
6885,2023-06-03,161.13,Product B,896113,London
9317,2023-06-03,467.22,Product C,897454,New York
8982,2023-06-03,995.75,Product A,895249,New York
8622,2023-06-03,332.19,Product B,897393,London
9510,2023-06-03,1046.89,Product D,895493,New York
1990,2023-06-03,1419.43,Product D,897682,Tokyo
7670,2023-06-03,1119.87,Product B,894194,Tokyo
7437,2023-06-03,1181.77,Product C,892917,London
2133,2023-06-03,162.42,Product C,896179,New York
1891,2023-06-03,856.24,Product A,896922,Tokyo
2658,2023-06-03,1136.32,Product A,895883,London
4387,2023-06-03,1128.69,Product C,895132,New York
6967,2023-06-03,354.64,Product D,893581,London
3406,2023-06-03,1060.98,Product C,890445,London
5781,2023-06-03,75.27,Product A,893486,Paris
2557,2023-06-03,206.16,Product B,892556,Tokyo
2551,2023-06-03,515.74,Product B,893795,Paris
7670,2023-06-03,1410.46,Product C,894192,Tokyo
4555,2023-06-04,936.33,Product B,894011,London
5687,2023-06-04,1364.85,Product B,897181,Tokyo
5438,2023-06-04,1150.17,Product A,892440,Tokyo
4185,2023-06-04,488.06,Product A,895702,New York
6898,2023-06-04,694.16,Product C,893715,Paris
4990,2023-06-04,462.65,Product C,890953,New York
9669,2023-06-04,758.61,Product D,891960,Paris
9482,2023-06-04,670.07,Product B,890025,New York
1924,2023-06-04,173.42,Product D,891019,Tokyo
9622,2023-06-04,568.5,Product B,897225,London
1392,2023-06-04,922.49,Product A,893855,New York
9044,2023-06-04,457.14,Product B,894689,New York
1136,2023-06-04,596.88,Product B,890590,Tokyo
5520,2023-06-04,1337.32,Product B,896278,London
7209,2023-06-04,496.83,Product B,892782,Paris
4617,2023-06-04,1685.01,Product A,894924,Tokyo
7981,2023-06-04,949.44,Product A,891170,London
9880,2023-06-04,682.07,Product A,896649,London
9751,2023-06-04,772.1,Product B,895755,Tokyo
4196,2023-06-04,919.23,Product A,896713,Paris
7291,2023-06-05,573.15,Product A,892806,Paris
3384,2023-06-05,512.4,Product B,895881,London
8342,2023-06-05,815.31,Product D,896437,Tokyo
2940,2023-06-05,1053.13,Product A,894601,Tokyo
6873,2023-06-05,180.42,Product B,894271,Paris
2296,2023-06-05,1797.94,Product D,891268,Tokyo
6068,2023-06-05,551.78,Product C,891672,New York
5511,2023-06-05,630.04,Product A,893596,Tokyo
3807,2023-06-05,320.96,Product C,890732,Tokyo
6742,2023-06-05,423.69,Product D,891920,Tokyo
5903,2023-06-05,435.51,Product C,892507,Tokyo
5706,2023-06-05,298.8,Product D,892553,New York
6236,2023-06-05,792.3,Product C,895430,Tokyo
1392,2023-06-05,708.69,Product A,893844,London
1990,2023-06-05,1128.16,Product A,897680,Paris
6071,2023-06-05,744.99,Product D,895719,Paris
1440,2023-06-05,895.81,Product D,897732,Paris
7669,2023-06-05,99.71,Product C,891476,Paris
8001,2023-06-05,507.17,Product C,896840,Tokyo
8622,2023-06-06,600.87,Product C,897389,London
7997,2023-06-06,566.85,Product A,897364,New York
5687,2023-06-06,1475.55,Product D,897182,Paris
6277,2023-06-06,896.11,Product C,894774,New York
6345,2023-06-06,422.67,Product C,892660,Paris
5460,2023-06-06,472.46,Product C,894174,New York
3308,2023-06-06,78.33,Product C,890824,London
7735,2023-06-06,134.95,Product A,893925,Paris
6816,2023-06-06,787.82,Product D,891226,Tokyo
6876,2023-06-06,1270.45,Product D,896666,London
7862,2023-06-06,1743.78,Product D,896882,Tokyo
3662,2023-06-06,1050.64,Product A,893370,New York
5747,2023-06-06,890.79,Product A,896497,London
6210,2023-06-06,685.99,Product D,896594,New York
6770,2023-06-06,516.55,Product C,891199,London
4751,2023-06-06,895.58,Product B,893149,New York
5059,2023-06-06,1086.81,Product A,892120,Paris
6816,2023-06-06,1321.05,Product A,891208,Tokyo
1992,2023-06-06,851.51,Product C,893279,Tokyo
8342,2023-06-06,1162.67,Product C,896429,Tokyo
7606,2023-06-06,1298.93,Product B,893040,London
2761,2023-06-06,773.82,Product B,893565,Paris
6210,2023-06-07,1033.55,Product B,896603,Paris
5920,2023-06-07,1056.32,Product C,891642,London
7296,2023-06-07,254.21,Product D,897484,Tokyo
4196,2023-06-07,591.03,Product B,896707,Paris
6068,2023-06-07,542.97,Product B,891677,Tokyo
7770,2023-06-07,545.63,Product A,890413,Paris
4817,2023-06-07,519.55,Product D,891896,Paris
2882,2023-06-07,174.71,Product C,896259,New York
9173,2023-06-07,603.23,Product A,893453,New York
6876,2023-06-07,1150.38,Product B,896683,Tokyo
4232,2023-06-07,1278.94,Product D,893673,Tokyo
6277,2023-06-07,1029.97,Product A,894780,Tokyo
3871,2023-06-07,1162.08,Product D,895037,Paris
3945,2023-06-07,1092.05,Product A,896377,Tokyo
8616,2023-06-07,615.4,Product B,893532,Tokyo
6517,2023-06-07,910.2,Product A,897340,Tokyo
3509,2023-06-07,1067.33,Product D,893920,Paris
8871,2023-06-07,208.97,Product C,891105,New York
4750,2023-06-07,118.27,Product D,895387,London
1372,2023-06-07,611.87,Product D,892461,Paris
4788,2023-06-07,255.74,Product B,893122,Tokyo
8195,2023-06-07,1011.02,Product C,890882,London
2438,2023-06-08,481.17,Product D,895785,London
7025,2023-06-08,458.4,Product C,896184,Paris
9042,2023-06-08,186.9,Product A,890749,New York
7563,2023-06-08,280.54,Product D,892956,Paris
4054,2023-06-08,673.28,Product D,891428,London
7211,2023-06-08,134.28,Product A,895503,Paris
7797,2023-06-08,463.43,Product B,890419,London
6319,2023-06-08,676.02,Product C,896980,Paris
8429,2023-06-08,772.63,Product C,891033,London
1200,2023-06-08,677.55,Product A,893754,Tokyo
3399,2023-06-08,1649.39,Product B,892269,Paris
9785,2023-06-08,177.31,Product D,892699,Paris
2524,2023-06-08,488.13,Product B,890289,London
4052,2023-06-08,522.16,Product C,897530,Tokyo
4150,2023-06-08,481.56,Product D,891807,New York
4982,2023-06-08,1491.71,Product D,897713,Tokyo
5460,2023-06-09,838.43,Product C,894177,Tokyo
9004,2023-06-09,976.98,Product A,894569,London
5558,2023-06-09,546.88,Product D,896198,Paris
4743,2023-06-09,1122.44,Product B,893473,New York
2296,2023-06-09,1629.02,Product C,891277,London
3983,2023-06-09,108.64,Product A,894863,London
4510,2023-06-09,931.21,Product B,894377,Tokyo
9622,2023-06-09,373.08,Product D,897226,Paris
2975,2023-06-09,991.7,Product A,897138,Tokyo
4387,2023-06-09,1580.73,Product A,895127,Tokyo
9582,2023-06-09,571.29,Product D,897441,New York
5747,2023-06-09,936.11,Product D,896488,London
7437,2023-06-09,954.26,Product C,892922,London
3852,2023-06-09,609.62,Product C,896520,Paris
1212,2023-06-09,315.63,Product B,895996,Tokyo
3148,2023-06-09,247.7,Product D,894657,London
5923,2023-06-09,383.54,Product A,895950,Tokyo
8094,2023-06-09,926.28,Product C,892640,Tokyo
3230,2023-06-09,720.51,Product C,896305,Paris
9537,2023-06-09,333.2,Product D,891185,Tokyo
9482,2023-06-10,817.26,Product A,890030,New York
2658,2023-06-10,1317.28,Product B,895893,Paris
4982,2023-06-10,1532.4,Product B,897708,Tokyo
6345,2023-06-10,432.5,Product B,892659,Tokyo
8342,2023-06-10,1031.92,Product A,896428,London
8542,2023-06-10,1023.78,Product C,892908,Paris
9954,2023-06-10,456.86,Product B,896139,New York
3502,2023-06-10,71.91,Product B,893590,London
2843,2023-06-10,993.28,Product D,893416,London
3509,2023-06-10,1127.11,Product C,893908,Paris
7717,2023-06-10,141.61,Product C,897214,London
7807,2023-06-10,1093.37,Product D,896781,Paris
9266,2023-06-10,1976.1,Product A,895092,Tokyo
1612,2023-06-10,853.22,Product C,895810,Paris
7883,2023-06-10,1623.5,Product B,893189,New York
2404,2023-06-10,1521.03,Product D,896328,Tokyo
6077,2023-06-10,1006.32,Product D,890713,Tokyo
1341,2023-06-10,273.83,Product C,892526,New York
8195,2023-06-10,923.12,Product A,890862,London
5742,2023-06-10,540.23,Product C,892514,New York
8758,2023-06-10,474.93,Product C,895259,New York
